retailer,timestamp,category,gender,brand,name,reference_variant,ean,current_price,regular_price,msrp_price,currency,availability,url
Tennis-Point,2026-07-15 19:14:22,rackets,unisex,Dunlop,CX 200 Tour 16x19 Turnierschläger,L2,045566180841,165.95,269.99,,€,in_stock,https://www.tennis-point.de/products/dunlop-cx-200-tour-16x19-turnierschlaeger-01606602343000?_pos=237&_fid=85c741593&_ss=c
Tennis-Point,2026-07-15 19:14:22,rackets,unisex,Dunlop,CX 200 Tour 16x19 Turnierschläger,L3,045566180858,165.95,269.99,,€,in_stock,https://www.tennis-point.de/products/dunlop-cx-200-tour-16x19-turnierschlaeger-01606602343000?_pos=237&_fid=85c741593&_ss=c
Tennis-Point,2026-07-15 19:14:58,rackets,unisex,Dunlop,SX 300 Tour Turnierschläger,L2,0045566182616,156.95,249.99,,€,in_stock,https://www.tennis-point.de/products/dunlop-sx-300-tour-turnierschlaeger-01607502366000?_pos=233&_fid=85c741593&_ss=c
Tennis-Point,2026-07-15 19:14:58,rackets,unisex,Dunlop,SX 300 Tour Turnierschläger,L3,0045566182623,156.95,249.99,,€,in_stock,https://www.tennis-point.de/products/dunlop-sx-300-tour-turnierschlaeger-01607502366000?_pos=233&_fid=85c741593&_ss=c
Tennis-Point,2026-07-15 19:15:05,rackets,unisex,Dunlop,SX 300 Turnierschläger,L2,0045566182654,155.95,239.99,,€,in_stock,https://www.tennis-point.de/products/dunlop-sx-300-turnierschlaeger-01607502367000?_pos=232&_fid=85c741593&_ss=c
Tennis-Point,2026-07-15 19:15:05,rackets,unisex,Dunlop,SX 300 Turnierschläger,L3,0045566182661,155.95,239.99,,€,in_stock,https://www.tennis-point.de/products/dunlop-sx-300-turnierschlaeger-01607502367000?_pos=232&_fid=85c741593&_ss=c
Tennis-Point,2026-07-15 19:15:14,rackets,unisex,Head,Boom MP Orlinski Limited Edition Turnierschläger,L2,0198772007461,178.95,260.0,,€,out_of_stock,https://www.tennis-point.de/products/head-boom-mp-orlinski-limited-edition-turnierschlaeger-00606904498000?_pos=231&_fid=85c741593&_ss=c
Tennis-Point,2026-07-15 19:15:14,rackets,unisex,Head,Boom MP Orlinski Limited Edition Turnierschläger,L3,0198772007478,178.95,260.0,,€,in_stock,https://www.tennis-point.de/products/head-boom-mp-orlinski-limited-edition-turnierschlaeger-00606904498000?_pos=231&_fid=85c741593&_ss=c
Tennis-Point,2026-07-15 19:15:20,rackets,unisex,Wilson,Shift 99L V1 Turnierschläger,L2,00097512962506,139.95,250.0,,€,in_stock,https://www.tennis-point.de/products/wilson-shift-99l-v1-turnierschlaeger-00707004260000?_pos=230&_fid=85c741593&_ss=c
Tennis-Point,2026-07-15 19:15:20,rackets,unisex,Wilson,Shift 99L V1 Turnierschläger,L3,00097512962513,139.95,250.0,,€,in_stock,https://www.tennis-point.de/products/wilson-shift-99l-v1-turnierschlaeger-00707004260000?_pos=230&_fid=85c741593&_ss=c
Tennis-Point,2026-07-15 19:15:31,rackets,unisex,Yonex,VCORE 95 (2023) Turnierschläger,L2,4550468409205,193.95,299.9,,€,in_stock,https://www.tennis-point.de/products/yonex-vcore-95-2023-turnierschlaeger-01906201900000?_pos=229&_fid=85c741593&_ss=c
Tennis-Point,2026-07-15 19:15:31,rackets,unisex,Yonex,VCORE 95 (2023) Turnierschläger,L3,4550468409212,193.95,299.9,,€,in_stock,https://www.tennis-point.de/products/yonex-vcore-95-2023-turnierschlaeger-01906201900000?_pos=229&_fid=85c741593&_ss=c
Tennis-Point,2026-07-15 19:15:37,rackets,unisex,Wilson,Blade Feel 105 RXT Allroundschläger unbesaitet,L2,00097512939478,69.95,85.0,,€,in_stock,https://www.tennis-point.de/products/wilson-blade-feel-105-rxt-allroundschlaeger-unbesaitet-00707604311000?_pos=228&_fid=85c741593&_ss=c
Tennis-Point,2026-07-15 19:15:37,rackets,unisex,Wilson,Blade Feel 105 RXT Allroundschläger unbesaitet,L3,00097512939461,69.95,85.0,,€,in_stock,https://www.tennis-point.de/products/wilson-blade-feel-105-rxt-allroundschlaeger-unbesaitet-00707604311000?_pos=228&_fid=85c741593&_ss=c
Tennis-Point,2026-07-15 19:15:52,rackets,unisex,Wilson,Shift 99 V1 Session Soire RG 2025 Turnierschläger,L2,097512892100,169.95,270.0,,€,in_stock,https://www.tennis-point.de/products/wilson-shift-99-v1-session-soire-rg-2025-turnierschlaeger-00707004255000?_pos=226&_fid=85c741593&_ss=c
Tennis-Point,2026-07-15 19:15:52,rackets,unisex,Wilson,Shift 99 V1 Session Soire RG 2025 Turnierschläger,L3,097512892094,169.95,270.0,,€,in_stock,https://www.tennis-point.de/products/wilson-shift-99-v1-session-soire-rg-2025-turnierschlaeger-00707004255000?_pos=226&_fid=85c741593&_ss=c
Tennis-Point,2026-07-15 19:16:09,rackets,unisex,Dunlop,SX 300 Turnierschläger,L2,0045566184702,139.95,239.99,,€,in_stock,https://www.tennis-point.de/products/dunlop-sx-300-turnierschlaeger-01607002406000?_pos=224&_fid=85c741593&_ss=c
Tennis-Point,2026-07-15 19:16:09,rackets,unisex,Dunlop,SX 300 Turnierschläger,L3,0045566184719,139.95,239.99,,€,in_stock,https://www.tennis-point.de/products/dunlop-sx-300-turnierschlaeger-01607002406000?_pos=224&_fid=85c741593&_ss=c
Tennis-Point,2026-07-15 19:16:18,rackets,unisex,Head,Gravity Team 2025 Turnierschläger,L2,726423385806,172.95,250.0,,€,in_stock,https://www.tennis-point.de/products/head-gravity-team-2025-turnierschlaeger-00607504512000?_pos=223&_fid=85c741593&_ss=c
Tennis-Point,2026-07-15 19:16:18,rackets,unisex,Head,Gravity Team 2025 Turnierschläger,L3,726423385813,172.95,250.0,,€,in_stock,https://www.tennis-point.de/products/head-gravity-team-2025-turnierschlaeger-00607504512000?_pos=223&_fid=85c741593&_ss=c
Tennis-Point,2026-07-15 19:16:32,rackets,unisex,Wilson,Clash 100 Pro V3.0 Reverse Turnierschläger unbesaitet,L2,199073010891,185.95,250.0,,€,in_stock,https://www.tennis-point.de/products/wilson-clash-100-pro-v30-reverse-turnierschlaeger-unbesaitet-00707604323000?_pos=221&_fid=85c741593&_ss=c
Tennis-Point,2026-07-15 19:16:32,rackets,unisex,Wilson,Clash 100 Pro V3.0 Reverse Turnierschläger unbesaitet,L3,199073010907,185.95,250.0,,€,in_stock,https://www.tennis-point.de/products/wilson-clash-100-pro-v30-reverse-turnierschlaeger-unbesaitet-00707604323000?_pos=221&_fid=85c741593&_ss=c
Tennis-Point,2026-07-15 19:16:43,rackets,unisex,Wilson,Six LV Komfortschläger unbesaitet,L2,0097512648363,79.95,150.0,,€,in_stock,https://www.tennis-point.de/products/wilson-six-lv-komfortschlaeger-unbesaitet-00706203896000?_pos=220&_fid=85c741593&_ss=c
Tennis-Point,2026-07-15 19:16:43,rackets,unisex,Wilson,Six LV Komfortschläger unbesaitet,L3,0097512648394,79.95,150.0,,€,in_stock,https://www.tennis-point.de/products/wilson-six-lv-komfortschlaeger-unbesaitet-00706203896000?_pos=220&_fid=85c741593&_ss=c
Tennis-Point,2026-07-15 19:16:52,rackets,unisex,Wilson,Blade 98 16X19 V9 US Open Turnierschläger,L2,0097512932202,206.95,280.0,,€,in_stock,https://www.tennis-point.de/products/wilson-blade-98-16x19-v9-us-open-turnierschlaeger-00707104261000?_pos=219&_fid=85c741593&_ss=c
Tennis-Point,2026-07-15 19:16:52,rackets,unisex,Wilson,Blade 98 16X19 V9 US Open Turnierschläger,L3,0097512932172,206.95,280.0,,€,in_stock,https://www.tennis-point.de/products/wilson-blade-98-16x19-v9-us-open-turnierschlaeger-00707104261000?_pos=219&_fid=85c741593&_ss=c
Tennis-Point,2026-07-15 19:17:09,rackets,unisex,Wilson,Blade Feel 100 Allroundschläger unbesaitet,L2,00097512939546,89.95,130.0,,€,in_stock,https://www.tennis-point.de/products/wilson-blade-feel-100-allroundschlaeger-unbesaitet-00707604310000?_pos=217&_fid=85c741593&_ss=c
Tennis-Point,2026-07-15 19:17:09,rackets,unisex,Wilson,Blade Feel 100 Allroundschläger unbesaitet,L3,00097512939539,89.95,130.0,,€,in_stock,https://www.tennis-point.de/products/wilson-blade-feel-100-allroundschlaeger-unbesaitet-00707604310000?_pos=217&_fid=85c741593&_ss=c
Tennis-Point,2026-07-15 19:17:20,rackets,unisex,Wilson,Ultra Tour 98 V5 Turnierschläger unbesaitet,L2,00097512929479,199.95,250.0,,€,in_stock,https://www.tennis-point.de/products/wilson-ultra-tour-98-v5-turnierschlaeger-unbesaitet-00707604287000?_pos=216&_fid=85c741593&_ss=c
Tennis-Point,2026-07-15 19:17:20,rackets,unisex,Wilson,Ultra Tour 98 V5 Turnierschläger unbesaitet,L3,00097512929493,199.95,250.0,,€,in_stock,https://www.tennis-point.de/products/wilson-ultra-tour-98-v5-turnierschlaeger-unbesaitet-00707604287000?_pos=216&_fid=85c741593&_ss=c
Tennis-Point,2026-07-15 19:17:27,rackets,unisex,Head,Prestige Tour 2023 Turnierschläger,L2,724794924242,208.95,300.0,,€,out_of_stock,https://www.tennis-point.de/products/head-prestige-tour-2023-turnierschlaeger-00606404319000?_pos=215&_fid=85c741593&_ss=c
Tennis-Point,2026-07-15 19:17:27,rackets,unisex,Head,Prestige Tour 2023 Turnierschläger,L3,724794924259,208.95,300.0,,€,in_stock,https://www.tennis-point.de/products/head-prestige-tour-2023-turnierschlaeger-00606404319000?_pos=215&_fid=85c741593&_ss=c
Tennis-Point,2026-07-15 19:17:36,rackets,unisex,Wilson,Pro Staff Precision 103 Allroundschläger,L2,00097512850575,79.95,110.0,,€,in_stock,https://www.tennis-point.de/products/wilson-pro-staff-precision-103-allroundschlaeger-00707504168000?_pos=214&_fid=85c741593&_ss=c
Tennis-Point,2026-07-15 19:17:36,rackets,unisex,Wilson,Pro Staff Precision 103 Allroundschläger,L3,00097512850551,79.95,110.0,,€,in_stock,https://www.tennis-point.de/products/wilson-pro-staff-precision-103-allroundschlaeger-00707504168000?_pos=214&_fid=85c741593&_ss=c
Tennis-Point,2026-07-15 19:17:44,rackets,unisex,Head,Prestige Pro 2023 Turnierschläger,L2,724794924143,257.95,320.0,,€,out_of_stock,https://www.tennis-point.de/products/head-prestige-pro-2023-turnierschlaeger-00606404318000?_pos=213&_fid=85c741593&_ss=c
Tennis-Point,2026-07-15 19:17:44,rackets,unisex,Head,Prestige Pro 2023 Turnierschläger,L3,724794924150,257.95,320.0,,€,in_stock,https://www.tennis-point.de/products/head-prestige-pro-2023-turnierschlaeger-00606404318000?_pos=213&_fid=85c741593&_ss=c
Tennis-Point,2026-07-15 19:18:04,rackets,unisex,Wilson,Blade Feel 103 Team Allroundschläger unbesaitet,L2,00097512939454,61.95,70.0,,€,in_stock,https://www.tennis-point.de/products/wilson-blade-feel-103-team-allroundschlaeger-unbesaitet-00707604312000?_pos=211&_fid=85c741593&_ss=c
Tennis-Point,2026-07-15 19:18:04,rackets,unisex,Wilson,Blade Feel 103 Team Allroundschläger unbesaitet,L3,00097512939430,61.95,70.0,,€,in_stock,https://www.tennis-point.de/products/wilson-blade-feel-103-team-allroundschlaeger-unbesaitet-00707604312000?_pos=211&_fid=85c741593&_ss=c
Tennis-Point,2026-07-15 19:18:12,rackets,unisex,Wilson,Envy SE Allroundschläger unbesaitet,L2,00097512964203,89.95,150.0,,€,in_stock,https://www.tennis-point.de/products/wilson-envy-se-allroundschlaeger-unbesaitet-00707604313000?_pos=210&_fid=85c741593&_ss=c
Tennis-Point,2026-07-15 19:18:12,rackets,unisex,Wilson,Envy SE Allroundschläger unbesaitet,L3,00097512964197,89.95,150.0,,€,in_stock,https://www.tennis-point.de/products/wilson-envy-se-allroundschlaeger-unbesaitet-00707604313000?_pos=210&_fid=85c741593&_ss=c
Tennis-Point,2026-07-15 19:18:21,rackets,unisex,Wilson,Roland Garros Team TNS Allroundschläger unbesaitet,L2,00097512933438,112.95,150.0,,€,in_stock,https://www.tennis-point.de/products/wilson-roland-garros-team-tns-allroundschlaeger-unbesaitet-00707604302000?_pos=209&_fid=85c741593&_ss=c
Tennis-Point,2026-07-15 19:18:21,rackets,unisex,Wilson,Roland Garros Team TNS Allroundschläger unbesaitet,L3,00097512933445,112.95,150.0,,€,in_stock,https://www.tennis-point.de/products/wilson-roland-garros-team-tns-allroundschlaeger-unbesaitet-00707604302000?_pos=209&_fid=85c741593&_ss=c
Tennis-Point,2026-07-15 19:18:31,rackets,unisex,Head,Radical MP 18X20 2025 Turnierschläger,L2,0198772015848,244.95,279.95,,€,in_stock,https://www.tennis-point.de/products/head-radical-mp-18x20-2025-turnierschlaeger-00607504565000?_pos=208&_fid=85c741593&_ss=c
Tennis-Point,2026-07-15 19:18:31,rackets,unisex,Head,Radical MP 18X20 2025 Turnierschläger,L3,0198772015855,244.95,279.95,,€,in_stock,https://www.tennis-point.de/products/head-radical-mp-18x20-2025-turnierschlaeger-00607504565000?_pos=208&_fid=85c741593&_ss=c
Tennis-Point,2026-07-15 19:18:41,rackets,unisex,Head,Boom MP Neon 2025 Turnierschläger,L2,198772103576,129.95,260.0,,€,out_of_stock,https://www.tennis-point.de/products/head-boom-mp-neon-2025-turnierschlaeger-00607004575000?_pos=207&_fid=85c741593&_ss=c
Tennis-Point,2026-07-15 19:18:41,rackets,unisex,Head,Boom MP Neon 2025 Turnierschläger,L3,198772103583,129.95,260.0,,€,in_stock,https://www.tennis-point.de/products/head-boom-mp-neon-2025-turnierschlaeger-00607004575000?_pos=207&_fid=85c741593&_ss=c
Tennis-Point,2026-07-15 19:18:58,rackets,unisex,Head,Graphene 360+ Radical Pro (2021) Turnierschläger unbesaitet,L2,724794047323,109.95,270.0,,€,out_of_stock,https://www.tennis-point.de/products/head-graphene-360-radical-pro-2021-turnierschlaeger-unbesaitet-00605403999000?_pos=205&_fid=85c741593&_ss=c
Tennis-Point,2026-07-15 19:18:58,rackets,unisex,Head,Graphene 360+ Radical Pro (2021) Turnierschläger unbesaitet,L3,724794047330,109.95,270.0,,€,out_of_stock,https://www.tennis-point.de/products/head-graphene-360-radical-pro-2021-turnierschlaeger-unbesaitet-00605403999000?_pos=205&_fid=85c741593&_ss=c
Tennis-Point,2026-07-15 19:20:11,shoes,women,Head,"Revolt Pro 5.0  Sandplatzschuh Damen-weiß, apricot",EU 39,0198772063672,94.95,160.0,,€,out_of_stock,https://www.tennis-point.de/products/head-revolt-pro-50-sandplatzschuh-damen-weiss-apricot-p0000004231601
Tennis-Point,2026-07-15 19:20:31,shoes,women,K-Swiss,"Express Light 3 Sandplatzschuh Damen - schwarz, silber",EU 39,196483943870,69.95,119.99,,€,in_stock,https://www.tennis-point.de/products/k-swiss-express-light-3-sandplatzschuh-damen-schwarz-silber-a0000004301201
Tennis-Point,2026-07-15 19:21:25,shoes,women,Head,"Revolt Court 5.0  Allcourtschuh Damen-weiß, blau",EU 39,0198772064877,59.95,85.0,,€,out_of_stock,https://www.tennis-point.de/products/head-revolt-court-50-allcourtschuh-damen-weiss-blau-p0000004220701
Tennis-Point,2026-07-15 19:22:11,shoes,women,K-Swiss,Court Express Sandplatzschuh Damen-Schwarz,EU 39,0196483144529,39.95,89.99,,€,in_stock,https://www.tennis-point.de/products/k-swiss-court-express-sandplatzschuh-damen-schwarz-01416202236000
Tennis-Point,2026-07-15 19:24:39,rackets,unisex,Wilson,Pro Staff Precision 100 Allroundschläger,L2,00097512850612,106.95,130.0,,€,out_of_stock,https://www.tennis-point.de/products/wilson-pro-staff-precision-100-allroundschlaeger-00707504167000?_pos=202&_fid=b739fd413&_ss=c
Tennis-Point,2026-07-15 19:24:39,rackets,unisex,Wilson,Pro Staff Precision 100 Allroundschläger,L3,00097512850582,106.95,130.0,,€,in_stock,https://www.tennis-point.de/products/wilson-pro-staff-precision-100-allroundschlaeger-00707504167000?_pos=202&_fid=b739fd413&_ss=c
Tennis-Point,2026-07-15 19:24:48,rackets,unisex,Wilson,Clash 98 Pro V2.0 Turnierschläger,L2,00097512598392,129.95,270.0,,€,out_of_stock,https://www.tennis-point.de/products/wilson-clash-98-pro-v20-turnierschlaeger-00705503742000?_pos=201&_fid=b739fd413&_ss=c
Tennis-Point,2026-07-15 19:24:48,rackets,unisex,Wilson,Clash 98 Pro V2.0 Turnierschläger,L3,00097512598408,129.95,270.0,,€,in_stock,https://www.tennis-point.de/products/wilson-clash-98-pro-v20-turnierschlaeger-00705503742000?_pos=201&_fid=b739fd413&_ss=c
Tennis-Point,2026-07-15 19:25:14,rackets,unisex,Dunlop,SX 300 Lite Turnierschläger unbesaitet,L2,0045566184788,129.95,209.99,,€,in_stock,https://www.tennis-point.de/products/dunlop-sx-300-lite-turnierschlaeger-unbesaitet-01607002408000?_pos=198&_fid=b739fd413&_ss=c
Tennis-Point,2026-07-15 19:25:14,rackets,unisex,Dunlop,SX 300 Lite Turnierschläger unbesaitet,L3,0045566184795,129.95,209.99,,€,in_stock,https://www.tennis-point.de/products/dunlop-sx-300-lite-turnierschlaeger-unbesaitet-01607002408000?_pos=198&_fid=b739fd413&_ss=c
Tennis-Point,2026-07-15 19:25:30,rackets,unisex,Dunlop,FX 500 Superlite Allroundschläger,L2,045566185181,156.95,209.99,,€,in_stock,https://www.tennis-point.de/products/dunlop-fx-500-superlite-allroundschlaeger-p0000001521201?_pos=196&_fid=b739fd413&_ss=c
Tennis-Point,2026-07-15 19:25:30,rackets,unisex,Dunlop,FX 500 Superlite Allroundschläger,L3,045566185198,156.95,209.99,,€,in_stock,https://www.tennis-point.de/products/dunlop-fx-500-superlite-allroundschlaeger-p0000001521201?_pos=196&_fid=b739fd413&_ss=c
Tennis-Point,2026-07-15 19:25:38,rackets,unisex,Wilson,Roland Garros Elite Allroundschläger unbesaitet,L2,00097512933339,42.95,50.0,,€,in_stock,https://www.tennis-point.de/products/wilson-roland-garros-elite-allroundschlaeger-unbesaitet-00707604305000?_pos=195&_fid=b739fd413&_ss=c
Tennis-Point,2026-07-15 19:25:38,rackets,unisex,Wilson,Roland Garros Elite Allroundschläger unbesaitet,L3,00097512933346,42.95,50.0,,€,in_stock,https://www.tennis-point.de/products/wilson-roland-garros-elite-allroundschlaeger-unbesaitet-00707604305000?_pos=195&_fid=b739fd413&_ss=c
Tennis-Point,2026-07-15 19:25:56,rackets,unisex,Wilson,Shift 99 Pro V1 Turnierschläger unbesaitet,L2,00097512727990,157.95,270.0,,€,in_stock,https://www.tennis-point.de/products/wilson-shift-99-pro-v1-turnierschlaeger-unbesaitet-00706303997000?_pos=193&_fid=b739fd413&_ss=c
Tennis-Point,2026-07-15 19:25:56,rackets,unisex,Wilson,Shift 99 Pro V1 Turnierschläger unbesaitet,L3,00097512727983,157.95,270.0,,€,in_stock,https://www.tennis-point.de/products/wilson-shift-99-pro-v1-turnierschlaeger-unbesaitet-00706303997000?_pos=193&_fid=b739fd413&_ss=c
Tennis-Point,2026-07-15 19:26:06,rackets,unisex,Dunlop,FX 500 Tour Turnierschläger,L2,0045566179630,114.95,229.99,,€,in_stock,https://www.tennis-point.de/products/dunlop-fx-500-tour-turnierschlaeger-01606202306000?_pos=192&_fid=b739fd413&_ss=c
Tennis-Point,2026-07-15 19:26:06,rackets,unisex,Dunlop,FX 500 Tour Turnierschläger,L3,0045566179647,114.95,229.99,,€,in_stock,https://www.tennis-point.de/products/dunlop-fx-500-tour-turnierschlaeger-01606202306000?_pos=192&_fid=b739fd413&_ss=c
Tennis-Point,2026-07-15 19:26:42,rackets,unisex,Wilson,Roland Garros Triumph TNS Allroundschläger unbesaitet,L2,00097512933360,76.95,90.0,,€,in_stock,https://www.tennis-point.de/products/wilson-roland-garros-triumph-tns-allroundschlaeger-unbesaitet-00707604304000?_pos=188&_fid=b739fd413&_ss=c
Tennis-Point,2026-07-15 19:26:42,rackets,unisex,Wilson,Roland Garros Triumph TNS Allroundschläger unbesaitet,L3,00097512933353,76.95,90.0,,€,in_stock,https://www.tennis-point.de/products/wilson-roland-garros-triumph-tns-allroundschlaeger-unbesaitet-00707604304000?_pos=188&_fid=b739fd413&_ss=c
Tennis-Point,2026-07-15 19:26:52,rackets,unisex,Yonex,Percept Game (270g) Allroundschläger,L2,4550675322663,157.95,229.95,,€,in_stock,https://www.tennis-point.de/products/yonex-percept-game-270g-allroundschlaeger-01907101989000?_pos=187&_fid=b739fd413&_ss=c
Tennis-Point,2026-07-15 19:26:52,rackets,unisex,Yonex,Percept Game (270g) Allroundschläger,L3,4550675322670,157.95,229.95,,€,in_stock,https://www.tennis-point.de/products/yonex-percept-game-270g-allroundschlaeger-01907101989000?_pos=187&_fid=b739fd413&_ss=c
Tennis-Point,2026-07-15 19:27:02,rackets,unisex,Wilson,Shift 99 V1 US Open Turnierschläger,L2,0097512932165,149.95,270.0,,€,in_stock,https://www.tennis-point.de/products/wilson-shift-99-v1-us-open-turnierschlaeger-00707104262000?_pos=186&_fid=b739fd413&_ss=c
Tennis-Point,2026-07-15 19:27:02,rackets,unisex,Wilson,Shift 99 V1 US Open Turnierschläger,L3,0097512932134,149.95,270.0,,€,in_stock,https://www.tennis-point.de/products/wilson-shift-99-v1-us-open-turnierschlaeger-00707104262000?_pos=186&_fid=b739fd413&_ss=c
Tennis-Point,2026-07-15 19:27:09,rackets,unisex,Head,Radical Pro Turnierschläger,L2,724794623947,132.95,300.0,,€,in_stock,https://www.tennis-point.de/products/head-radical-pro-turnierschlaeger-00606204252000?_pos=185&_fid=b739fd413&_ss=c
Tennis-Point,2026-07-15 19:27:09,rackets,unisex,Head,Radical Pro Turnierschläger,L3,724794623954,132.95,300.0,,€,out_of_stock,https://www.tennis-point.de/products/head-radical-pro-turnierschlaeger-00606204252000?_pos=185&_fid=b739fd413&_ss=c
Tennis-Point,2026-07-15 19:27:27,rackets,unisex,Yonex,EZONE Alpha SL Turnierschläger,L2,4550675057572,119.95,159.95,,€,in_stock,https://www.tennis-point.de/products/yonex-ezone-alpha-sl-turnierschlaeger-01907501964000?_pos=183&_fid=b739fd413&_ss=c
Tennis-Point,2026-07-15 19:27:37,rackets,unisex,Head,Boom Team 2024 Turnierschläger unbesaitet,L2,724794925201,99.95,230.0,,€,out_of_stock,https://www.tennis-point.de/products/head-boom-team-2024-turnierschlaeger-unbesaitet-00606604333000?_pos=182&_fid=b739fd413&_ss=c
Tennis-Point,2026-07-15 19:27:37,rackets,unisex,Head,Boom Team 2024 Turnierschläger unbesaitet,L3,724794925218,99.95,230.0,,€,out_of_stock,https://www.tennis-point.de/products/head-boom-team-2024-turnierschlaeger-unbesaitet-00606604333000?_pos=182&_fid=b739fd413&_ss=c
Tennis-Point,2026-07-15 19:27:51,rackets,unisex,Wilson,Ultra 95 QZ V5 Turnierschläger unbesaitet,L2,00097512971652,179.95,250.0,,€,in_stock,https://www.tennis-point.de/products/wilson-ultra-95-qz-v5-turnierschlaeger-unbesaitet-00707604288000?_pos=180&_fid=b739fd413&_ss=c
Tennis-Point,2026-07-15 19:27:51,rackets,unisex,Wilson,Ultra 95 QZ V5 Turnierschläger unbesaitet,L3,00097512971645,179.95,250.0,,€,in_stock,https://www.tennis-point.de/products/wilson-ultra-95-qz-v5-turnierschlaeger-unbesaitet-00707604288000?_pos=180&_fid=b739fd413&_ss=c
Tennis-Point,2026-07-15 19:27:59,rackets,unisex,Head,Speed Team 2026 Turnierschläger unbesaitet,L2,198772135553,169.95,250.0,,€,in_stock,https://www.tennis-point.de/products/head-speed-team-2026-turnierschlaeger-unbesaitet-p0000001853201?_pos=179&_fid=b739fd413&_ss=c
Tennis-Point,2026-07-15 19:27:59,rackets,unisex,Head,Speed Team 2026 Turnierschläger unbesaitet,L3,198772135560,169.95,250.0,,€,in_stock,https://www.tennis-point.de/products/head-speed-team-2026-turnierschlaeger-unbesaitet-p0000001853201?_pos=179&_fid=b739fd413&_ss=c
Tennis-Point,2026-07-15 19:28:03,rackets,unisex,Head,Boom MP Orlinski Limited Edition Turnierschläger,L2,0198772007348,133.95,260.0,,€,out_of_stock,https://www.tennis-point.de/products/head-boom-mp-orlinski-limited-edition-turnierschlaeger-00606904497000?_pos=178&_fid=b739fd413&_ss=c
Tennis-Point,2026-07-15 19:28:03,rackets,unisex,Head,Boom MP Orlinski Limited Edition Turnierschläger,L3,0198772007355,133.95,260.0,,€,in_stock,https://www.tennis-point.de/products/head-boom-mp-orlinski-limited-edition-turnierschlaeger-00606904497000?_pos=178&_fid=b739fd413&_ss=c
Tennis-Point,2026-07-15 19:28:10,rackets,unisex,Wilson,Pro Staff Six One Team Legend Turnierschläger,L2,00097512774833,149.95,250.0,,€,out_of_stock,https://www.tennis-point.de/products/wilson-pro-staff-six-one-team-legend-turnierschlaeger-00706404018000?_pos=177&_fid=b739fd413&_ss=c
Tennis-Point,2026-07-15 19:28:10,rackets,unisex,Wilson,Pro Staff Six One Team Legend Turnierschläger,L3,00097512774826,149.95,250.0,,€,out_of_stock,https://www.tennis-point.de/products/wilson-pro-staff-six-one-team-legend-turnierschlaeger-00706404018000?_pos=177&_fid=b739fd413&_ss=c
Tennis-Point,2026-07-15 19:28:20,rackets,unisex,Wilson,Pro Staff 97L V14 Turnierschläger unbesaitet,L2,00097512684026,144.95,280.0,,€,out_of_stock,https://www.tennis-point.de/products/wilson-pro-staff-97l-v14-turnierschlaeger-unbesaitet-00706203877000?_pos=176&_fid=b739fd413&_ss=c
Tennis-Point,2026-07-15 19:28:20,rackets,unisex,Wilson,Pro Staff 97L V14 Turnierschläger unbesaitet,L3,00097512684040,144.95,280.0,,€,out_of_stock,https://www.tennis-point.de/products/wilson-pro-staff-97l-v14-turnierschlaeger-unbesaitet-00706203877000?_pos=176&_fid=b739fd413&_ss=c
Tennis-Point,2026-07-15 19:28:30,rackets,unisex,Wilson,RF 01 Laver Cup 2025 Turnierschläger unbesaitet,L2,00097512931724,209.95,280.0,,€,out_of_stock,https://www.tennis-point.de/products/wilson-rf-01-laver-cup-2025-turnierschlaeger-unbesaitet-00707104231000?_pos=175&_fid=b739fd413&_ss=c
Tennis-Point,2026-07-15 19:28:30,rackets,unisex,Wilson,RF 01 Laver Cup 2025 Turnierschläger unbesaitet,L3,00097512931731,209.95,280.0,,€,in_stock,https://www.tennis-point.de/products/wilson-rf-01-laver-cup-2025-turnierschlaeger-unbesaitet-00707104231000?_pos=175&_fid=b739fd413&_ss=c
Tennis-Point,2026-07-15 19:28:39,rackets,unisex,Head,Boom MP L Neon 2025 Turnierschläger,L2,198772103699,135.95,260.0,,€,in_stock,https://www.tennis-point.de/products/head-boom-mp-l-neon-2025-turnierschlaeger-00607004576000?_pos=174&_fid=b739fd413&_ss=c
Tennis-Point,2026-07-15 19:28:39,rackets,unisex,Head,Boom MP L Neon 2025 Turnierschläger,L3,198772103705,135.95,260.0,,€,in_stock,https://www.tennis-point.de/products/head-boom-mp-l-neon-2025-turnierschlaeger-00607004576000?_pos=174&_fid=b739fd413&_ss=c
Tennis-Point,2026-07-15 19:30:21,shoes,women,Head,"Sprint Team 4.0  Sandplatzschuh Damen-blau, dunkelblau",EU 39,0198772064396,67.95,110.0,,€,out_of_stock,https://www.tennis-point.de/products/head-sprint-team-40-sandplatzschuh-damen-blau-dunkelblau-p0000004220601
Tennis-Point,2026-07-15 19:30:27,shoes,women,K-Swiss,"Express Light 3 x Quiet Please Sandplatzschuh Damen - weiß, gelb",EU 39,0199286149777,119.95,119.99,,€,out_of_stock,https://www.tennis-point.de/products/k-swiss-express-light-3-x-quiet-please-sandplatzschuh-damen-weiss-gelb-p0000004910201
Tennis-Point,2026-07-15 19:30:52,shoes,women,K-Swiss,"Express Light 3 Allcourtschuh Damen - weiß, lavendel",EU 39,196483943757,73.95,119.99,,€,in_stock,https://www.tennis-point.de/products/k-swiss-express-light-3-allcourtschuh-damen-weiss-lavendel-a0000004310201
Tennis-Point,2026-07-15 19:31:26,shoes,women,K-Swiss,"Hypercourt Express 2 Sandplatzschuh Damen-Schwarz,Mehrfarbig",EU 39,0196483823387,83.95,139.99,,€,in_stock,https://www.tennis-point.de/products/k-swiss-hypercourt-express-2-sandplatzschuh-damen-schwarzmehrfarbig-01417102451000
Tennis-Point,2026-07-15 19:31:46,shoes,women,K-Swiss,"Hypercourt Express 3 Sandplatzschuh Damen - weiß, lavendel",EU 39,196483942910,78.95,149.99,,€,out_of_stock,https://www.tennis-point.de/products/k-swiss-hypercourt-express-3-sandplatzschuh-damen-weiss-lavendel-p0000004300401
Tennis-Point,2026-07-15 19:33:39,shoes,women,K-Swiss,"Express Light 3 Sandplatzschuh Damen - salbei, koralle",EU 39,0196483786934,83.95,119.99,,€,in_stock,https://www.tennis-point.de/products/k-swiss-express-light-3-sandplatzschuh-damen-salbei-koralle-01417502448000
Tennis-Point,2026-07-15 19:34:28,rackets,unisex,Wilson,Ultra 100 V4.0 Turnierschläger,L2,00097512640244,147.95,250.0,,€,in_stock,https://www.tennis-point.de/products/wilson-ultra-100-v40-turnierschlaeger-00706003840000?_pos=170&_fid=7f91bdc1f&_ss=c
Tennis-Point,2026-07-15 19:34:28,rackets,unisex,Wilson,Ultra 100 V4.0 Turnierschläger,L3,00097512640251,147.95,250.0,,€,out_of_stock,https://www.tennis-point.de/products/wilson-ultra-100-v40-turnierschlaeger-00706003840000?_pos=170&_fid=7f91bdc1f&_ss=c
Tennis-Point,2026-07-15 19:34:38,rackets,unisex,Head,Instinct MP 2025 Turnierschläger,L2,726423348436,128.95,160.0,,€,in_stock,https://www.tennis-point.de/products/head-instinct-mp-2025-turnierschlaeger-00607504514000?_pos=169&_fid=7f91bdc1f&_ss=c
Tennis-Point,2026-07-15 19:34:38,rackets,unisex,Head,Instinct MP 2025 Turnierschläger,L3,726423348443,128.95,160.0,,€,in_stock,https://www.tennis-point.de/products/head-instinct-mp-2025-turnierschlaeger-00607504514000?_pos=169&_fid=7f91bdc1f&_ss=c
Tennis-Point,2026-07-15 19:35:15,rackets,unisex,Head,Extreme Elite 2024 Turnierschläger unbesaitet,L2,726423218609,108.95,160.0,,€,in_stock,https://www.tennis-point.de/products/head-extreme-elite-2024-turnierschlaeger-unbesaitet-00606704422000?_pos=165&_fid=7f91bdc1f&_ss=c
Tennis-Point,2026-07-15 19:35:15,rackets,unisex,Head,Extreme Elite 2024 Turnierschläger unbesaitet,L3,726423218616,108.95,160.0,,€,in_stock,https://www.tennis-point.de/products/head-extreme-elite-2024-turnierschlaeger-unbesaitet-00606704422000?_pos=165&_fid=7f91bdc1f&_ss=c
Tennis-Point,2026-07-15 19:35:21,rackets,unisex,Dunlop,CX 200 Tour 18x20 Turnierschläger,L2,045566180810,179.95,269.99,,€,in_stock,https://www.tennis-point.de/products/dunlop-cx-200-tour-18x20-turnierschlaeger-01606602342000?_pos=164&_fid=7f91bdc1f&_ss=c
Tennis-Point,2026-07-15 19:35:21,rackets,unisex,Dunlop,CX 200 Tour 18x20 Turnierschläger,L3,045566180827,179.95,269.99,,€,in_stock,https://www.tennis-point.de/products/dunlop-cx-200-tour-18x20-turnierschlaeger-01606602342000?_pos=164&_fid=7f91bdc1f&_ss=c
Tennis-Point,2026-07-15 19:35:31,rackets,unisex,Yonex,VCORE 98 (2026) Turnierschläger unbesaitet,L2,4550675355258,309.95,,,€,in_stock,https://www.tennis-point.de/products/yonex-vcore-98-2026-turnierschlaeger-unbesaitet-p0000004730901?_pos=163&_fid=7f91bdc1f&_ss=c
Tennis-Point,2026-07-15 19:35:31,rackets,unisex,Yonex,VCORE 98 (2026) Turnierschläger unbesaitet,L3,4550675355265,309.95,,,€,in_stock,https://www.tennis-point.de/products/yonex-vcore-98-2026-turnierschlaeger-unbesaitet-p0000004730901?_pos=163&_fid=7f91bdc1f&_ss=c
Tennis-Point,2026-07-15 19:35:41,rackets,unisex,Wilson,RF 01 Future Turnierschläger,L2,00097512849678,175.95,260.0,,€,in_stock,https://www.tennis-point.de/products/wilson-rf-01-future-turnierschlaeger-00706704088000?_pos=162&_fid=7f91bdc1f&_ss=c
Tennis-Point,2026-07-15 19:35:41,rackets,unisex,Wilson,RF 01 Future Turnierschläger,L3,00097512849654,175.95,260.0,,€,in_stock,https://www.tennis-point.de/products/wilson-rf-01-future-turnierschlaeger-00706704088000?_pos=162&_fid=7f91bdc1f&_ss=c
Tennis-Point,2026-07-15 19:35:49,rackets,unisex,Head,Radical Pro 18X20 Turnierschläger,L2,0724794624609,139.95,299.95,,€,in_stock,https://www.tennis-point.de/products/head-radical-pro-18x20-turnierschlaeger-00606704407000?_pos=161&_fid=7f91bdc1f&_ss=c
Tennis-Point,2026-07-15 19:35:49,rackets,unisex,Head,Radical Pro 18X20 Turnierschläger,L3,0724794624616,139.95,299.95,,€,in_stock,https://www.tennis-point.de/products/head-radical-pro-18x20-turnierschlaeger-00606704407000?_pos=161&_fid=7f91bdc1f&_ss=c
Tennis-Point,2026-07-15 19:35:58,rackets,unisex,Wilson,Pro Staff 97L V14 Turnierschläger,L2,00097512962568,139.95,320.0,,€,in_stock,https://www.tennis-point.de/products/wilson-pro-staff-97l-v14-turnierschlaeger-00707004258000?_pos=160&_fid=7f91bdc1f&_ss=c
Tennis-Point,2026-07-15 19:35:58,rackets,unisex,Wilson,Pro Staff 97L V14 Turnierschläger,L3,00097512962575,139.95,320.0,,€,in_stock,https://www.tennis-point.de/products/wilson-pro-staff-97l-v14-turnierschlaeger-00707004258000?_pos=160&_fid=7f91bdc1f&_ss=c
Tennis-Point,2026-07-15 19:36:06,rackets,unisex,Wilson,Roland Garros Equipe HP TNS Allroundschläger unbesaitet,L2,00097512933391,82.95,120.0,,€,in_stock,https://www.tennis-point.de/products/wilson-roland-garros-equipe-hp-tns-allroundschlaeger-unbesaitet-00707604303000?_pos=159&_fid=7f91bdc1f&_ss=c
Tennis-Point,2026-07-15 19:36:06,rackets,unisex,Wilson,Roland Garros Equipe HP TNS Allroundschläger unbesaitet,L3,00097512933407,82.95,120.0,,€,in_stock,https://www.tennis-point.de/products/wilson-roland-garros-equipe-hp-tns-allroundschlaeger-unbesaitet-00707604303000?_pos=159&_fid=7f91bdc1f&_ss=c
Tennis-Point,2026-07-15 19:36:24,rackets,unisex,Head,Gravity MP (2023) Turnierschläger unbesaitet,L2,724794628850,139.95,280.0,,€,out_of_stock,https://www.tennis-point.de/products/head-gravity-mp-2023-turnierschlaeger-unbesaitet-00606204259000?_pos=157&_fid=7f91bdc1f&_ss=c
Tennis-Point,2026-07-15 19:36:24,rackets,unisex,Head,Gravity MP (2023) Turnierschläger unbesaitet,L3,724794628867,139.95,280.0,,€,out_of_stock,https://www.tennis-point.de/products/head-gravity-mp-2023-turnierschlaeger-unbesaitet-00606204259000?_pos=157&_fid=7f91bdc1f&_ss=c
Tennis-Point,2026-07-15 19:36:34,rackets,unisex,Wilson,Burn 100 V5 Bright Neon Orange Turnierschläger,L2,00097512742313,119.95,200.0,,€,out_of_stock,https://www.tennis-point.de/products/wilson-burn-100-v5-bright-neon-orange-turnierschlaeger-00706404007000?_pos=156&_fid=7f91bdc1f&_ss=c
Tennis-Point,2026-07-15 19:36:34,rackets,unisex,Wilson,Burn 100 V5 Bright Neon Orange Turnierschläger,L3,00097512742283,119.95,200.0,,€,in_stock,https://www.tennis-point.de/products/wilson-burn-100-v5-bright-neon-orange-turnierschlaeger-00706404007000?_pos=156&_fid=7f91bdc1f&_ss=c
Tennis-Point,2026-07-15 19:36:53,rackets,unisex,Yonex,Percept 100L (280g) Turnierschläger,L2,4550675268558,222.95,299.95,,€,in_stock,https://www.tennis-point.de/products/yonex-percept-100l-280g-turnierschlaeger-01907101988000?_pos=154&_fid=7f91bdc1f&_ss=c
Tennis-Point,2026-07-15 19:36:53,rackets,unisex,Yonex,Percept 100L (280g) Turnierschläger,L3,4550675268565,222.95,299.95,,€,in_stock,https://www.tennis-point.de/products/yonex-percept-100l-280g-turnierschlaeger-01907101988000?_pos=154&_fid=7f91bdc1f&_ss=c
Tennis-Point,2026-07-15 19:37:09,rackets,unisex,Wilson,US Open Pro 100 Allroundschläger unbesaitet,L2,00097512970105,141.95,200.0,,€,in_stock,https://www.tennis-point.de/products/wilson-us-open-pro-100-allroundschlaeger-unbesaitet-00707604307000?_pos=152&_fid=7f91bdc1f&_ss=c
Tennis-Point,2026-07-15 19:37:09,rackets,unisex,Wilson,US Open Pro 100 Allroundschläger unbesaitet,L3,00097512970082,141.95,200.0,,€,in_stock,https://www.tennis-point.de/products/wilson-us-open-pro-100-allroundschlaeger-unbesaitet-00707604307000?_pos=152&_fid=7f91bdc1f&_ss=c
Tennis-Point,2026-07-15 19:37:19,rackets,unisex,Wilson,Ultra 100L V4.0 Bright Neon Blue Turnierschläger,L2,00097512768580,129.95,220.0,,€,in_stock,https://www.tennis-point.de/products/wilson-ultra-100l-v40-bright-neon-blue-turnierschlaeger-00706404006000?_pos=151&_fid=7f91bdc1f&_ss=c
Tennis-Point,2026-07-15 19:37:19,rackets,unisex,Wilson,Ultra 100L V4.0 Bright Neon Blue Turnierschläger,L3,00097512768597,129.95,220.0,,€,in_stock,https://www.tennis-point.de/products/wilson-ultra-100l-v40-bright-neon-blue-turnierschlaeger-00706404006000?_pos=151&_fid=7f91bdc1f&_ss=c
Tennis-Point,2026-07-15 19:37:30,rackets,unisex,Head,Extreme Pro 2024 Turnierschläger,L2,726423218012,194.95,260.0,,€,in_stock,https://www.tennis-point.de/products/head-extreme-pro-2024-turnierschlaeger-00606704418000?_pos=150&_fid=7f91bdc1f&_ss=c
Tennis-Point,2026-07-15 19:37:30,rackets,unisex,Head,Extreme Pro 2024 Turnierschläger,L3,726423218029,194.95,260.0,,€,in_stock,https://www.tennis-point.de/products/head-extreme-pro-2024-turnierschlaeger-00606704418000?_pos=150&_fid=7f91bdc1f&_ss=c
Tennis-Point,2026-07-15 19:37:33,rackets,unisex,Dunlop,FX 500 Tour Turnierschläger unbesaitet,L2,045566185037,186.95,249.99,,€,in_stock,https://www.tennis-point.de/products/dunlop-fx-500-tour-turnierschlaeger-unbesaitet-p0000001520301?_pos=149&_fid=7f91bdc1f&_ss=c
Tennis-Point,2026-07-15 19:37:33,rackets,unisex,Dunlop,FX 500 Tour Turnierschläger unbesaitet,L3,045566185044,186.95,249.99,,€,in_stock,https://www.tennis-point.de/products/dunlop-fx-500-tour-turnierschlaeger-unbesaitet-p0000001520301?_pos=149&_fid=7f91bdc1f&_ss=c
Tennis-Point,2026-07-15 19:37:44,rackets,unisex,Dunlop,FX 500 Turnierschläger unbesaitet,L2,045566185075,179.95,239.99,,€,in_stock,https://www.tennis-point.de/products/dunlop-fx-500-turnierschlaeger-unbesaitet-p0000001520901?_pos=148&_fid=7f91bdc1f&_ss=c
Tennis-Point,2026-07-15 19:37:44,rackets,unisex,Dunlop,FX 500 Turnierschläger unbesaitet,L3,045566185082,179.95,239.99,,€,in_stock,https://www.tennis-point.de/products/dunlop-fx-500-turnierschlaeger-unbesaitet-p0000001520901?_pos=148&_fid=7f91bdc1f&_ss=c
Tennis-Point,2026-07-15 19:37:52,rackets,unisex,Yonex,Percept 100L (280g) Turnierschläger,L2,4550468627623,229.95,299.95,,€,in_stock,https://www.tennis-point.de/products/yonex-percept-100l-280g-turnierschlaeger-01906401922000?_pos=147&_fid=7f91bdc1f&_ss=c
Tennis-Point,2026-07-15 19:37:52,rackets,unisex,Yonex,Percept 100L (280g) Turnierschläger,L3,4550468627630,229.95,299.95,,€,in_stock,https://www.tennis-point.de/products/yonex-percept-100l-280g-turnierschlaeger-01906401922000?_pos=147&_fid=7f91bdc1f&_ss=c
Tennis-Point,2026-07-15 19:38:02,rackets,unisex,Head,Extreme Team 2024 Turnierschläger,L2,726423218357,184.95,230.0,,€,in_stock,https://www.tennis-point.de/products/head-extreme-team-2024-turnierschlaeger-00606704421000?_pos=146&_fid=7f91bdc1f&_ss=c
Tennis-Point,2026-07-15 19:38:02,rackets,unisex,Head,Extreme Team 2024 Turnierschläger,L3,726423218364,184.95,230.0,,€,in_stock,https://www.tennis-point.de/products/head-extreme-team-2024-turnierschlaeger-00606704421000?_pos=146&_fid=7f91bdc1f&_ss=c
Tennis-Point,2026-07-15 19:38:10,rackets,unisex,Wilson,Ultra 99 Pro V5 Turnierschläger,L2,00097512932097,178.95,260.0,,€,in_stock,https://www.tennis-point.de/products/wilson-ultra-99-pro-v5-turnierschlaeger-00707104221000?_pos=145&_fid=7f91bdc1f&_ss=c
Tennis-Point,2026-07-15 19:38:10,rackets,unisex,Wilson,Ultra 99 Pro V5 Turnierschläger,L3,00097512932080,178.95,260.0,,€,in_stock,https://www.tennis-point.de/products/wilson-ultra-99-pro-v5-turnierschlaeger-00707104221000?_pos=145&_fid=7f91bdc1f&_ss=c
Tennis-Point,2026-07-15 19:38:16,rackets,unisex,Head,Speed Pro Legend 2025 Turnierschläger,L2,198772121150,206.95,300.0,,€,in_stock,https://www.tennis-point.de/products/head-speed-pro-legend-2025-turnierschlaeger-00607104578000?_pos=144&_fid=7f91bdc1f&_ss=c
Tennis-Point,2026-07-15 19:38:16,rackets,unisex,Head,Speed Pro Legend 2025 Turnierschläger,L3,198772121167,206.95,300.0,,€,in_stock,https://www.tennis-point.de/products/head-speed-pro-legend-2025-turnierschlaeger-00607104578000?_pos=144&_fid=7f91bdc1f&_ss=c
Tennis-Point,2026-07-15 19:38:44,rackets,unisex,Head,Prestige MP 2023 Turnierschläger,L2,724794924341,239.95,300.0,,€,out_of_stock,https://www.tennis-point.de/products/head-prestige-mp-2023-turnierschlaeger-00606404320000?_pos=141&_fid=7f91bdc1f&_ss=c
Tennis-Point,2026-07-15 19:38:44,rackets,unisex,Head,Prestige MP 2023 Turnierschläger,L3,724794924358,239.95,300.0,,€,in_stock,https://www.tennis-point.de/products/head-prestige-mp-2023-turnierschlaeger-00606404320000?_pos=141&_fid=7f91bdc1f&_ss=c
Tennis-Point,2026-07-15 19:39:07,rackets,unisex,Yonex,VCORE 95 (2026) Turnierschläger unbesaitet,L2,4550675389116,309.95,,,€,in_stock,https://www.tennis-point.de/products/yonex-vcore-95-2026-turnierschlaeger-unbesaitet-p0000004731101?_pos=138&_fid=7f91bdc1f&_ss=c
Tennis-Point,2026-07-15 19:39:07,rackets,unisex,Yonex,VCORE 95 (2026) Turnierschläger unbesaitet,L3,4550675389123,309.95,,,€,in_stock,https://www.tennis-point.de/products/yonex-vcore-95-2026-turnierschlaeger-unbesaitet-p0000004731101?_pos=138&_fid=7f91bdc1f&_ss=c
Tennis-Point,2026-07-15 19:40:20,shoes,women,K-Swiss,"Ultrashot Light Allcourtschuh Damen - weiß, lavendel",EU 39,199286041767,61.95,100.0,,€,out_of_stock,https://www.tennis-point.de/products/k-swiss-ultrashot-light-allcourtschuh-damen-weiss-lavendel-p0000004300201
Tennis-Point,2026-07-15 19:41:46,shoes,women,K-Swiss,"Ultrashot 4 Sandplatzschuh Damen - weiß, lavendel",EU 39,196483941579,115.95,189.99,,€,out_of_stock,https://www.tennis-point.de/products/k-swiss-ultrashot-4-sandplatzschuh-damen-weiss-lavendel-a0000004301501
Tennis-Point,2026-07-15 19:44:29,rackets,unisex,Wilson,Pro Staff 97 UL Classic Turnierschläger unbesaitet,L2,00199073012918,135.95,220.0,,€,in_stock,https://www.tennis-point.de/products/wilson-pro-staff-97-ul-classic-turnierschlaeger-unbesaitet-00707604291000?_pos=136&_fid=949e2e99e&_ss=c
Tennis-Point,2026-07-15 19:44:29,rackets,unisex,Wilson,Pro Staff 97 UL Classic Turnierschläger unbesaitet,L3,00199073012925,135.95,220.0,,€,in_stock,https://www.tennis-point.de/products/wilson-pro-staff-97-ul-classic-turnierschlaeger-unbesaitet-00707604291000?_pos=136&_fid=949e2e99e&_ss=c
Tennis-Point,2026-07-15 19:44:38,rackets,unisex,Wilson,Triad Three Komfortschläger,L2,00097512451130,189.95,240.0,,€,in_stock,https://www.tennis-point.de/products/wilson-triad-three-komfortschlaeger-00705503705000?_pos=135&_fid=949e2e99e&_ss=c&variant=43962332643370
Tennis-Point,2026-07-15 19:44:38,rackets,unisex,Wilson,Triad Three Komfortschläger,L3,00097512451147,189.95,240.0,,€,in_stock,https://www.tennis-point.de/products/wilson-triad-three-komfortschlaeger-00705503705000?_pos=135&_fid=949e2e99e&_ss=c&variant=43962332643370
Tennis-Point,2026-07-15 19:45:03,rackets,unisex,Wilson,Clash 100 L V3.0 RG Turnierschläger unbesaitet,L2,00097512975292,219.95,220.0,,€,out_of_stock,https://www.tennis-point.de/products/wilson-clash-100-l-v30-rg-turnierschlaeger-unbesaitet-00707604295000?_pos=132&_fid=949e2e99e&_ss=c
Tennis-Point,2026-07-15 19:45:03,rackets,unisex,Wilson,Clash 100 L V3.0 RG Turnierschläger unbesaitet,L3,00097512975261,219.95,220.0,,€,in_stock,https://www.tennis-point.de/products/wilson-clash-100-l-v30-rg-turnierschlaeger-unbesaitet-00707604295000?_pos=132&_fid=949e2e99e&_ss=c
Tennis-Point,2026-07-15 19:45:11,rackets,unisex,Head,Speed MP UL 2026 Turnierschläger unbesaitet,L2,198772135430,182.95,230.0,,€,in_stock,https://www.tennis-point.de/products/head-speed-mp-ul-2026-turnierschlaeger-unbesaitet-p0000001851401?_pos=131&_fid=949e2e99e&_ss=c
Tennis-Point,2026-07-15 19:45:11,rackets,unisex,Head,Speed MP UL 2026 Turnierschläger unbesaitet,L3,198772135447,182.95,230.0,,€,in_stock,https://www.tennis-point.de/products/head-speed-mp-ul-2026-turnierschlaeger-unbesaitet-p0000001851401?_pos=131&_fid=949e2e99e&_ss=c
Tennis-Point,2026-07-15 19:45:27,rackets,unisex,Wilson,Clash Noir 100 Pro V2.0 Turnierschläger,L2,00097512727761,137.95,250.0,,€,in_stock,https://www.tennis-point.de/products/wilson-clash-noir-100-pro-v20-turnierschlaeger-00706604065000?_pos=129&_fid=949e2e99e&_ss=c
Tennis-Point,2026-07-15 19:45:27,rackets,unisex,Wilson,Clash Noir 100 Pro V2.0 Turnierschläger,L3,00097512727778,137.95,250.0,,€,in_stock,https://www.tennis-point.de/products/wilson-clash-noir-100-pro-v20-turnierschlaeger-00706604065000?_pos=129&_fid=949e2e99e&_ss=c
Tennis-Point,2026-07-15 19:45:36,rackets,unisex,Wilson,RF 01 Future Lite Turnierschläger,L2,00097512852982,159.95,240.0,,€,in_stock,https://www.tennis-point.de/products/wilson-rf-01-future-lite-turnierschlaeger-00707504219000?_pos=128&_fid=949e2e99e&_ss=c
Tennis-Point,2026-07-15 19:45:36,rackets,unisex,Wilson,RF 01 Future Lite Turnierschläger,L3,00097512852975,159.95,240.0,,€,in_stock,https://www.tennis-point.de/products/wilson-rf-01-future-lite-turnierschlaeger-00707504219000?_pos=128&_fid=949e2e99e&_ss=c
Tennis-Point,2026-07-15 19:45:45,rackets,unisex,Wilson,Blade 100L V9 US Open Turnierschläger,L2,00097512931649,188.95,240.0,,€,in_stock,https://www.tennis-point.de/products/wilson-blade-100l-v9-us-open-turnierschlaeger-00707104229000?_pos=127&_fid=949e2e99e&_ss=c
Tennis-Point,2026-07-15 19:45:45,rackets,unisex,Wilson,Blade 100L V9 US Open Turnierschläger,L3,00097512931632,188.95,240.0,,€,out_of_stock,https://www.tennis-point.de/products/wilson-blade-100l-v9-us-open-turnierschlaeger-00707104229000?_pos=127&_fid=949e2e99e&_ss=c
Tennis-Point,2026-07-15 19:45:53,rackets,unisex,Head,Radical MP 18X20 Turnierschläger,L2,0724794624937,129.95,279.95,,€,in_stock,https://www.tennis-point.de/products/head-radical-mp-18x20-turnierschlaeger-00606704408000?_pos=126&_fid=949e2e99e&_ss=c
Tennis-Point,2026-07-15 19:45:53,rackets,unisex,Head,Radical MP 18X20 Turnierschläger,L3,0724794624944,129.95,279.95,,€,in_stock,https://www.tennis-point.de/products/head-radical-mp-18x20-turnierschlaeger-00606704408000?_pos=126&_fid=949e2e99e&_ss=c
Tennis-Point,2026-07-15 19:46:04,rackets,unisex,Yonex,Percept 100 (300g) Turnierschläger unbesaitet,L2,4550468627654,235.95,309.95,,€,in_stock,https://www.tennis-point.de/products/yonex-percept-100-300g-turnierschlaeger-unbesaitet-01906401921000?_pos=125&_fid=949e2e99e&_ss=c
Tennis-Point,2026-07-15 19:46:04,rackets,unisex,Yonex,Percept 100 (300g) Turnierschläger unbesaitet,L3,4550468627661,235.95,309.95,,€,in_stock,https://www.tennis-point.de/products/yonex-percept-100-300g-turnierschlaeger-unbesaitet-01906401921000?_pos=125&_fid=949e2e99e&_ss=c
Tennis-Point,2026-07-15 19:46:26,rackets,unisex,Wilson,Clash 108 V3.0 Turnierschläger,L2,00097512946643,148.95,230.0,,€,out_of_stock,https://www.tennis-point.de/products/wilson-clash-108-v30-turnierschlaeger-00707104228000?_pos=122&_fid=949e2e99e&_ss=c
Tennis-Point,2026-07-15 19:46:26,rackets,unisex,Wilson,Clash 108 V3.0 Turnierschläger,L3,00097512946629,148.95,230.0,,€,in_stock,https://www.tennis-point.de/products/wilson-clash-108-v30-turnierschlaeger-00707104228000?_pos=122&_fid=949e2e99e&_ss=c
Tennis-Point,2026-07-15 19:46:44,rackets,unisex,Wilson,Blade 104 V9 Turnierschläger,L2,00097512791946,184.95,240.0,,€,in_stock,https://www.tennis-point.de/products/wilson-blade-104-v9-turnierschlaeger-00706604031000?_pos=120&_fid=949e2e99e&_ss=c
Tennis-Point,2026-07-15 19:46:44,rackets,unisex,Wilson,Blade 104 V9 Turnierschläger,L3,00097512791977,184.95,240.0,,€,in_stock,https://www.tennis-point.de/products/wilson-blade-104-v9-turnierschlaeger-00706604031000?_pos=120&_fid=949e2e99e&_ss=c
Tennis-Point,2026-07-15 19:46:51,rackets,unisex,Wilson,Pro Staff Team Classic Turnierschläger besaitet,L2,00097512975520,123.95,170.0,,€,out_of_stock,https://www.tennis-point.de/products/wilson-pro-staff-team-classic-turnierschlaeger-besaitet-00707604292000?_pos=119&_fid=949e2e99e&_ss=c
Tennis-Point,2026-07-15 19:46:51,rackets,unisex,Wilson,Pro Staff Team Classic Turnierschläger besaitet,L3,00097512975513,123.95,170.0,,€,in_stock,https://www.tennis-point.de/products/wilson-pro-staff-team-classic-turnierschlaeger-besaitet-00707604292000?_pos=119&_fid=949e2e99e&_ss=c
Tennis-Point,2026-07-15 19:46:56,rackets,unisex,Wilson,Clash Team 103 V3.0 Turnierschläger,L2,00097512893411,134.95,170.0,,€,in_stock,https://www.tennis-point.de/products/wilson-clash-team-103-v30-turnierschlaeger-00707504164000?_pos=118&_fid=949e2e99e&_ss=c
Tennis-Point,2026-07-15 19:46:56,rackets,unisex,Wilson,Clash Team 103 V3.0 Turnierschläger,L3,00097512893374,134.95,170.0,,€,out_of_stock,https://www.tennis-point.de/products/wilson-clash-team-103-v30-turnierschlaeger-00707504164000?_pos=118&_fid=949e2e99e&_ss=c
Tennis-Point,2026-07-15 19:47:06,rackets,unisex,Wilson,RF 01 Pro Laver Cup 2025 Turnierschläger unbesaitet,L2,00097512931779,196.95,300.0,,€,in_stock,https://www.tennis-point.de/products/wilson-rf-01-pro-laver-cup-2025-turnierschlaeger-unbesaitet-00707104232000?_pos=117&_fid=949e2e99e&_ss=c
Tennis-Point,2026-07-15 19:47:06,rackets,unisex,Wilson,RF 01 Pro Laver Cup 2025 Turnierschläger unbesaitet,L3,00097512931762,196.95,300.0,,€,out_of_stock,https://www.tennis-point.de/products/wilson-rf-01-pro-laver-cup-2025-turnierschlaeger-unbesaitet-00707104232000?_pos=117&_fid=949e2e99e&_ss=c
Tennis-Point,2026-07-15 19:47:13,rackets,unisex,Yonex,Percept 100 (300g) Turnierschläger,L2,4550675268602,229.95,309.95,,€,in_stock,https://www.tennis-point.de/products/yonex-percept-100-300g-turnierschlaeger-01907101987000?_pos=116&_fid=949e2e99e&_ss=c
Tennis-Point,2026-07-15 19:47:13,rackets,unisex,Yonex,Percept 100 (300g) Turnierschläger,L3,4550675268619,229.95,309.95,,€,in_stock,https://www.tennis-point.de/products/yonex-percept-100-300g-turnierschlaeger-01907101987000?_pos=116&_fid=949e2e99e&_ss=c
Tennis-Point,2026-07-15 19:47:20,rackets,unisex,Head,Speed Tour 2026 Turnierschläger unbesaitet,L2,198772135096,188.95,280.0,,€,in_stock,https://www.tennis-point.de/products/head-speed-tour-2026-turnierschlaeger-unbesaitet-p0000001852401?_pos=115&_fid=949e2e99e&_ss=c
Tennis-Point,2026-07-15 19:47:20,rackets,unisex,Head,Speed Tour 2026 Turnierschläger unbesaitet,L3,198772135102,188.95,280.0,,€,in_stock,https://www.tennis-point.de/products/head-speed-tour-2026-turnierschlaeger-unbesaitet-p0000001852401?_pos=115&_fid=949e2e99e&_ss=c
Tennis-Point,2026-07-15 19:47:43,rackets,unisex,Head,Boom MP L 2024 Turnierschläger,L2,724794925089,119.95,230.0,,€,in_stock,https://www.tennis-point.de/products/head-boom-mp-l-2024-turnierschlaeger-00606604332000?_pos=112&_fid=949e2e99e&_ss=c
Tennis-Point,2026-07-15 19:47:43,rackets,unisex,Head,Boom MP L 2024 Turnierschläger,L3,724794925096,119.95,230.0,,€,in_stock,https://www.tennis-point.de/products/head-boom-mp-l-2024-turnierschlaeger-00606604332000?_pos=112&_fid=949e2e99e&_ss=c
Tennis-Point,2026-07-15 19:47:54,rackets,unisex,Head,Boom Pro 2024 Turnierschläger unbesaitet,L2,724794924846,119.95,280.0,,€,in_stock,https://www.tennis-point.de/products/head-boom-pro-2024-turnierschlaeger-unbesaitet-00606604330000?_pos=111&_fid=949e2e99e&_ss=c
Tennis-Point,2026-07-15 19:47:54,rackets,unisex,Head,Boom Pro 2024 Turnierschläger unbesaitet,L3,724794924853,119.95,280.0,,€,in_stock,https://www.tennis-point.de/products/head-boom-pro-2024-turnierschlaeger-unbesaitet-00606604330000?_pos=111&_fid=949e2e99e&_ss=c
Tennis-Point,2026-07-15 19:48:04,rackets,unisex,Wilson,Pro Staff 97 L Classic Turnierschläger unbesaitet,L2,00097512974578,159.95,240.0,,€,in_stock,https://www.tennis-point.de/products/wilson-pro-staff-97-l-classic-turnierschlaeger-unbesaitet-00707604290000?_pos=110&_fid=949e2e99e&_ss=c
Tennis-Point,2026-07-15 19:48:04,rackets,unisex,Wilson,Pro Staff 97 L Classic Turnierschläger unbesaitet,L3,00097512974561,159.95,240.0,,€,in_stock,https://www.tennis-point.de/products/wilson-pro-staff-97-l-classic-turnierschlaeger-unbesaitet-00707604290000?_pos=110&_fid=949e2e99e&_ss=c
Tennis-Point,2026-07-15 19:48:12,rackets,unisex,Head,Radical Pro 2025 Turnierschläger,L2,726423384861,208.95,300.0,,€,in_stock,https://www.tennis-point.de/products/head-radical-pro-2025-turnierschlaeger-00607504502000?_pos=109&_fid=949e2e99e&_ss=c
Tennis-Point,2026-07-15 19:48:12,rackets,unisex,Head,Radical Pro 2025 Turnierschläger,L3,726423384878,208.95,300.0,,€,in_stock,https://www.tennis-point.de/products/head-radical-pro-2025-turnierschlaeger-00607504502000?_pos=109&_fid=949e2e99e&_ss=c
Tennis-Point,2026-07-15 19:48:21,rackets,unisex,Wilson,Clash 100 Pro V3.0 Turnierschläger,L2,00097512892223,171.95,250.0,,€,out_of_stock,https://www.tennis-point.de/products/wilson-clash-100-pro-v30-turnierschlaeger-00707504146000?_pos=108&_fid=949e2e99e&_ss=c
Tennis-Point,2026-07-15 19:48:21,rackets,unisex,Wilson,Clash 100 Pro V3.0 Turnierschläger,L3,00097512892230,171.95,250.0,,€,in_stock,https://www.tennis-point.de/products/wilson-clash-100-pro-v30-turnierschlaeger-00707504146000?_pos=108&_fid=949e2e99e&_ss=c
Tennis-Point,2026-07-15 19:48:28,rackets,unisex,Wilson,Ultra 100 V5 Desert Turnierschläger unbesaitet,L2,00199073013038,202.95,240.95,,€,in_stock,https://www.tennis-point.de/products/wilson-ultra-100-v5-desert-turnierschlaeger-unbesaitet-p0000004020301?_pos=107&_fid=949e2e99e&_ss=c
Tennis-Point,2026-07-15 19:48:28,rackets,unisex,Wilson,Ultra 100 V5 Desert Turnierschläger unbesaitet,L3,00199073013045,202.95,240.95,,€,in_stock,https://www.tennis-point.de/products/wilson-ultra-100-v5-desert-turnierschlaeger-unbesaitet-p0000004020301?_pos=107&_fid=949e2e99e&_ss=c
Tennis-Point,2026-07-15 19:48:34,rackets,unisex,Head,Gravity MP L 2025 Turnierschläger,L2,726423385684,201.95,250.0,,€,in_stock,https://www.tennis-point.de/products/head-gravity-mp-l-2025-turnierschlaeger-00607504511000?_pos=106&_fid=949e2e99e&_ss=c
Tennis-Point,2026-07-15 19:48:34,rackets,unisex,Head,Gravity MP L 2025 Turnierschläger,L3,726423385691,201.95,250.0,,€,in_stock,https://www.tennis-point.de/products/head-gravity-mp-l-2025-turnierschlaeger-00607504511000?_pos=106&_fid=949e2e99e&_ss=c
Tennis-Point,2026-07-15 19:48:44,rackets,unisex,Wilson,Blade 98S V9 Turnierschläger,L2,00097512792394,192.95,280.0,,€,in_stock,https://www.tennis-point.de/products/wilson-blade-98s-v9-turnierschlaeger-00706604026000?_pos=105&_fid=949e2e99e&_ss=c
Tennis-Point,2026-07-15 19:48:44,rackets,unisex,Wilson,Blade 98S V9 Turnierschläger,L3,00097512792431,192.95,280.0,,€,in_stock,https://www.tennis-point.de/products/wilson-blade-98s-v9-turnierschlaeger-00706604026000?_pos=105&_fid=949e2e99e&_ss=c
Tennis-Point,2026-07-15 19:48:53,rackets,unisex,Yonex,VCORE 100 (2026) Turnierschläger unbesaitet,L2,4550675355227,299.95,,,€,in_stock,https://www.tennis-point.de/products/yonex-vcore-100-2026-turnierschlaeger-unbesaitet-p0000004731201?_pos=104&_fid=949e2e99e&_ss=c
Tennis-Point,2026-07-15 19:48:53,rackets,unisex,Yonex,VCORE 100 (2026) Turnierschläger unbesaitet,L3,4550675355234,299.95,,,€,in_stock,https://www.tennis-point.de/products/yonex-vcore-100-2026-turnierschlaeger-unbesaitet-p0000004731201?_pos=104&_fid=949e2e99e&_ss=c
Tennis-Point,2026-07-15 19:49:02,rackets,unisex,Head,Speed Pro 2026 Turnierschläger unbesaitet,L2,198772134990,235.95,300.0,,€,out_of_stock,https://www.tennis-point.de/products/head-speed-pro-2026-turnierschlaeger-unbesaitet-p0000001850701?_pos=103&_fid=949e2e99e&_ss=c
Tennis-Point,2026-07-15 19:49:02,rackets,unisex,Head,Speed Pro 2026 Turnierschläger unbesaitet,L3,198772135003,235.95,300.0,,€,in_stock,https://www.tennis-point.de/products/head-speed-pro-2026-turnierschlaeger-unbesaitet-p0000001850701?_pos=103&_fid=949e2e99e&_ss=c
Tennis-Point,2026-07-15 19:49:54,shoes,women,Head,"Sprint Team 4.0  Sandplatzschuh Damen-weiß, hellgrau",EU 39,0198772064631,74.95,110.0,,€,in_stock,https://www.tennis-point.de/products/head-sprint-team-40-sandplatzschuh-damen-weiss-hellgrau-p0000004220901
Tennis-Point,2026-07-15 19:50:04,shoes,women,K-Swiss,"COURT EXPRESS 2  AC Allcourtschuh Damen-weiß, lavendel",EU 39,196483940732,48.95,79.99,,€,in_stock,https://www.tennis-point.de/products/k-swiss-court-express-2-ac-allcourtschuh-damen-weiss-lavendel-p0000004300501
Tennis-Point,2026-07-15 19:50:42,shoes,women,K-Swiss,"Express Light 3 Allcourtschuh Damen - weiß, türkis",EU 39,199286145595,119.95,119.99,,€,in_stock,https://www.tennis-point.de/products/k-swiss-express-light-3-allcourtschuh-damen-weiss-tuerkis-a0000004310206
Tennis-Point,2026-07-15 19:52:11,shoes,women,Head,"Sprint Pro 4.0  Sandplatzschuh Damen-weiß, hellgrau",EU 39,0198772063191,95.95,160.0,,€,in_stock,https://www.tennis-point.de/products/head-sprint-pro-40-sandplatzschuh-damen-weiss-hellgrau-p0000004220201
Tennis-Point,2026-07-15 19:52:31,shoes,women,K-Swiss,"Hypercourt Express 2 Sandplatzschuh Damen-Weiß,Mehrfarbig",EU 39,0196483823509,79.95,139.99,,€,in_stock,https://www.tennis-point.de/products/k-swiss-hypercourt-express-2-sandplatzschuh-damen-weissmehrfarbig-01417102452000
Tennis-Point,2026-07-15 19:53:09,shoes,women,K-Swiss,"Court Express Sandplatzschuh Damen - weiß, pink",EU 39,0199286149890,55.95,79.99,,€,in_stock,https://www.tennis-point.de/products/k-swiss-court-express-sandplatzschuh-damen-weiss-pink-p0000004910501
Tennis-Point,2026-07-15 19:54:23,rackets,unisex,Wilson,Shift 99L V1 Turnierschläger,L2,00097512728058,197.95,250.0,,€,in_stock,https://www.tennis-point.de/products/wilson-shift-99l-v1-turnierschlaeger-00706403998000?_pos=102&_fid=c62ec0b6b&_ss=c
Tennis-Point,2026-07-15 19:54:23,rackets,unisex,Wilson,Shift 99L V1 Turnierschläger,L3,00097512728096,197.95,250.0,,€,in_stock,https://www.tennis-point.de/products/wilson-shift-99l-v1-turnierschlaeger-00706403998000?_pos=102&_fid=c62ec0b6b&_ss=c
Tennis-Point,2026-07-15 19:54:33,rackets,unisex,Head,Boom MP L 2026 Turnierschläger unbesaitet,L2,198772136130,159.95,230.0,,€,in_stock,https://www.tennis-point.de/products/head-boom-mp-l-2026-turnierschlaeger-unbesaitet-p0000001850601?_pos=101&_fid=c62ec0b6b&_ss=c
Tennis-Point,2026-07-15 19:54:33,rackets,unisex,Head,Boom MP L 2026 Turnierschläger unbesaitet,L3,198772136147,159.95,230.0,,€,in_stock,https://www.tennis-point.de/products/head-boom-mp-l-2026-turnierschlaeger-unbesaitet-p0000001850601?_pos=101&_fid=c62ec0b6b&_ss=c
Tennis-Point,2026-07-15 19:54:38,rackets,unisex,Wilson,Pro Staff 97 Classic Turnierschläger unbesaitet,L2,00097512975698,201.95,260.0,,€,in_stock,https://www.tennis-point.de/products/wilson-pro-staff-97-classic-turnierschlaeger-unbesaitet-00707604289000?_pos=100&_fid=c62ec0b6b&_ss=c
Tennis-Point,2026-07-15 19:54:38,rackets,unisex,Wilson,Pro Staff 97 Classic Turnierschläger unbesaitet,L3,00097512975728,201.95,260.0,,€,in_stock,https://www.tennis-point.de/products/wilson-pro-staff-97-classic-turnierschlaeger-unbesaitet-00707604289000?_pos=100&_fid=c62ec0b6b&_ss=c
Tennis-Point,2026-07-15 19:54:49,rackets,unisex,Wilson,Clash 100L V2.0 Bright Neon Pink Turnierschläger,L2,00097512742368,169.95,270.0,,€,out_of_stock,https://www.tennis-point.de/products/wilson-clash-100l-v20-bright-neon-pink-turnierschlaeger-00706404005000?_pos=99&_fid=c62ec0b6b&_ss=c
Tennis-Point,2026-07-15 19:54:49,rackets,unisex,Wilson,Clash 100L V2.0 Bright Neon Pink Turnierschläger,L3,00097512742344,169.95,270.0,,€,in_stock,https://www.tennis-point.de/products/wilson-clash-100l-v20-bright-neon-pink-turnierschlaeger-00706404005000?_pos=99&_fid=c62ec0b6b&_ss=c
Tennis-Point,2026-07-15 19:54:55,rackets,unisex,Head,Boom Pro Turnierschläger unbesaitet,L2,198772135898,225.95,280.0,,€,in_stock,https://www.tennis-point.de/products/head-boom-pro-turnierschlaeger-unbesaitet-p0000006240201?_pos=98&_fid=c62ec0b6b&_ss=c
Tennis-Point,2026-07-15 19:54:55,rackets,unisex,Head,Boom Pro Turnierschläger unbesaitet,L3,198772135904,225.95,280.0,,€,in_stock,https://www.tennis-point.de/products/head-boom-pro-turnierschlaeger-unbesaitet-p0000006240201?_pos=98&_fid=c62ec0b6b&_ss=c
Tennis-Point,2026-07-15 19:55:05,rackets,unisex,Head,Extreme MP L 2024 Turnierschläger unbesaitet,L2,726423218234,171.95,230.0,,€,in_stock,https://www.tennis-point.de/products/head-extreme-mp-l-2024-turnierschlaeger-unbesaitet-00606704420000?_pos=97&_fid=c62ec0b6b&_ss=c
Tennis-Point,2026-07-15 19:55:05,rackets,unisex,Head,Extreme MP L 2024 Turnierschläger unbesaitet,L3,726423218241,171.95,230.0,,€,in_stock,https://www.tennis-point.de/products/head-extreme-mp-l-2024-turnierschlaeger-unbesaitet-00606704420000?_pos=97&_fid=c62ec0b6b&_ss=c
Tennis-Point,2026-07-15 19:55:14,rackets,unisex,Head,Boom MP UL 2026 Turnierschläger unbesaitet,L2,198772136253,159.95,230.0,,€,in_stock,https://www.tennis-point.de/products/head-boom-mp-ul-2026-turnierschlaeger-unbesaitet-p0000001852301?_pos=96&_fid=c62ec0b6b&_ss=c
Tennis-Point,2026-07-15 19:55:14,rackets,unisex,Head,Boom MP UL 2026 Turnierschläger unbesaitet,L3,198772136260,159.95,230.0,,€,in_stock,https://www.tennis-point.de/products/head-boom-mp-ul-2026-turnierschlaeger-unbesaitet-p0000001852301?_pos=96&_fid=c62ec0b6b&_ss=c
Tennis-Point,2026-07-15 19:55:29,rackets,unisex,Head,Gravity Pro 2025 Turnierschläger,L2,726423385363,209.95,300.0,,€,in_stock,https://www.tennis-point.de/products/head-gravity-pro-2025-turnierschlaeger-00607504508000?_pos=94&_fid=c62ec0b6b&_ss=c
Tennis-Point,2026-07-15 19:55:29,rackets,unisex,Head,Gravity Pro 2025 Turnierschläger,L3,726423385370,209.95,300.0,,€,in_stock,https://www.tennis-point.de/products/head-gravity-pro-2025-turnierschlaeger-00607504508000?_pos=94&_fid=c62ec0b6b&_ss=c
Tennis-Point,2026-07-15 19:55:36,rackets,unisex,Wilson,Clash 100 V3.0 Reverse Turnierschläger unbesaitet,L2,199073010877,169.95,250.0,,€,in_stock,https://www.tennis-point.de/products/wilson-clash-100-v30-reverse-turnierschlaeger-unbesaitet-00707604324000?_pos=93&_fid=c62ec0b6b&_ss=c
Tennis-Point,2026-07-15 19:55:36,rackets,unisex,Wilson,Clash 100 V3.0 Reverse Turnierschläger unbesaitet,L3,199073010860,169.95,250.0,,€,out_of_stock,https://www.tennis-point.de/products/wilson-clash-100-v30-reverse-turnierschlaeger-unbesaitet-00707604324000?_pos=93&_fid=c62ec0b6b&_ss=c
Tennis-Point,2026-07-15 19:55:46,rackets,unisex,Wilson,Ultra 100UL V5 Turnierschläger,L2,00097512942003,137.95,200.0,,€,in_stock,https://www.tennis-point.de/products/wilson-ultra-100ul-v5-turnierschlaeger-00707104225000?_pos=92&_fid=c62ec0b6b&_ss=c
Tennis-Point,2026-07-15 19:55:46,rackets,unisex,Wilson,Ultra 100UL V5 Turnierschläger,L3,00097512941990,137.95,200.0,,€,in_stock,https://www.tennis-point.de/products/wilson-ultra-100ul-v5-turnierschlaeger-00707104225000?_pos=92&_fid=c62ec0b6b&_ss=c
Tennis-Point,2026-07-15 19:55:55,rackets,unisex,Head,Boom Team 2026 Turnierschläger unbesaitet,L2,198772136376,139.95,210.0,,€,in_stock,https://www.tennis-point.de/products/head-boom-team-2026-turnierschlaeger-unbesaitet-p0000001851501?_pos=91&_fid=c62ec0b6b&_ss=c
Tennis-Point,2026-07-15 19:55:55,rackets,unisex,Head,Boom Team 2026 Turnierschläger unbesaitet,L3,198772136383,139.95,210.0,,€,in_stock,https://www.tennis-point.de/products/head-boom-team-2026-turnierschlaeger-unbesaitet-p0000001851501?_pos=91&_fid=c62ec0b6b&_ss=c
Tennis-Point,2026-07-15 19:56:01,rackets,unisex,Wilson,RF 01 Pro Turnierschläger,L2,00097512849708,203.95,300.0,,€,in_stock,https://www.tennis-point.de/products/wilson-rf-01-pro-turnierschlaeger-00706704086000?_pos=90&_fid=c62ec0b6b&_ss=c
Tennis-Point,2026-07-15 19:56:01,rackets,unisex,Wilson,RF 01 Pro Turnierschläger,L3,00097512849746,203.95,300.0,,€,in_stock,https://www.tennis-point.de/products/wilson-rf-01-pro-turnierschlaeger-00706704086000?_pos=90&_fid=c62ec0b6b&_ss=c
Tennis-Point,2026-07-15 19:56:12,rackets,unisex,Head,Radical Team 2025 Turnierschläger,L2,726423385080,174.95,250.0,,€,in_stock,https://www.tennis-point.de/products/head-radical-team-2025-turnierschlaeger-00607504505000?_pos=89&_fid=c62ec0b6b&_ss=c
Tennis-Point,2026-07-15 19:56:12,rackets,unisex,Head,Radical Team 2025 Turnierschläger,L3,726423385097,174.95,250.0,,€,in_stock,https://www.tennis-point.de/products/head-radical-team-2025-turnierschlaeger-00607504505000?_pos=89&_fid=c62ec0b6b&_ss=c
Tennis-Point,2026-07-15 19:56:18,rackets,unisex,Dunlop,FX 500 LS Turnierschläger,L2,0045566179715,99.95,209.99,,€,in_stock,https://www.tennis-point.de/products/dunlop-fx-500-ls-turnierschlaeger-01606202308000?_pos=88&_fid=c62ec0b6b&_ss=c
Tennis-Point,2026-07-15 19:56:18,rackets,unisex,Dunlop,FX 500 LS Turnierschläger,L3,0045566179722,99.95,209.99,,€,in_stock,https://www.tennis-point.de/products/dunlop-fx-500-ls-turnierschlaeger-01606202308000?_pos=88&_fid=c62ec0b6b&_ss=c
Tennis-Point,2026-07-15 19:56:29,rackets,unisex,Wilson,Blade 98 16X19 V9 Turnierschläger,L2,00097512791854,179.95,280.0,,€,out_of_stock,https://www.tennis-point.de/products/wilson-blade-98-16x19-v9-turnierschlaeger-00706604024000?_pos=87&_fid=c62ec0b6b&_ss=c
Tennis-Point,2026-07-15 19:56:29,rackets,unisex,Wilson,Blade 98 16X19 V9 Turnierschläger,L3,00097512791847,179.95,280.0,,€,out_of_stock,https://www.tennis-point.de/products/wilson-blade-98-16x19-v9-turnierschlaeger-00706604024000?_pos=87&_fid=c62ec0b6b&_ss=c
Tennis-Point,2026-07-15 19:56:48,rackets,unisex,Head,Extreme MP 2024 Turnierschläger,L2,726423218111,176.95,260.0,,€,in_stock,https://www.tennis-point.de/products/head-extreme-mp-2024-turnierschlaeger-00606704419000?_pos=85&_fid=c62ec0b6b&_ss=c
Tennis-Point,2026-07-15 19:56:48,rackets,unisex,Head,Extreme MP 2024 Turnierschläger,L3,726423218128,176.95,260.0,,€,in_stock,https://www.tennis-point.de/products/head-extreme-mp-2024-turnierschlaeger-00606704419000?_pos=85&_fid=c62ec0b6b&_ss=c
Tennis-Point,2026-07-15 19:57:02,rackets,unisex,Head,Boom MP Alternate 2026 Turnierschläger unbesaitet,L2,198772139971,207.95,260.0,,€,in_stock,https://www.tennis-point.de/products/head-boom-mp-alternate-2026-turnierschlaeger-unbesaitet-p0000001850301?_pos=83&_fid=c62ec0b6b&_ss=c
Tennis-Point,2026-07-15 19:57:02,rackets,unisex,Head,Boom MP Alternate 2026 Turnierschläger unbesaitet,L3,198772139988,207.95,260.0,,€,in_stock,https://www.tennis-point.de/products/head-boom-mp-alternate-2026-turnierschlaeger-unbesaitet-p0000001850301?_pos=83&_fid=c62ec0b6b&_ss=c
Tennis-Point,2026-07-15 19:57:05,rackets,unisex,Head,Radical MP 2025 Turnierschläger,L2,726423384960,193.95,280.0,,€,in_stock,https://www.tennis-point.de/products/head-radical-mp-2025-turnierschlaeger-00607504503000?_pos=82&_fid=c62ec0b6b&_ss=c
Tennis-Point,2026-07-15 19:57:05,rackets,unisex,Head,Radical MP 2025 Turnierschläger,L3,726423384977,193.95,280.0,,€,out_of_stock,https://www.tennis-point.de/products/head-radical-mp-2025-turnierschlaeger-00607504503000?_pos=82&_fid=c62ec0b6b&_ss=c
Tennis-Point,2026-07-15 19:57:17,rackets,unisex,Wilson,Noir Shift 99 V1 Turnierschläger,L2,00097512928526,139.95,270.0,,€,in_stock,https://www.tennis-point.de/products/wilson-noir-shift-99-v1-turnierschlaeger-00707504143000?_pos=81&_fid=c62ec0b6b&_ss=c
Tennis-Point,2026-07-15 19:57:17,rackets,unisex,Wilson,Noir Shift 99 V1 Turnierschläger,L3,00097512928533,139.95,270.0,,€,in_stock,https://www.tennis-point.de/products/wilson-noir-shift-99-v1-turnierschlaeger-00707504143000?_pos=81&_fid=c62ec0b6b&_ss=c
Tennis-Point,2026-07-15 19:57:26,rackets,unisex,Wilson,Ultra 100L V5 Desert Turnierschläger unbesaitet,L2,00199073012994,193.95,220.0,,€,in_stock,https://www.tennis-point.de/products/wilson-ultra-100l-v5-desert-turnierschlaeger-unbesaitet-p0000004020201?_pos=80&_fid=c62ec0b6b&_ss=c
Tennis-Point,2026-07-15 19:57:26,rackets,unisex,Wilson,Ultra 100L V5 Desert Turnierschläger unbesaitet,L3,00199073013014,193.95,220.0,,€,in_stock,https://www.tennis-point.de/products/wilson-ultra-100l-v5-desert-turnierschlaeger-unbesaitet-p0000004020201?_pos=80&_fid=c62ec0b6b&_ss=c
Tennis-Point,2026-07-15 19:57:56,rackets,unisex,Head,Boom MP UL Alternate 2026 Turnierschläger unbesaitet,L2,198772140212,159.95,230.0,,€,in_stock,https://www.tennis-point.de/products/head-boom-mp-ul-alternate-2026-turnierschlaeger-unbesaitet-p0000001851001?_pos=77&_fid=c62ec0b6b&_ss=c
Tennis-Point,2026-07-15 19:57:56,rackets,unisex,Head,Boom MP UL Alternate 2026 Turnierschläger unbesaitet,L3,198772140229,159.95,230.0,,€,in_stock,https://www.tennis-point.de/products/head-boom-mp-ul-alternate-2026-turnierschlaeger-unbesaitet-p0000001851001?_pos=77&_fid=c62ec0b6b&_ss=c
Tennis-Point,2026-07-15 19:58:02,rackets,unisex,Dunlop,FX 500 Turnierschläger,L2,0045566179678,109.95,219.99,,€,in_stock,https://www.tennis-point.de/products/dunlop-fx-500-turnierschlaeger-01606202307000?_pos=76&_fid=c62ec0b6b&_ss=c
Tennis-Point,2026-07-15 19:58:02,rackets,unisex,Dunlop,FX 500 Turnierschläger,L3,0045566179685,109.95,219.99,,€,in_stock,https://www.tennis-point.de/products/dunlop-fx-500-turnierschlaeger-01606202307000?_pos=76&_fid=c62ec0b6b&_ss=c
Tennis-Point,2026-07-15 19:58:13,rackets,unisex,Wilson,Blade 100L V9 Turnierschläger,L2,00097512962520,139.95,240.0,,€,in_stock,https://www.tennis-point.de/products/wilson-blade-100l-v9-turnierschlaeger-00707004259000?_pos=75&_fid=c62ec0b6b&_ss=c
Tennis-Point,2026-07-15 19:58:13,rackets,unisex,Wilson,Blade 100L V9 Turnierschläger,L3,00097512962544,139.95,240.0,,€,in_stock,https://www.tennis-point.de/products/wilson-blade-100l-v9-turnierschlaeger-00707004259000?_pos=75&_fid=c62ec0b6b&_ss=c
Tennis-Point,2026-07-15 19:58:22,rackets,unisex,Wilson,Clash 100L V3.0 Reverse Turnierschläger unbesaitet,L2,199073010839,177.95,230.0,,€,in_stock,https://www.tennis-point.de/products/wilson-clash-100l-v30-reverse-turnierschlaeger-unbesaitet-00707604325000?_pos=74&_fid=c62ec0b6b&_ss=c
Tennis-Point,2026-07-15 19:58:22,rackets,unisex,Wilson,Clash 100L V3.0 Reverse Turnierschläger unbesaitet,L3,199073010846,177.95,230.0,,€,in_stock,https://www.tennis-point.de/products/wilson-clash-100l-v30-reverse-turnierschlaeger-unbesaitet-00707604325000?_pos=74&_fid=c62ec0b6b&_ss=c
Tennis-Point,2026-07-15 19:58:53,rackets,unisex,Wilson,Pink Ultra 100L V4.0 Turnierschläger unbesaitet,L2,00097512928489,184.95,220.0,,€,out_of_stock,https://www.tennis-point.de/products/wilson-pink-ultra-100l-v40-turnierschlaeger-unbesaitet-00707504144000?_pos=70&_fid=c62ec0b6b&_ss=c
Tennis-Point,2026-07-15 19:58:53,rackets,unisex,Wilson,Pink Ultra 100L V4.0 Turnierschläger unbesaitet,L3,00097512928502,184.95,220.0,,€,in_stock,https://www.tennis-point.de/products/wilson-pink-ultra-100l-v40-turnierschlaeger-unbesaitet-00707504144000?_pos=70&_fid=c62ec0b6b&_ss=c
Tennis-Point,2026-07-15 20:00:17,shoes,women,K-Swiss,"Court Express 2 Sandplatzschuh Damen - schwarz, weiß",EU 39,196483940855,42.95,79.99,,€,in_stock,https://www.tennis-point.de/products/k-swiss-court-express-2-sandplatzschuh-damen-schwarz-weiss-a0000004300601
Tennis-Point,2026-07-15 20:00:25,shoes,women,K-Swiss,"Court Express 2 Sandplatzschuh Damen - weiß, lavendel",EU 39,196483984798,45.95,79.99,,€,in_stock,https://www.tennis-point.de/products/k-swiss-court-express-2-sandplatzschuh-damen-weiss-lavendel-a0000004300602
Tennis-Point,2026-07-15 20:00:33,shoes,women,K-Swiss,"Ultrashot Team 2 Sandplatzschuh Damen - weiß, lavendel",EU 39,196483942057,69.95,129.99,,€,in_stock,https://www.tennis-point.de/products/k-swiss-ultrashot-team-2-sandplatzschuh-damen-weiss-lavendel-p0000004310701
Tennis-Point,2026-07-15 20:01:06,shoes,women,K-Swiss,"Court Express 2 Sandplatzschuh Damen - weiß, schwarz",EU 39,0196483822069,47.95,79.99,,€,in_stock,https://www.tennis-point.de/products/k-swiss-court-express-2-sandplatzschuh-damen-weiss-schwarz-01417102457000
Tennis-Point,2026-07-15 20:03:44,shoes,women,K-Swiss,"Ultrashot Light Sandplatzschuh Damen - weiß, lavendel",EU 39,199286041644,57.95,100.0,,€,in_stock,https://www.tennis-point.de/products/k-swiss-ultrashot-light-sandplatzschuh-damen-weiss-lavendel-p0000004300701
Tennis-Point,2026-07-15 20:04:06,rackets,unisex,Head,Gravity Tour 2025 Turnierschläger unbesaitet,L2,726423385462,194.95,280.0,,€,in_stock,https://www.tennis-point.de/products/head-gravity-tour-2025-turnierschlaeger-unbesaitet-00607504509000?_pos=66&_fid=c62ec0b6b&_ss=c
Tennis-Point,2026-07-15 20:04:06,rackets,unisex,Head,Gravity Tour 2025 Turnierschläger unbesaitet,L3,726423385479,194.95,280.0,,€,in_stock,https://www.tennis-point.de/products/head-gravity-tour-2025-turnierschlaeger-unbesaitet-00607504509000?_pos=66&_fid=c62ec0b6b&_ss=c
Tennis-Point,2026-07-15 20:04:14,rackets,unisex,Wilson,Clash 100 V2.0 Noir Turnierschläger,L2,00097512718066,144.95,290.0,,€,out_of_stock,https://www.tennis-point.de/products/wilson-clash-100-v20-noir-turnierschlaeger-00706403957000?_pos=65&_fid=c62ec0b6b&_ss=c
Tennis-Point,2026-07-15 20:04:14,rackets,unisex,Wilson,Clash 100 V2.0 Noir Turnierschläger,L3,00097512718073,144.95,290.0,,€,in_stock,https://www.tennis-point.de/products/wilson-clash-100-v20-noir-turnierschlaeger-00706403957000?_pos=65&_fid=c62ec0b6b&_ss=c
Tennis-Point,2026-07-15 20:04:24,rackets,unisex,Wilson,Clash 100 Pro V2.0 Turnierschläger,L2,00097512592147,129.95,250.0,,€,in_stock,https://www.tennis-point.de/products/wilson-clash-100-pro-v20-turnierschlaeger-00705503743000?_pos=64&_fid=c62ec0b6b&_ss=c
Tennis-Point,2026-07-15 20:04:24,rackets,unisex,Wilson,Clash 100 Pro V2.0 Turnierschläger,L3,00097512592161,129.95,250.0,,€,in_stock,https://www.tennis-point.de/products/wilson-clash-100-pro-v20-turnierschlaeger-00705503743000?_pos=64&_fid=c62ec0b6b&_ss=c
Tennis-Point,2026-07-15 20:04:58,rackets,unisex,Yonex,Muse 100 Allroundschläger,L2,4550675529130,249.95,,,€,out_of_stock,https://www.tennis-point.de/products/yonex-muse-100-allroundschlaeger-p0000007160401?_pos=60&_fid=c62ec0b6b&_ss=c
Tennis-Point,2026-07-15 20:04:58,rackets,unisex,Yonex,Muse 100 Allroundschläger,L3,4550675529147,249.95,,,€,out_of_stock,https://www.tennis-point.de/products/yonex-muse-100-allroundschlaeger-p0000007160401?_pos=60&_fid=c62ec0b6b&_ss=c
Tennis-Point,2026-07-15 20:05:07,rackets,unisex,Head,Boom MP L Alternate 2026 Turnierschläger unbesaitet,L2,198772140090,184.95,230.0,,€,in_stock,https://www.tennis-point.de/products/head-boom-mp-l-alternate-2026-turnierschlaeger-unbesaitet-p0000001852001?_pos=59&_fid=c62ec0b6b&_ss=c
Tennis-Point,2026-07-15 20:05:07,rackets,unisex,Head,Boom MP L Alternate 2026 Turnierschläger unbesaitet,L3,198772140106,184.95,230.0,,€,out_of_stock,https://www.tennis-point.de/products/head-boom-mp-l-alternate-2026-turnierschlaeger-unbesaitet-p0000001852001?_pos=59&_fid=c62ec0b6b&_ss=c
Tennis-Point,2026-07-15 20:05:16,rackets,unisex,Head,Boom Team Alternate 2026 Turnierschläger unbesaitet,L2,198772140335,149.95,210.0,,€,in_stock,https://www.tennis-point.de/products/head-boom-team-alternate-2026-turnierschlaeger-unbesaitet-p0000001852901?_pos=58&_fid=c62ec0b6b&_ss=c
Tennis-Point,2026-07-15 20:05:16,rackets,unisex,Head,Boom Team Alternate 2026 Turnierschläger unbesaitet,L3,198772140342,149.95,210.0,,€,in_stock,https://www.tennis-point.de/products/head-boom-team-alternate-2026-turnierschlaeger-unbesaitet-p0000001852901?_pos=58&_fid=c62ec0b6b&_ss=c
Tennis-Point,2026-07-15 20:05:26,rackets,unisex,Yonex,Muse 107 Allroundschläger,L2,4550675529284,229.95,,,€,in_stock,https://www.tennis-point.de/products/yonex-muse-107-allroundschlaeger-p0000007160301?_pos=57&_fid=c62ec0b6b&_ss=c
Tennis-Point,2026-07-15 20:05:26,rackets,unisex,Yonex,Muse 107 Allroundschläger,L3,4550675529291,229.95,,,€,in_stock,https://www.tennis-point.de/products/yonex-muse-107-allroundschlaeger-p0000007160301?_pos=57&_fid=c62ec0b6b&_ss=c
Tennis-Point,2026-07-15 20:05:35,rackets,unisex,Head,Speed MP Legend 2025 Turnierschläger,L2,198772121259,225.95,280.0,,€,in_stock,https://www.tennis-point.de/products/head-speed-mp-legend-2025-turnierschlaeger-00607104580000?_pos=56&_fid=c62ec0b6b&_ss=c
Tennis-Point,2026-07-15 20:05:35,rackets,unisex,Head,Speed MP Legend 2025 Turnierschläger,L3,198772121266,225.95,280.0,,€,in_stock,https://www.tennis-point.de/products/head-speed-mp-legend-2025-turnierschlaeger-00607104580000?_pos=56&_fid=c62ec0b6b&_ss=c
Tennis-Point,2026-07-15 20:05:43,rackets,unisex,Wilson,Blade 98 Pro 18X20 V10 Turnierschläger unbesaitet,L2,00097512975117,259.95,290.0,,€,in_stock,https://www.tennis-point.de/products/wilson-blade-98-pro-18x20-v10-turnierschlaeger-unbesaitet-00707604285000?_pos=55&_fid=c62ec0b6b&_ss=c
Tennis-Point,2026-07-15 20:05:43,rackets,unisex,Wilson,Blade 98 Pro 18X20 V10 Turnierschläger unbesaitet,L3,00097512975148,259.95,290.0,,€,in_stock,https://www.tennis-point.de/products/wilson-blade-98-pro-18x20-v10-turnierschlaeger-unbesaitet-00707604285000?_pos=55&_fid=c62ec0b6b&_ss=c
Tennis-Point,2026-07-15 20:05:49,rackets,unisex,Wilson,Clash 100L V2.0 Turnierschläger,L2,00097512605212,129.95,230.0,,€,out_of_stock,https://www.tennis-point.de/products/wilson-clash-100l-v20-turnierschlaeger-00705503745000?_pos=54&_fid=c62ec0b6b&_ss=c
Tennis-Point,2026-07-15 20:05:49,rackets,unisex,Wilson,Clash 100L V2.0 Turnierschläger,L3,00097512605229,129.95,230.0,,€,in_stock,https://www.tennis-point.de/products/wilson-clash-100l-v20-turnierschlaeger-00705503745000?_pos=54&_fid=c62ec0b6b&_ss=c
Tennis-Point,2026-07-15 20:05:55,rackets,unisex,Wilson,Ultra 100 V5 Turnierschläger,L2,00097512932028,189.95,240.0,,€,in_stock,https://www.tennis-point.de/products/wilson-ultra-100-v5-turnierschlaeger-00707104222000?_pos=53&_fid=c62ec0b6b&_ss=c
Tennis-Point,2026-07-15 20:05:55,rackets,unisex,Wilson,Ultra 100 V5 Turnierschläger,L3,00097512932035,189.95,240.0,,€,in_stock,https://www.tennis-point.de/products/wilson-ultra-100-v5-turnierschlaeger-00707104222000?_pos=53&_fid=c62ec0b6b&_ss=c
Tennis-Point,2026-07-15 20:06:03,rackets,unisex,Yonex,Muse 100 L  Allroundschläger,L2,4550675529185,239.95,,,€,out_of_stock,https://www.tennis-point.de/products/yonex-muse-100-l-allroundschlaeger-p0000007160201?_pos=52&_fid=c62ec0b6b&_ss=c
Tennis-Point,2026-07-15 20:06:03,rackets,unisex,Yonex,Muse 100 L  Allroundschläger,L3,4550675529192,239.95,,,€,in_stock,https://www.tennis-point.de/products/yonex-muse-100-l-allroundschlaeger-p0000007160201?_pos=52&_fid=c62ec0b6b&_ss=c
Tennis-Point,2026-07-15 20:06:11,rackets,unisex,Wilson,Ultra 100L V5 Turnierschläger unbesaitet,L2,00097512931953,174.95,220.0,,€,in_stock,https://www.tennis-point.de/products/wilson-ultra-100l-v5-turnierschlaeger-unbesaitet-00707104224000?_pos=51&_fid=c62ec0b6b&_ss=c
Tennis-Point,2026-07-15 20:06:11,rackets,unisex,Wilson,Ultra 100L V5 Turnierschläger unbesaitet,L3,00097512931984,174.95,220.0,,€,in_stock,https://www.tennis-point.de/products/wilson-ultra-100l-v5-turnierschlaeger-unbesaitet-00707104224000?_pos=51&_fid=c62ec0b6b&_ss=c
Tennis-Point,2026-07-15 20:06:18,rackets,unisex,Wilson,Ultra 100 L V5 RG Turnierschläger unbesaitet,L2,00097512975339,153.95,220.0,,€,in_stock,https://www.tennis-point.de/products/wilson-ultra-100-l-v5-rg-turnierschlaeger-unbesaitet-00707604297000?_pos=50&_fid=c62ec0b6b&_ss=c
Tennis-Point,2026-07-15 20:06:18,rackets,unisex,Wilson,Ultra 100 L V5 RG Turnierschläger unbesaitet,L3,00097512975322,153.95,220.0,,€,in_stock,https://www.tennis-point.de/products/wilson-ultra-100-l-v5-rg-turnierschlaeger-unbesaitet-00707604297000?_pos=50&_fid=c62ec0b6b&_ss=c
Tennis-Point,2026-07-15 20:06:27,rackets,unisex,Wilson,Clash 100L V2.0 Bright Neon Yellow Turnierschläger,L2,00097512742405,129.95,270.0,,€,in_stock,https://www.tennis-point.de/products/wilson-clash-100l-v20-bright-neon-yellow-turnierschlaeger-00706404004000?_pos=49&_fid=c62ec0b6b&_ss=c
Tennis-Point,2026-07-15 20:06:27,rackets,unisex,Wilson,Clash 100L V2.0 Bright Neon Yellow Turnierschläger,L3,00097512742399,129.95,270.0,,€,in_stock,https://www.tennis-point.de/products/wilson-clash-100l-v20-bright-neon-yellow-turnierschlaeger-00706404004000?_pos=49&_fid=c62ec0b6b&_ss=c
Tennis-Point,2026-07-15 20:06:43,rackets,unisex,Wilson,Blade 98 Pro 16X19 V10 Turnierschläger unbesaitet,L2,00097512975193,259.95,290.0,,€,in_stock,https://www.tennis-point.de/products/wilson-blade-98-pro-16x19-v10-turnierschlaeger-unbesaitet-00707604284000?_pos=47&_fid=c62ec0b6b&_ss=c
Tennis-Point,2026-07-15 20:06:43,rackets,unisex,Wilson,Blade 98 Pro 16X19 V10 Turnierschläger unbesaitet,L3,00097512975186,259.95,290.0,,€,in_stock,https://www.tennis-point.de/products/wilson-blade-98-pro-16x19-v10-turnierschlaeger-unbesaitet-00707604284000?_pos=47&_fid=c62ec0b6b&_ss=c
Tennis-Point,2026-07-15 20:07:08,rackets,unisex,Wilson,Blade 98S V10 Turnierschläger unbesaitet,L2,00097512974950,259.95,290.0,,€,in_stock,https://www.tennis-point.de/products/wilson-blade-98s-v10-turnierschlaeger-unbesaitet-00707604276000?_pos=44&_fid=c62ec0b6b&_ss=c
Tennis-Point,2026-07-15 20:07:08,rackets,unisex,Wilson,Blade 98S V10 Turnierschläger unbesaitet,L3,00097512974967,259.95,290.0,,€,in_stock,https://www.tennis-point.de/products/wilson-blade-98s-v10-turnierschlaeger-unbesaitet-00707604276000?_pos=44&_fid=c62ec0b6b&_ss=c
Tennis-Point,2026-07-15 20:07:17,rackets,unisex,Head,Radical Team Turnierschläger,L2,724794624265,124.95,250.0,,€,out_of_stock,https://www.tennis-point.de/products/head-radical-team-turnierschlaeger-00606204254000?_pos=43&_fid=c62ec0b6b&_ss=c
Tennis-Point,2026-07-15 20:07:17,rackets,unisex,Head,Radical Team Turnierschläger,L3,724794624272,124.95,250.0,,€,in_stock,https://www.tennis-point.de/products/head-radical-team-turnierschlaeger-00606204254000?_pos=43&_fid=c62ec0b6b&_ss=c
Tennis-Point,2026-07-15 20:07:26,rackets,unisex,Wilson,Ultra 100 V5 RG Turnierschläger unbesaitet,L2,00097512975438,167.95,240.0,,€,in_stock,https://www.tennis-point.de/products/wilson-ultra-100-v5-rg-turnierschlaeger-unbesaitet-00707604296000?_pos=42&_fid=c62ec0b6b&_ss=c
Tennis-Point,2026-07-15 20:07:26,rackets,unisex,Wilson,Ultra 100 V5 RG Turnierschläger unbesaitet,L3,00097512975445,167.95,240.0,,€,in_stock,https://www.tennis-point.de/products/wilson-ultra-100-v5-rg-turnierschlaeger-unbesaitet-00707604296000?_pos=42&_fid=c62ec0b6b&_ss=c
Tennis-Point,2026-07-15 20:07:34,rackets,unisex,Yonex,Percept 97 (310g) Turnierschläger,L2,4550675268763,216.95,309.95,,€,in_stock,https://www.tennis-point.de/products/yonex-percept-97-310g-turnierschlaeger-01907101986000?_pos=41&_fid=c62ec0b6b&_ss=c
Tennis-Point,2026-07-15 20:07:34,rackets,unisex,Yonex,Percept 97 (310g) Turnierschläger,L3,4550675268770,216.95,309.95,,€,in_stock,https://www.tennis-point.de/products/yonex-percept-97-310g-turnierschlaeger-01907101986000?_pos=41&_fid=c62ec0b6b&_ss=c
Tennis-Point,2026-07-15 20:07:42,rackets,unisex,Head,Squared Allroundschläger unbesaitet,L2,198772137298,229.95,260.0,,€,in_stock,https://www.tennis-point.de/products/head-squared-allroundschlaeger-unbesaitet-p0000001850501?_pos=40&_fid=c62ec0b6b&_ss=c
Tennis-Point,2026-07-15 20:07:42,rackets,unisex,Head,Squared Allroundschläger unbesaitet,L3,198772137304,229.95,260.0,,€,in_stock,https://www.tennis-point.de/products/head-squared-allroundschlaeger-unbesaitet-p0000001850501?_pos=40&_fid=c62ec0b6b&_ss=c
Tennis-Point,2026-07-15 20:07:52,rackets,unisex,Wilson,Blade 100 Pro V10 Turnierschläger unbesaitet,L2,00097512974912,259.95,290.0,,€,in_stock,https://www.tennis-point.de/products/wilson-blade-100-pro-v10-turnierschlaeger-unbesaitet-00707604286000?_pos=39&_fid=c62ec0b6b&_ss=c
Tennis-Point,2026-07-15 20:07:52,rackets,unisex,Wilson,Blade 100 Pro V10 Turnierschläger unbesaitet,L3,00097512974905,259.95,290.0,,€,in_stock,https://www.tennis-point.de/products/wilson-blade-100-pro-v10-turnierschlaeger-unbesaitet-00707604286000?_pos=39&_fid=c62ec0b6b&_ss=c
Tennis-Point,2026-07-15 20:08:03,rackets,unisex,Head,Boom MP 2026 Turnierschläger unbesaitet,L2,198772136017,207.95,260.0,,€,in_stock,https://www.tennis-point.de/products/head-boom-mp-2026-turnierschlaeger-unbesaitet-p0000001853001?_pos=38&_fid=c62ec0b6b&_ss=c
Tennis-Point,2026-07-15 20:08:03,rackets,unisex,Head,Boom MP 2026 Turnierschläger unbesaitet,L3,198772136024,207.95,260.0,,€,in_stock,https://www.tennis-point.de/products/head-boom-mp-2026-turnierschlaeger-unbesaitet-p0000001853001?_pos=38&_fid=c62ec0b6b&_ss=c
Tennis-Point,2026-07-15 20:08:08,rackets,unisex,Head,Gravity MP 2025 Turnierschläger,L2,726423385561,194.95,280.0,,€,in_stock,https://www.tennis-point.de/products/head-gravity-mp-2025-turnierschlaeger-00607504510000?_pos=37&_fid=c62ec0b6b&_ss=c
Tennis-Point,2026-07-15 20:08:08,rackets,unisex,Head,Gravity MP 2025 Turnierschläger,L3,726423385578,194.95,280.0,,€,in_stock,https://www.tennis-point.de/products/head-gravity-mp-2025-turnierschlaeger-00607504510000?_pos=37&_fid=c62ec0b6b&_ss=c
Tennis-Point,2026-07-15 20:09:39,shoes,women,K-Swiss,"Express Light 3 Sandplatzschuh Damen - weiß, grau",EU 39,199286145830,119.95,119.99,,€,in_stock,https://www.tennis-point.de/products/k-swiss-express-light-3-sandplatzschuh-damen-weiss-grau-a0000004301208
Tennis-Point,2026-07-15 20:09:59,shoes,women,K-Swiss,"Hypercourt Express 2 Sandplatzschuh Damen-Weiß,Koralle",EU 39,0196483713633,65.95,139.99,,€,in_stock,https://www.tennis-point.de/products/k-swiss-hypercourt-express-2-sandplatzschuh-damen-weisskoralle-01417502423000
Tennis-Point,2026-07-15 20:19:29,rackets,unisex,Head,Speed MP 2026 Turnierschläger unbesaitet,L2,198772135195,192.95,280.0,,€,in_stock,https://www.tennis-point.de/products/head-speed-mp-2026-turnierschlaeger-unbesaitet-p0000001851601?_pos=4&_fid=3198d3027&_ss=c
Tennis-Point,2026-07-15 20:19:29,rackets,unisex,Head,Speed MP 2026 Turnierschläger unbesaitet,L3,198772135201,192.95,280.0,,€,in_stock,https://www.tennis-point.de/products/head-speed-mp-2026-turnierschlaeger-unbesaitet-p0000001851601?_pos=4&_fid=3198d3027&_ss=c
Tennis-Point,2026-07-15 20:20:48,rackets,unisex,Yonex,EZONE 98 (2025) Turnierschläger,L2,4550468976202,224.95,279.95,,€,in_stock,https://www.tennis-point.de/products/yonex-ezone-98-2025-turnierschlaeger-01907501958000?_pos=13&_fid=3198d3027&_ss=c
Tennis-Point,2026-07-15 20:20:48,rackets,unisex,Yonex,EZONE 98 (2025) Turnierschläger,L3,4550468976219,224.95,279.95,,€,in_stock,https://www.tennis-point.de/products/yonex-ezone-98-2025-turnierschlaeger-01907501958000?_pos=13&_fid=3198d3027&_ss=c
Tennis-Point,2026-07-15 20:20:54,rackets,unisex,Wilson,Blade 100L V10 Turnierschläger unbesaitet,L2,00097512974806,224.95,250.0,,€,out_of_stock,https://www.tennis-point.de/products/wilson-blade-100l-v10-turnierschlaeger-unbesaitet-00707604279000?_pos=14&_fid=3198d3027&_ss=c
Tennis-Point,2026-07-15 20:20:54,rackets,unisex,Wilson,Blade 100L V10 Turnierschläger unbesaitet,L3,00097512974813,224.95,250.0,,€,in_stock,https://www.tennis-point.de/products/wilson-blade-100l-v10-turnierschlaeger-unbesaitet-00707604279000?_pos=14&_fid=3198d3027&_ss=c
Tennis-Point,2026-07-15 20:21:03,rackets,unisex,Wilson,Pro Staff 97 V14 Turnierschläger,L2,00097512683944,159.95,320.0,,€,in_stock,https://www.tennis-point.de/products/wilson-pro-staff-97-v14-turnierschlaeger-00706203875000?_pos=15&_fid=3198d3027&_ss=c
Tennis-Point,2026-07-15 20:21:03,rackets,unisex,Wilson,Pro Staff 97 V14 Turnierschläger,L3,00097512683937,159.95,320.0,,€,in_stock,https://www.tennis-point.de/products/wilson-pro-staff-97-v14-turnierschlaeger-00706203875000?_pos=15&_fid=3198d3027&_ss=c
Tennis-Point,2026-07-15 20:21:13,rackets,unisex,Wilson,Ultra 100 V4.0 Noir Turnierschläger,L2,00097512718134,139.95,250.0,,€,out_of_stock,https://www.tennis-point.de/products/wilson-ultra-100-v40-noir-turnierschlaeger-00706403964000?_pos=16&_fid=3198d3027&_ss=c
Tennis-Point,2026-07-15 20:21:13,rackets,unisex,Wilson,Ultra 100 V4.0 Noir Turnierschläger,L3,00097512718103,139.95,250.0,,€,in_stock,https://www.tennis-point.de/products/wilson-ultra-100-v40-noir-turnierschlaeger-00706403964000?_pos=16&_fid=3198d3027&_ss=c
Tennis-Point,2026-07-15 20:21:23,rackets,unisex,Wilson,Pro Staff X V14 Turnierschläger unbesaitet,L2,00097512683685,149.95,300.0,,€,in_stock,https://www.tennis-point.de/products/wilson-pro-staff-x-v14-turnierschlaeger-unbesaitet-00706203876000?_pos=17&_fid=3198d3027&_ss=c
Tennis-Point,2026-07-15 20:21:23,rackets,unisex,Wilson,Pro Staff X V14 Turnierschläger unbesaitet,L3,00097512683692,149.95,300.0,,€,in_stock,https://www.tennis-point.de/products/wilson-pro-staff-x-v14-turnierschlaeger-unbesaitet-00706203876000?_pos=17&_fid=3198d3027&_ss=c
Tennis-Point,2026-07-15 20:21:42,rackets,unisex,Head,Boom MP 2024 Turnierschläger,L2,724794924969,119.95,260.0,,€,in_stock,https://www.tennis-point.de/products/head-boom-mp-2024-turnierschlaeger-00606604331000?_pos=19&_fid=3198d3027&_ss=c
Tennis-Point,2026-07-15 20:21:42,rackets,unisex,Head,Boom MP 2024 Turnierschläger,L3,724794924976,119.95,260.0,,€,out_of_stock,https://www.tennis-point.de/products/head-boom-mp-2024-turnierschlaeger-00606604331000?_pos=19&_fid=3198d3027&_ss=c
Tennis-Point,2026-07-15 20:21:58,rackets,unisex,Head,Speed MP L 2026 Turnierschläger unbesaitet,L2,198772135317,172.95,250.0,,€,in_stock,https://www.tennis-point.de/products/head-speed-mp-l-2026-turnierschlaeger-unbesaitet-p0000001853301?_pos=21&_fid=3198d3027&_ss=c
Tennis-Point,2026-07-15 20:21:58,rackets,unisex,Head,Speed MP L 2026 Turnierschläger unbesaitet,L3,198772135324,172.95,250.0,,€,in_stock,https://www.tennis-point.de/products/head-speed-mp-l-2026-turnierschlaeger-unbesaitet-p0000001853301?_pos=21&_fid=3198d3027&_ss=c
Tennis-Point,2026-07-15 20:22:08,rackets,unisex,Wilson,Blade 104 V10 Turnierschläger unbesaitet,L2,00097512974684,229.95,260.0,,€,in_stock,https://www.tennis-point.de/products/wilson-blade-104-v10-turnierschlaeger-unbesaitet-00707604282000?_pos=22&_fid=3198d3027&_ss=c
Tennis-Point,2026-07-15 20:22:08,rackets,unisex,Wilson,Blade 104 V10 Turnierschläger unbesaitet,L3,00097512974691,229.95,260.0,,€,in_stock,https://www.tennis-point.de/products/wilson-blade-104-v10-turnierschlaeger-unbesaitet-00707604282000?_pos=22&_fid=3198d3027&_ss=c
Tennis-Point,2026-07-15 20:22:18,rackets,unisex,Head,Speed Pro 2024 Turnierschläger,L2,724794926024,149.95,300.0,,€,in_stock,https://www.tennis-point.de/products/head-speed-pro-2024-turnierschlaeger-00606604347000?_pos=23&_fid=3198d3027&_ss=c
Tennis-Point,2026-07-15 20:22:18,rackets,unisex,Head,Speed Pro 2024 Turnierschläger,L3,724794926031,149.95,300.0,,€,in_stock,https://www.tennis-point.de/products/head-speed-pro-2024-turnierschlaeger-00606604347000?_pos=23&_fid=3198d3027&_ss=c
Tennis-Point,2026-07-15 20:22:24,rackets,unisex,Wilson,Ultra 100L V4.0 Turnierschläger,L2,00097512640299,124.95,220.0,,€,in_stock,https://www.tennis-point.de/products/wilson-ultra-100l-v40-turnierschlaeger-00706003841000?_pos=24&_fid=3198d3027&_ss=c
Tennis-Point,2026-07-15 20:22:24,rackets,unisex,Wilson,Ultra 100L V4.0 Turnierschläger,L3,00097512640305,124.95,220.0,,€,in_stock,https://www.tennis-point.de/products/wilson-ultra-100l-v40-turnierschlaeger-00706003841000?_pos=24&_fid=3198d3027&_ss=c
Tennis-Point,2026-07-15 20:22:31,rackets,unisex,Wilson,Clash 100 V3.0 Turnierschläger,L2,00097512892544,198.95,250.0,,€,in_stock,https://www.tennis-point.de/products/wilson-clash-100-v30-turnierschlaeger-00707504149000?_pos=25&_fid=3198d3027&_ss=c
Tennis-Point,2026-07-15 20:22:31,rackets,unisex,Wilson,Clash 100 V3.0 Turnierschläger,L3,00097512892537,198.95,250.0,,€,in_stock,https://www.tennis-point.de/products/wilson-clash-100-v30-turnierschlaeger-00707504149000?_pos=25&_fid=3198d3027&_ss=c
Tennis-Point,2026-07-15 20:22:41,rackets,unisex,Wilson,Noir Blade 98 V9 16X19 Turnierschläger unbesaitet,L2,00097512928540,239.95,280.0,,€,in_stock,https://www.tennis-point.de/products/wilson-noir-blade-98-v9-16x19-turnierschlaeger-unbesaitet-00707504142000?_pos=26&_fid=3198d3027&_ss=c
Tennis-Point,2026-07-15 20:22:41,rackets,unisex,Wilson,Noir Blade 98 V9 16X19 Turnierschläger unbesaitet,L3,00097512928564,239.95,280.0,,€,in_stock,https://www.tennis-point.de/products/wilson-noir-blade-98-v9-16x19-turnierschlaeger-unbesaitet-00707504142000?_pos=26&_fid=3198d3027&_ss=c
Tennis-Point,2026-07-15 20:22:51,rackets,unisex,Wilson,RF 01 Turnierschläger,L2,00097512849715,189.95,280.0,,€,in_stock,https://www.tennis-point.de/products/wilson-rf-01-turnierschlaeger-00706704087000?_pos=27&_fid=3198d3027&_ss=c
Tennis-Point,2026-07-15 20:22:51,rackets,unisex,Wilson,RF 01 Turnierschläger,L3,00097512849685,189.95,280.0,,€,in_stock,https://www.tennis-point.de/products/wilson-rf-01-turnierschlaeger-00706704087000?_pos=27&_fid=3198d3027&_ss=c
Tennis-Point,2026-07-15 20:23:07,rackets,unisex,Wilson,Clash 100 V3.0 RG Turnierschläger unbesaitet,L2,00097512975353,201.95,240.0,,€,out_of_stock,https://www.tennis-point.de/products/wilson-clash-100-v30-rg-turnierschlaeger-unbesaitet-00707604294000?_pos=29&_fid=3198d3027&_ss=c
Tennis-Point,2026-07-15 20:23:07,rackets,unisex,Wilson,Clash 100 V3.0 RG Turnierschläger unbesaitet,L3,00097512975346,201.95,240.0,,€,in_stock,https://www.tennis-point.de/products/wilson-clash-100-v30-rg-turnierschlaeger-unbesaitet-00707604294000?_pos=29&_fid=3198d3027&_ss=c
Tennis-Point,2026-07-15 20:23:17,rackets,unisex,Wilson,Blade 98 18X20 V10 Turnierschläger unbesaitet,L2,00097512974981,259.95,290.0,,€,in_stock,https://www.tennis-point.de/products/wilson-blade-98-18x20-v10-turnierschlaeger-unbesaitet-00707604275000?_pos=31&_fid=3198d3027&_ss=c
Tennis-Point,2026-07-15 20:23:17,rackets,unisex,Wilson,Blade 98 18X20 V10 Turnierschläger unbesaitet,L3,00097512975032,259.95,290.0,,€,in_stock,https://www.tennis-point.de/products/wilson-blade-98-18x20-v10-turnierschlaeger-unbesaitet-00707604275000?_pos=31&_fid=3198d3027&_ss=c
Tennis-Point,2026-07-15 20:33:33,rackets,unisex,Wilson,Blade 100L V8 Bright Neon Green Turnierschläger,L2,00097512742856,139.95,240.0,,€,out_of_stock,https://www.tennis-point.de/products/wilson-blade-100l-v8-bright-neon-green-turnierschlaeger-00706404008000?_pos=248&_fid=79209fe7b&_ss=c
Tennis-Point,2026-07-15 20:33:33,rackets,unisex,Wilson,Blade 100L V8 Bright Neon Green Turnierschläger,L3,00097512742863,139.95,240.0,,€,in_stock,https://www.tennis-point.de/products/wilson-blade-100l-v8-bright-neon-green-turnierschlaeger-00706404008000?_pos=248&_fid=79209fe7b&_ss=c
Tennis-Point,2026-07-15 20:34:06,rackets,unisex,Dunlop,Dunlop LX 800 Komfortschläger,L2,0045566182456,125.95,179.95,,€,in_stock,https://www.tennis-point.de/products/dunlop-dunlop-lx-800-komfortschlaeger-01606702363000?_pos=252&_fid=79209fe7b&_ss=c
Tennis-Point,2026-07-15 20:34:06,rackets,unisex,Dunlop,Dunlop LX 800 Komfortschläger,L3,0045566182463,125.95,179.95,,€,in_stock,https://www.tennis-point.de/products/dunlop-dunlop-lx-800-komfortschlaeger-01606702363000?_pos=252&_fid=79209fe7b&_ss=c
Tennis-Point,2026-07-15 20:34:11,rackets,unisex,Dunlop,Dunlop LX 1000 Komfortschläger,L2,0045566182487,127.95,199.95,,€,in_stock,https://www.tennis-point.de/products/dunlop-dunlop-lx-1000-komfortschlaeger-01606802362000?_pos=253&_fid=79209fe7b&_ss=c
Tennis-Point,2026-07-15 20:34:11,rackets,unisex,Dunlop,Dunlop LX 1000 Komfortschläger,L3,0045566182494,127.95,199.95,,€,in_stock,https://www.tennis-point.de/products/dunlop-dunlop-lx-1000-komfortschlaeger-01606802362000?_pos=253&_fid=79209fe7b&_ss=c
Tennis-Point,2026-07-15 20:35:43,rackets,unisex,Wilson,US Open GS 105 Allroundschläger unbesaitet,L2,00097512970037,59.95,80.0,,€,in_stock,https://www.tennis-point.de/products/wilson-us-open-gs-105-allroundschlaeger-unbesaitet-00707604308000?_pos=264&_fid=79209fe7b&_ss=c
Tennis-Point,2026-07-15 20:35:43,rackets,unisex,Wilson,US Open GS 105 Allroundschläger unbesaitet,L3,00097512970044,59.95,80.0,,€,in_stock,https://www.tennis-point.de/products/wilson-us-open-gs-105-allroundschlaeger-unbesaitet-00707604308000?_pos=264&_fid=79209fe7b&_ss=c
Tennis-Point,2026-07-15 20:35:52,rackets,unisex,Wilson,Blade Feel 103 Allroundschläger unbesaitet,L2,00097512939508,75.95,110.0,,€,in_stock,https://www.tennis-point.de/products/wilson-blade-feel-103-allroundschlaeger-unbesaitet-00707604309000?_pos=265&_fid=79209fe7b&_ss=c
Tennis-Point,2026-07-15 20:35:52,rackets,unisex,Wilson,Blade Feel 103 Allroundschläger unbesaitet,L3,00097512939515,75.95,110.0,,€,in_stock,https://www.tennis-point.de/products/wilson-blade-feel-103-allroundschlaeger-unbesaitet-00707604309000?_pos=265&_fid=79209fe7b&_ss=c
Tennis-Point,2026-07-15 20:36:02,rackets,unisex,Wilson,Shift 99L V1 US Open Turnierschläger,L2,00097512932110,162.95,250.0,,€,in_stock,https://www.tennis-point.de/products/wilson-shift-99l-v1-us-open-turnierschlaeger-00707104230000?_pos=266&_fid=79209fe7b&_ss=c
Tennis-Point,2026-07-15 20:36:02,rackets,unisex,Wilson,Shift 99L V1 US Open Turnierschläger,L3,00097512941143,162.95,250.0,,€,in_stock,https://www.tennis-point.de/products/wilson-shift-99l-v1-us-open-turnierschlaeger-00707104230000?_pos=266&_fid=79209fe7b&_ss=c
Tennis-Point,2026-07-15 20:36:16,rackets,unisex,Yonex,VCORE 98L (2026) Turnierschläger unbesaitet,L2,4550675389154,219.95,289.9,,€,in_stock,https://www.tennis-point.de/products/yonex-vcore-98l-2026-turnierschlaeger-unbesaitet-p0000004730701?_pos=268&_fid=79209fe7b&_ss=c
Tennis-Point,2026-07-15 20:36:16,rackets,unisex,Yonex,VCORE 98L (2026) Turnierschläger unbesaitet,L3,4550675389161,219.95,289.9,,€,in_stock,https://www.tennis-point.de/products/yonex-vcore-98l-2026-turnierschlaeger-unbesaitet-p0000004730701?_pos=268&_fid=79209fe7b&_ss=c
Tennis-Point,2026-07-15 20:36:36,rackets,unisex,Dunlop,FX 500 LS Turnierschläger,L2,045566185112,171.95,229.99,,€,in_stock,https://www.tennis-point.de/products/dunlop-fx-500-ls-turnierschlaeger-p0000001521401?_pos=270&_fid=79209fe7b&_ss=c
Tennis-Point,2026-07-15 20:36:36,rackets,unisex,Dunlop,FX 500 LS Turnierschläger,L3,045566185129,171.95,229.99,,€,in_stock,https://www.tennis-point.de/products/dunlop-fx-500-ls-turnierschlaeger-p0000001521401?_pos=270&_fid=79209fe7b&_ss=c
Tennis-Point,2026-07-15 20:36:43,rackets,unisex,Dunlop,FX 500 Lite Allroundschläger,L2,045566185150,164.95,219.99,,€,in_stock,https://www.tennis-point.de/products/dunlop-fx-500-lite-allroundschlaeger-p0000001521601?_pos=271&_fid=79209fe7b&_ss=c
Tennis-Point,2026-07-15 20:36:43,rackets,unisex,Dunlop,FX 500 Lite Allroundschläger,L3,045566185167,164.95,219.99,,€,in_stock,https://www.tennis-point.de/products/dunlop-fx-500-lite-allroundschlaeger-p0000001521601?_pos=271&_fid=79209fe7b&_ss=c
Tennis-Point,2026-07-15 20:47:42,rackets,unisex,Wilson,Clash 100L V3.0 Turnierschläger,L2,00097512893602,182.95,230.0,,€,in_stock,https://www.tennis-point.de/products/wilson-clash-100l-v30-turnierschlaeger-00707504152000?_pos=32&_fid=3198d3027&_ss=c
Tennis-Point,2026-07-15 20:47:42,rackets,unisex,Wilson,Clash 100L V3.0 Turnierschläger,L3,00097512893572,182.95,230.0,,€,in_stock,https://www.tennis-point.de/products/wilson-clash-100l-v30-turnierschlaeger-00707504152000?_pos=32&_fid=3198d3027&_ss=c
Tennis-Point,2026-07-15 20:47:53,rackets,unisex,Wilson,Blade 98 18X20 V9 Turnierschläger,L2,00097512791915,175.95,280.0,,€,out_of_stock,https://www.tennis-point.de/products/wilson-blade-98-18x20-v9-turnierschlaeger-00706604025000?_pos=12&_fid=3198d3027&_ss=c
Tennis-Point,2026-07-15 20:47:53,rackets,unisex,Wilson,Blade 98 18X20 V9 Turnierschläger,L3,00097512791922,175.95,280.0,,€,in_stock,https://www.tennis-point.de/products/wilson-blade-98-18x20-v9-turnierschlaeger-00706604025000?_pos=12&_fid=3198d3027&_ss=c
Tennis-Point,2026-07-15 20:48:03,rackets,unisex,Wilson,Blade BLADE 98L V9 Turnierschläger,L2,00097512818773,164.95,280.0,,€,in_stock,https://www.tennis-point.de/products/wilson-blade-blade-98l-v9-turnierschlaeger-00706704140000?_pos=11&_fid=3198d3027&_ss=c
Tennis-Point,2026-07-15 20:48:03,rackets,unisex,Wilson,Blade BLADE 98L V9 Turnierschläger,L3,00097512818827,164.95,280.0,,€,out_of_stock,https://www.tennis-point.de/products/wilson-blade-blade-98l-v9-turnierschlaeger-00706704140000?_pos=11&_fid=3198d3027&_ss=c
Tennis-Point,2026-07-15 20:48:09,rackets,unisex,Wilson,Blade 98 16X19 V10 Turnierschläger unbesaitet,L2,00097512975087,259.95,290.0,,€,in_stock,https://www.tennis-point.de/products/wilson-blade-98-16x19-v10-turnierschlaeger-unbesaitet-00707604274000?_pos=10&_fid=3198d3027&_ss=c
Tennis-Point,2026-07-15 20:48:09,rackets,unisex,Wilson,Blade 98 16X19 V10 Turnierschläger unbesaitet,L3,00097512975094,259.95,290.0,,€,in_stock,https://www.tennis-point.de/products/wilson-blade-98-16x19-v10-turnierschlaeger-unbesaitet-00707604274000?_pos=10&_fid=3198d3027&_ss=c
Tennis-Point,2026-07-15 20:48:26,rackets,unisex,Wilson,Blade 100 V10 Turnierschläger unbesaitet,L2,00097512974820,249.95,280.0,,€,in_stock,https://www.tennis-point.de/products/wilson-blade-100-v10-turnierschlaeger-unbesaitet-00707604278000?_pos=8&_fid=3198d3027&_ss=c
Tennis-Point,2026-07-15 20:48:26,rackets,unisex,Wilson,Blade 100 V10 Turnierschläger unbesaitet,L3,00097512974875,249.95,280.0,,€,in_stock,https://www.tennis-point.de/products/wilson-blade-100-v10-turnierschlaeger-unbesaitet-00707604278000?_pos=8&_fid=3198d3027&_ss=c
Tennis-Point,2026-07-15 20:48:34,rackets,unisex,Wilson,Clash 100 V2.0 Turnierschläger,L2,00097512592109,139.95,250.0,,€,in_stock,https://www.tennis-point.de/products/wilson-clash-100-v20-turnierschlaeger-00705503744000?_pos=7&_fid=3198d3027&_ss=c
Tennis-Point,2026-07-15 20:48:34,rackets,unisex,Wilson,Clash 100 V2.0 Turnierschläger,L3,00097512592116,139.95,250.0,,€,in_stock,https://www.tennis-point.de/products/wilson-clash-100-v20-turnierschlaeger-00705503744000?_pos=7&_fid=3198d3027&_ss=c
Tennis-Point,2026-07-15 20:48:53,rackets,unisex,Wilson,Ultra 100L V5 Turnierschläger unbesaitet,L2,00199073010723,219.95,,,€,in_stock,https://www.tennis-point.de/products/wilson-ultra-100l-v5-turnierschlaeger-unbesaitet-p0000003290201?_pos=3&_fid=3198d3027&_ss=c
Tennis-Point,2026-07-15 20:48:53,rackets,unisex,Wilson,Ultra 100L V5 Turnierschläger unbesaitet,L3,00199073010709,219.95,,,€,out_of_stock,https://www.tennis-point.de/products/wilson-ultra-100l-v5-turnierschlaeger-unbesaitet-p0000003290201?_pos=3&_fid=3198d3027&_ss=c
Tennis-Point,2026-07-15 20:48:59,rackets,unisex,Wilson,Defyer 100 V1 Turnierschläger unbesaitet,L2,00199073066799,279.95,280.0,,€,in_stock,https://www.tennis-point.de/products/wilson-defyer-100-v1-turnierschlaeger-unbesaitet-p0000009761501?_pos=2&_fid=3198d3027&_ss=c
Tennis-Point,2026-07-15 20:48:59,rackets,unisex,Wilson,Defyer 100 V1 Turnierschläger unbesaitet,L3,00199073066805,279.95,280.0,,€,in_stock,https://www.tennis-point.de/products/wilson-defyer-100-v1-turnierschlaeger-unbesaitet-p0000009761501?_pos=2&_fid=3198d3027&_ss=c
Tennis-Point,2026-07-15 20:49:10,rackets,unisex,Wilson,Defyer 98 Pro V1 Turnierschläger unbesaitet,L2,00199073043486,289.95,290.0,,€,in_stock,https://www.tennis-point.de/products/wilson-defyer-98-pro-v1-turnierschlaeger-unbesaitet-p0000009760201?_pos=1&_fid=3198d3027&_ss=c
Tennis-Point,2026-07-15 20:49:10,rackets,unisex,Wilson,Defyer 98 Pro V1 Turnierschläger unbesaitet,L3,00199073043479,289.95,290.0,,€,in_stock,https://www.tennis-point.de/products/wilson-defyer-98-pro-v1-turnierschlaeger-unbesaitet-p0000009760201?_pos=1&_fid=3198d3027&_ss=c
Tennis-Point,2026-07-15 20:51:46,strings,unisex,Yonex,Poly Tour Air Saitenrolle 200m - blau,1.25 mm,4549317687222,112.95,149.95,,€,in_stock,https://www.tennis-point.de/products/yonex-poly-tour-air-saitenrolle-200m-blau-01953501243000
Tennis-Point,2026-07-15 20:53:43,shoes,men,Head,"Revolt Pro 4.5 Sandplatzschuh Herren-Weiß,Schwarz",EU 43,726423352518,84.95,160.0,,€,out_of_stock,https://www.tennis-point.de/products/head-revolt-pro-45-sandplatzschuh-herren-weissschwarz-00617501980000
Tennis-Point,2026-07-15 21:00:38,shoes,men,K-Swiss,"Hypercourt Supreme 2 Sandplatzschuh Herren-Weiß,Petrol",EU 43,0196483711424,95.95,169.99,,€,out_of_stock,https://www.tennis-point.de/products/k-swiss-hypercourt-supreme-2-sandplatzschuh-herren-weisspetrol-01417502437000
Tennis-Point,2026-07-15 21:03:13,shoes,men,K-Swiss,"Express Light 3 HB Allcourtschuh Herren-Weiß,Schwarz",EU 43,196483546187,77.95,119.99,,€,out_of_stock,https://www.tennis-point.de/products/k-swiss-express-light-3-hb-allcourtschuh-herren-weissschwarz-01416802404000
Tennis-Point,2026-07-15 21:03:44,shoes,men,Head,"Sprint Team 4.0  Allcourtschuh Herren-dunkelblau, hellgrün",EU 43,0198772058968,71.95,110.0,,€,out_of_stock,https://www.tennis-point.de/products/head-sprint-team-40-allcourtschuh-herren-dunkelblau-hellgruen-p0000004220401
Tennis-Point,2026-07-15 21:04:10,shoes,men,Head,"Sprint Pro 4.0 Teppichschuh Herren-Hellgrau,Braun",EU 43,198772019327,64.95,130.0,,€,out_of_stock,https://www.tennis-point.de/products/head-sprint-pro-40-teppichschuh-herren-hellgraubraun-00617102021000
Tennis-Point,2026-07-15 21:07:50,shoes,men,K-Swiss,"Accomplish Iv Allcourtschuh Herren-Weiß,Dunkelblau",EU 43,192935700985,96.95,129.99,,€,out_of_stock,https://www.tennis-point.de/products/k-swiss-accomplish-iv-allcourtschuh-herren-weissdunkelblau-01415802137000
Tennis-Point,2026-07-15 21:08:30,shoes,men,K-Swiss,"Hypercourt Supreme 2 Sandplatzschuh Herren-Weiß,Grün",EU 43,0196483819854,104.95,169.99,,€,out_of_stock,https://www.tennis-point.de/products/k-swiss-hypercourt-supreme-2-sandplatzschuh-herren-weissgruen-01417102466000
Tennis-Point,2026-07-15 21:08:40,shoes,men,Head,"Revolt Pro 4.5 Sandplatzschuh Herren-Dunkelblau,Rot",EU 43,726424129799,79.95,160.0,,€,out_of_stock,https://www.tennis-point.de/products/head-revolt-pro-45-sandplatzschuh-herren-dunkelblaurot-00617501978000
Tennis-Point,2026-07-15 21:08:50,shoes,men,K-Swiss,"Defier Rs Allcourtschuh Herren-Weiß,Dunkelblau",EU 43,0888758305482,111.95,149.99,,€,out_of_stock,https://www.tennis-point.de/products/k-swiss-defier-rs-allcourtschuh-herren-weissdunkelblau-01413401772000
Tennis-Point,2026-07-15 21:10:25,shoes,men,K-Swiss,"ULTRASHOT 4 Clay Sandplatzschuh Herren-blau, türkis",EU 43,196483934083,134.95,199.99,,€,out_of_stock,https://www.tennis-point.de/products/k-swiss-ultrashot-4-clay-sandplatzschuh-herren-blau-tuerkis-a0000004310801
Tennis-Point,2026-07-15 21:11:17,shoes,men,K-Swiss,"Express Light 3 Sandplatzschuh Herren - schwarz, blau",EU 43,196483936735,77.95,119.99,,€,out_of_stock,https://www.tennis-point.de/products/k-swiss-express-light-3-sandplatzschuh-herren-schwarz-blau-a0000004310401
Tennis-Point,2026-07-15 21:11:44,shoes,men,Head,"Revolt Court 5.0 Allcourtschuh Herren-weiß, schwarz",EU 43,0198772059767,54.95,85.0,,€,out_of_stock,https://www.tennis-point.de/products/head-revolt-court-50-allcourtschuh-herren-weiss-schwarz-p0000004230601
Tennis-Point,2026-07-15 21:12:54,shoes,men,K-Swiss,Express Light 3 Teppichschuh Herren-Weiß,EU 43,0196483682144,67.95,119.99,,€,out_of_stock,https://www.tennis-point.de/products/k-swiss-express-light-3-teppichschuh-herren-weiss-01416802411000
Tennis-Point,2026-07-15 21:13:55,shoes,men,K-Swiss,"Express Light 3 Sandplatzschuh Herren - limette, dunkelblau",EU 43,196483927672,119.95,129.95,,€,out_of_stock,https://www.tennis-point.de/products/k-swiss-express-light-3-sandplatzschuh-herren-limette-dunkelblau-01417102480000
Tennis-Point,2026-07-15 21:14:01,shoes,men,K-Swiss,"EXPRESS LIGHT 3 AC Allcourtschuh Herren-weiß, hellblau",EU 43,196483936605,81.95,119.99,,€,out_of_stock,https://www.tennis-point.de/products/k-swiss-express-light-3-ac-allcourtschuh-herren-weiss-hellblau-a0000004310501
Tennis-Point,2026-07-15 21:25:08,shoes,men,Head,"Revolt Pro 5.0  Sandplatzschuh Herren-dunkelblau, türkis",EU 43,0198772070328,88.95,160.0,,€,out_of_stock,https://www.tennis-point.de/products/head-revolt-pro-50-sandplatzschuh-herren-dunkelblau-tuerkis-p0000004231101
Tennis-Point,2026-07-15 21:25:25,strings,unisex,Yonex,Poly Tour Pro  Saitenrolle 200m-gelb,1.25 mm,4547656570205,135.95,169.95,,€,out_of_stock,https://www.tennis-point.de/products/yonex-poly-tour-pro-saitenrolle-200m-gelb-01952201212000
Tennis-Point,2026-07-15 21:26:39,strings,unisex,Yonex,Poly Tour Rev Saitenrolle 200m-Orange,1.25 mm,4550086890812,189.95,259.9,,€,out_of_stock,https://www.tennis-point.de/products/yonex-poly-tour-rev-saitenrolle-200m-orange-01955401258000
Tennis-Point,2026-07-15 21:28:17,shoes,men,Head,"Sprint Team 4.0  Sandplatzschuh Herren-dunkelblau, hellgrün",EU 43,0198772059125,67.95,110.0,,€,out_of_stock,https://www.tennis-point.de/products/head-sprint-team-40-sandplatzschuh-herren-dunkelblau-hellgruen-p0000004231001
Tennis-Point,2026-07-15 21:29:12,shoes,men,Head,"Sprint Pro 4.0  Sandplatzschuh Herren-rot, dunkelrot",EU 43,0198772056223,104.95,160.0,,€,out_of_stock,https://www.tennis-point.de/products/head-sprint-pro-40-sandplatzschuh-herren-rot-dunkelrot-p0000004231501
Tennis-Point,2026-07-15 21:30:44,shoes,men,Head,"Endure Pro BOA Sandplatzschuh Herren-Weiß,Gelb",EU 43,0198772054410,142.95,220.0,,€,out_of_stock,https://www.tennis-point.de/products/head-endure-pro-boa-sandplatzschuh-herren-weissgelb-00617002019000
Tennis-Point,2026-07-15 21:31:40,shoes,men,K-Swiss,"ULTRASHOT LIGHT  AC Allcourtschuh Herren-weiß, blau",EU 43,199286039535,57.95,99.99,,€,in_stock,https://www.tennis-point.de/products/k-swiss-ultrashot-light-ac-allcourtschuh-herren-weiss-blau-p0000004301401
Tennis-Point,2026-07-15 21:31:49,shoes,men,Head,"Revolt Pro 5.0  Allcourtschuh Herren-weiß, dunkelblau",EU 43,0198772057688,94.95,160.0,,€,out_of_stock,https://www.tennis-point.de/products/head-revolt-pro-50-allcourtschuh-herren-weiss-dunkelblau-p0000004221101
Tennis-Point,2026-07-15 21:32:06,shoes,men,Head,"Sprint Pro 4.0  Sandplatzschuh Herren-hellgrau, lila",EU 43,0198772056544,95.95,160.0,,€,out_of_stock,https://www.tennis-point.de/products/head-sprint-pro-40-sandplatzschuh-herren-hellgrau-lila-p0000004230201
Tennis-Point,2026-07-15 21:35:00,strings,unisex,Head,Hawk Saitenrolle 200m-Grau,1.25 mm,0726423882381,118.95,200.0,,€,in_stock,https://www.tennis-point.de/products/head-hawk-saitenrolle-200m-grau-00652602258000
Tennis-Point,2026-07-15 21:35:45,strings,unisex,Solinco,Tour Bite Diamond Rough Saitenrolle 200m-Silber,1.25 mm,812753012144,119.95,185.0,,€,in_stock,https://www.tennis-point.de/products/solinco-tour-bite-diamond-rough-saitenrolle-200m-silber-05553101223000
Tennis-Point,2026-07-15 21:49:07,shoes,men,K-Swiss,"HYPERCOURT SUPREME 2 Clay Sandplatzschuh Herren-blau, weiß",EU 43,196483937510,109.95,169.99,,€,out_of_stock,https://www.tennis-point.de/products/k-swiss-hypercourt-supreme-2-clay-sandplatzschuh-herren-blau-weiss-a0000004310601
Tennis-Point,2026-07-15 21:51:26,shoes,men,Head,"Sprint Pro 4.0  Sandplatzschuh Herren-dunkelblau, türkis",EU 43,0198772055905,95.95,160.0,,€,out_of_stock,https://www.tennis-point.de/products/head-sprint-pro-40-sandplatzschuh-herren-dunkelblau-tuerkis-p0000004231201
Tennis-Point,2026-07-15 21:55:41,strings,unisex,Head,Velocity MLT Power Saitenrolle 200m - nude,1.25 mm,0726423228363,86.95,130.0,,€,in_stock,https://www.tennis-point.de/products/head-velocity-mlt-power-saitenrolle-200m-nude-p0000005490201
Tennis-Point,2026-07-15 21:55:48,strings,unisex,Head,Velocity MLT Power Saitenrolle 200m - schwarz,1.25 mm,0726423228356,82.95,130.0,,€,in_stock,https://www.tennis-point.de/products/head-velocity-mlt-power-saitenrolle-200m-schwarz-p0000005480201
Tennis-Point,2026-07-15 21:56:12,strings,unisex,Head,IntelliTour Saitenrolle 200m-Beige,1.25 mm,0724794184998,109.95,180.0,,€,in_stock,https://www.tennis-point.de/products/head-intellitour-saitenrolle-200m-beige-00650002132000
Tennis-Point,2026-07-15 21:56:22,strings,unisex,Wilson,Repel Saitenrolle 200m-Nude,1.25 mm,097512920841,112.95,190.0,,€,in_stock,https://www.tennis-point.de/products/wilson-repel-saitenrolle-200m-nude-00757002047000
Tennis-Point,2026-07-15 21:56:52,strings,unisex,Head,Hawk Power Saitenrolle 200m-Anthrazit,1.25 mm,724794418505,133.95,200.0,,€,in_stock,https://www.tennis-point.de/products/head-hawk-power-saitenrolle-200m-anthrazit-00655802329000
Tennis-Point,2026-07-15 21:57:25,strings,unisex,Head,Lynx Saitenrolle 200m (Special Edition)-Nude,1.25 mm,0724794242827,129.95,150.0,,€,in_stock,https://www.tennis-point.de/products/head-lynx-saitenrolle-200m-special-edition-nude-00654602305000
Tennis-Point,2026-07-15 21:59:47,shoes,men,K-Swiss,"ULTRASHOT TEAM 2 Clay Sandplatzschuh Herren-weiß, blau",EU 43,196483934649,75.95,129.99,,€,in_stock,https://www.tennis-point.de/products/k-swiss-ultrashot-team-2-clay-sandplatzschuh-herren-weiss-blau-p0000004310901
Tennis-Point,2026-07-15 22:01:44,shoes,men,K-Swiss,"Court Express 2 Sandplatzschuh Herren-Schwarz,Weiß",EU 43,0196483816099,39.95,79.99,,€,in_stock,https://www.tennis-point.de/products/k-swiss-court-express-2-sandplatzschuh-herren-schwarzweiss-01417102472000
Tennis-Point,2026-07-15 22:03:01,strings,unisex,Yonex,Poly Tour Strike Saitenrolle 200m - schwarz,1.25 mm,4550086139379,151.95,259.9,,€,in_stock,https://www.tennis-point.de/products/yonex-poly-tour-strike-saitenrolle-200m-schwarz-01954401246000
Tennis-Point,2026-07-15 22:04:22,strings,unisex,Yonex,Poly Tour Rev Saitenrolle 200m-Lila,1.25 mm,4550468075967,179.95,259.9,,€,out_of_stock,https://www.tennis-point.de/products/yonex-poly-tour-rev-saitenrolle-200m-lila-01956701273000
Tennis-Point,2026-07-15 22:04:56,strings,unisex,Solinco,Outlast Saitenrolle 200m-Rot,1.25 mm,812753010362,79.95,135.0,,€,in_stock,https://www.tennis-point.de/products/solinco-outlast-saitenrolle-200m-rot-05550201208000
Tennis-Point,2026-07-15 22:05:05,strings,unisex,Luxilon,4G Saitenrolle 200m-Schwarz,1.25 mm,00097512627863,237.95,350.0,,€,in_stock,https://www.tennis-point.de/products/luxilon-4g-saitenrolle-200m-schwarz-02756001341000
Tennis-Point,2026-07-15 22:05:32,strings,unisex,Solinco,Revolution Saitenrolle 200m-Blau,1.25 mm,812753010324,92.95,150.0,,€,in_stock,https://www.tennis-point.de/products/solinco-revolution-saitenrolle-200m-blau-05550201207000
Tennis-Point,2026-07-15 22:05:39,strings,unisex,Head,Lynx Touch Saitenrolle 200m-Grau,1.25 mm,724794399576,99.95,150.0,,€,in_stock,https://www.tennis-point.de/products/head-lynx-touch-saitenrolle-200m-grau-00655802331000
Tennis-Point,2026-07-15 22:05:46,strings,unisex,Head,Lynx Saitenrolle 200m-Neongelb,1.25 mm,0726423942337,99.95,150.0,,€,in_stock,https://www.tennis-point.de/products/head-lynx-saitenrolle-200m-neongelb-00652802263000
Tennis-Point,2026-07-15 22:06:32,strings,unisex,Luxilon,Eco Power Saitenrolle 200m-Petrol,1.25 mm,00097512655705,115.95,170.0,,€,in_stock,https://www.tennis-point.de/products/luxilon-eco-power-saitenrolle-200m-petrol-02756201350000
Tennis-Point,2026-07-15 22:06:56,strings,unisex,Luxilon,Eco Rough Saitenrolle 200m-Grau,1.25 mm,0097512718943,109.95,170.0,,€,in_stock,https://www.tennis-point.de/products/luxilon-eco-rough-saitenrolle-200m-grau-02756401352000
Tennis-Point,2026-07-15 22:07:15,strings,unisex,Solinco,Barb Wire Saitenrolle 200m-Schwarz,1.25 mm,812753010768,119.95,185.0,,€,in_stock,https://www.tennis-point.de/products/solinco-barb-wire-saitenrolle-200m-schwarz-05550201205000
Tennis-Point,2026-07-15 22:07:25,strings,unisex,Head,Hawk Saitenrolle 200m-Schwarz,1.25 mm,724794338575,128.95,200.0,,€,in_stock,https://www.tennis-point.de/products/head-hawk-saitenrolle-200m-schwarz-00655402319000
Tennis-Point,2026-07-15 22:18:48,shoes,men,Head,"Sprint Evo 4.0 Sandplatzschuh Herren-creme, rot",EU 43,0198772153038,89.95,130.0,,€,in_stock,https://www.tennis-point.de/products/head-sprint-evo-40-sandplatzschuh-herren-creme-rot-p0000004650201
Tennis-Point,2026-07-15 22:23:37,strings,unisex,Head,Velocity MLT Saitenrolle 200m-Gelb,1.25 mm,726424946013,86.95,130.0,,€,in_stock,https://www.tennis-point.de/products/head-velocity-mlt-saitenrolle-200m-gelb-00655402325000
Tennis-Point,2026-07-15 22:23:58,strings,unisex,Head,RIP Control Saitenrolle 200m-Nude,1.25 mm,0724794484265,91.95,160.0,,€,in_stock,https://www.tennis-point.de/products/head-rip-control-saitenrolle-200m-nude-00650002189000
Tennis-Point,2026-07-15 22:24:32,strings,unisex,Solinco,Confidential Saitenrolle 200m-Schwarz,1.25 mm,812753013455,119.95,185.0,,€,in_stock,https://www.tennis-point.de/products/solinco-confidential-saitenrolle-200m-schwarz-05555001232000
Tennis-Point,2026-07-15 22:24:49,strings,unisex,Luxilon,Element Bronze Saitenrolle 200m-Bronze,1.25 mm,00887768269586,183.95,270.0,,€,in_stock,https://www.tennis-point.de/products/luxilon-element-bronze-saitenrolle-200m-bronze-02753101292000
Tennis-Point,2026-07-15 22:25:03,strings,unisex,Head,Hawk Touch Rough Saitenrolle 200m - schwarz,1.25 mm,0198772020712,124.95,200.0,,€,in_stock,https://www.tennis-point.de/products/head-hawk-touch-rough-saitenrolle-200m-schwarz-p0000005470201
Tennis-Point,2026-07-15 22:25:44,strings,unisex,Wilson,Poly Pro Saitenrolle 200m-Silber,1.25 mm,00887768236328,57.95,85.0,,€,in_stock,https://www.tennis-point.de/products/wilson-poly-pro-saitenrolle-200m-silber-00753002004000
Tennis-Point,2026-07-15 22:25:54,strings,unisex,Head,Lynx Saitenrolle 200m-Grün,1.25 mm,726424791897,99.95,150.0,,€,in_stock,https://www.tennis-point.de/products/head-lynx-saitenrolle-200m-gruen-00655402322000
Tennis-Point,2026-07-15 22:26:11,strings,unisex,Luxilon,Alu Power Ocean Saitenrolle 200m-Blau,1.25 mm,00097512658461,223.95,330.0,,€,in_stock,https://www.tennis-point.de/products/luxilon-alu-power-ocean-saitenrolle-200m-blau-02756201351000
Tennis-Point,2026-07-15 22:26:40,strings,unisex,Head,RIP Control Saitenrolle 200m-Schwarz,1.25 mm,0724794523629,106.95,160.0,,€,in_stock,https://www.tennis-point.de/products/head-rip-control-saitenrolle-200m-schwarz-00650002172000
Tennis-Point,2026-07-15 22:26:50,strings,unisex,Luxilon,4G Saitenrolle 200m-Gold,1.25 mm,00883813850990,237.95,350.0,,€,in_stock,https://www.tennis-point.de/products/luxilon-4g-saitenrolle-200m-gold-02752001281000
Tennis-Point,2026-07-15 22:26:57,strings,unisex,Luxilon,4G Rough Saitenrolle 200m-Gold,1.25 mm,00883813997336,292.95,350.0,,€,in_stock,https://www.tennis-point.de/products/luxilon-4g-rough-saitenrolle-200m-gold-02752601282000
Tennis-Point,2026-07-15 22:37:48,strings,unisex,Solinco,Tour Bite Saitenrolle 200m-Silber,1.25 mm,812753010287,119.95,185.0,,€,in_stock,https://www.tennis-point.de/products/solinco-tour-bite-saitenrolle-200m-silber-05550201206000
Tennis-Point,2026-07-15 22:37:58,strings,unisex,Solinco,Hyper-G Soft Saitenrolle 200m-Grün,1.25 mm,812753013370,119.95,185.0,,€,in_stock,https://www.tennis-point.de/products/solinco-hyper-g-soft-saitenrolle-200m-gruen-05556001234000
Tennis-Point,2026-07-15 22:38:13,strings,unisex,Luxilon,Adrenaline Century20 Saitenrolle 200m (Special Edition)-Schwarz,1.25 mm,0097512412810,149.95,219.95,,€,in_stock,https://www.tennis-point.de/products/luxilon-adrenaline-century20-saitenrolle-200m-special-edition-schwarz-02754601325000
Tennis-Point,2026-07-15 22:38:24,strings,unisex,Luxilon,Alu Power Saitenrolle 200m-Silber,1.25 mm,00851589000208,279.95,330.0,,€,in_stock,https://www.tennis-point.de/products/luxilon-alu-power-saitenrolle-200m-silber-02750001216000
Tennis-Point,2026-07-15 22:38:28,strings,unisex,Solinco,Hyper-G Saitenrolle 200m-Grün,1.25 mm,812753012359,119.95,185.0,,€,in_stock,https://www.tennis-point.de/products/solinco-hyper-g-saitenrolle-200m-gruen-05553501228000
Tennis-Point,2026-07-15 22:40:46,shoes,men,K-Swiss,"Hypercourt Express 2 Sandplatzschuh Herren-Hellgrau,Dunkelblau",EU 43,0196483713190,79.95,139.99,,€,out_of_stock,https://www.tennis-point.de/products/k-swiss-hypercourt-express-2-sandplatzschuh-herren-hellgraudunkelblau-01417502438000
Tennis-Point,2026-07-15 22:42:05,shoes,men,Head,Endure Pro BOA Sandplatzschuh Herren - dunkelblau,EU 43,198772069742,197.95,220.0,,€,in_stock,https://www.tennis-point.de/products/head-endure-pro-boa-sandplatzschuh-herren-dunkelblau-a0000010570301
Tennis-Point,2026-07-15 22:44:03,strings,unisex,Head,Lynx Tour Reel Saitenrolle 200m-Orange,1.25 mm,724794057513,99.95,150.0,,€,out_of_stock,https://www.tennis-point.de/products/head-lynx-tour-reel-saitenrolle-200m-orange-00655402320000
Tennis-Point,2026-07-15 22:44:32,strings,unisex,Head,Lynx Tour Reel Saitenrolle 200m-Grau,1.25 mm,724794338629,99.95,150.0,,€,in_stock,https://www.tennis-point.de/products/head-lynx-tour-reel-saitenrolle-200m-grau-00655102308000
Tennis-Point,2026-07-15 22:44:41,strings,unisex,Head,Hawk Touch  Saitenrolle 200m - anthrazit,1.25 mm,724794328934,133.95,200.0,,€,in_stock,https://www.tennis-point.de/products/head-hawk-touch-saitenrolle-200m-anthrazit-00655402318000
Tennis-Point,2026-07-15 22:44:51,strings,unisex,Head,Lynx Tour Reel Saitenrolle 200m-Nude,1.25 mm,0724794245880,99.95,150.0,,€,in_stock,https://www.tennis-point.de/products/head-lynx-tour-reel-saitenrolle-200m-nude-00655002306000
Tennis-Point,2026-07-15 22:45:08,strings,unisex,Head,Lynx Saitenrolle 200m-Anthrazit,1.25 mm,0726423942306,99.95,150.0,,€,in_stock,https://www.tennis-point.de/products/head-lynx-saitenrolle-200m-anthrazit-00652802261000
Tennis-Point,2026-07-15 22:45:21,strings,unisex,Solinco,Tour Bite Soft Saitenrolle 200m-Silber,1.25 mm,812753011949,119.95,185.0,,€,in_stock,https://www.tennis-point.de/products/solinco-tour-bite-soft-saitenrolle-200m-silber-05552201220000
Tennis-Point,2026-07-15 22:45:51,strings,unisex,Head,Sonic Pro Saitenrolle 200m-Schwarz,1.25 mm,0726423275367,66.95,100.0,,€,in_stock,https://www.tennis-point.de/products/head-sonic-pro-saitenrolle-200m-schwarz-00650002204000
Tennis-Point,2026-07-15 22:46:07,strings,unisex,Head,Lynx Tour Reel Saitenrolle 200m-Schwarz,1.25 mm,724794482377,99.95,150.0,,€,in_stock,https://www.tennis-point.de/products/head-lynx-tour-reel-saitenrolle-200m-schwarz-00656202339000
Tennis-Point,2026-07-15 22:46:32,strings,unisex,Wilson,Revolve Spin Saitenrolle 200m-Schwarz,1.25 mm,00887768515409,121.95,180.0,,€,in_stock,https://www.tennis-point.de/products/wilson-revolve-spin-saitenrolle-200m-schwarz-00753802013000
Tennis-Point,2026-07-15 22:47:08,strings,unisex,Solinco,Confidential Soft  Saitenrolle 200m - pink,1.25 mm,812753017897,124.95,185.0,,€,in_stock,https://www.tennis-point.de/products/solinco-confidential-soft-saitenrolle-200m-pink-p0000007710201
Tennis-Point,2026-07-15 22:47:27,strings,unisex,Head,Velocity MLT Saitenrolle 200m-Schwarz,1.25 mm,0726424106578,86.95,130.0,,€,in_stock,https://www.tennis-point.de/products/head-velocity-mlt-saitenrolle-200m-schwarz-00653002270000
Tennis-Point,2026-07-15 22:47:35,strings,unisex,Wilson,Revolve Saitenrolle 200m-Orange,1.25 mm,00887768318024,109.95,170.0,,€,in_stock,https://www.tennis-point.de/products/wilson-revolve-saitenrolle-200m-orange-00753002000000
Tennis-Point,2026-07-15 22:53:20,strings,unisex,Head,Velocity MLT Saitenrolle 200m-Nude,1.25 mm,0726424106585,86.95,130.0,,€,in_stock,https://www.tennis-point.de/products/head-velocity-mlt-saitenrolle-200m-nude-00653002268000
Tennis-Point,2026-07-15 22:53:38,strings,unisex,Wilson,Revolve Saitenrolle 200m-Weiß,1.25 mm,00887768140120,115.95,170.0,,€,in_stock,https://www.tennis-point.de/products/wilson-revolve-saitenrolle-200m-weiss-00753002002000
Tennis-Point,2026-07-15 22:54:14,strings,unisex,Solinco,Mach 10 Saitenrolle 200m-Blau,1.25 mm,812753017347,139.95,210.0,,€,in_stock,https://www.tennis-point.de/products/solinco-mach-10-saitenrolle-200m-blau-05557001242000
Tennis-Point,2026-07-15 22:54:44,strings,unisex,Wilson,Revolve Spin Saitenrolle 200m-Grün,1.25 mm,00887768515393,117.95,180.0,,€,in_stock,https://www.tennis-point.de/products/wilson-revolve-spin-saitenrolle-200m-gruen-00753802014000
Tennis-Point,2026-07-15 22:54:52,strings,unisex,Head,Hawk Saitenrolle 200m-Weiß,1.25 mm,0726423882398,133.95,200.0,,€,in_stock,https://www.tennis-point.de/products/head-hawk-saitenrolle-200m-weiss-00652602256000
Tennis-Point,2026-07-15 22:55:07,strings,unisex,Luxilon,4G Soft Saitenrolle 200m-Gold,1.25 mm,00883813852772,204.95,350.0,,€,in_stock,https://www.tennis-point.de/products/luxilon-4g-soft-saitenrolle-200m-gold-02753001289000
Tennis-Point,2026-07-15 22:55:34,strings,unisex,Luxilon,Alu Power Black Ltd Saitenrolle 200m-Schwarz,1.25 mm,0097512599948,223.95,330.0,,€,in_stock,https://www.tennis-point.de/products/luxilon-alu-power-black-ltd-saitenrolle-200m-schwarz-02755501335000
Tennis-Point,2026-07-15 22:55:46,strings,unisex,Luxilon,Alu Power Soft Saitenrolle 200m-Silber,1.25 mm,00887768269579,215.95,330.0,,€,in_stock,https://www.tennis-point.de/products/luxilon-alu-power-soft-saitenrolle-200m-silber-02753001287000
Tennis-Point,2026-07-15 22:56:43,strings,unisex,Wilson,Sensation Saitenrolle 200m-Nude,1.25 mm,00887768140229,94.95,140.0,,€,in_stock,https://www.tennis-point.de/products/wilson-sensation-saitenrolle-200m-nude-00752601971000
Tennis-Point,2026-07-15 22:57:08,strings,unisex,Yonex,Poly Tour Rev Saitenrolle 200m-Mint,1.25 mm,4550468618270,181.95,259.95,,€,in_stock,https://www.tennis-point.de/products/yonex-poly-tour-rev-saitenrolle-200m-mint-01956701274000
Tennis-Point,2026-07-15 22:58:21,strings,unisex,Head,Sonic Pro Saitenrolle 200m-Weiß,1.25 mm,0724794848142,66.95,100.0,,€,in_stock,https://www.tennis-point.de/products/head-sonic-pro-saitenrolle-200m-weiss-00650002112000
Tennis-Point,2026-07-15 22:58:52,strings,unisex,Head,Reflex MLT Saitenrolle 200m-Nude,1.25 mm,0726424106509,146.95,220.0,,€,in_stock,https://www.tennis-point.de/products/head-reflex-mlt-saitenrolle-200m-nude-00653002274000
Tennis-Point,2026-07-15 23:10:12,shoes,men,Head,"Endure Pro  Sandplatzschuh Herren-dunkelblau, dunkelblau",EU 43,0198772055264,107.95,180.0,,€,out_of_stock,https://www.tennis-point.de/products/head-endure-pro-sandplatzschuh-herren-dunkelblau-dunkelblau-p0000004230501
Tennis-Point,2026-07-15 23:10:55,shoes,men,K-Swiss,Express Light 3 Sandplatzschuh Herren - hellblau,EU 43,0196483715453,73.95,119.99,,€,out_of_stock,https://www.tennis-point.de/products/k-swiss-express-light-3-sandplatzschuh-herren-hellblau-01417502442000
Tennis-Point,2026-07-15 23:11:24,shoes,men,K-Swiss,"ULTRASHOT LIGHT Clay Sandplatzschuh Herren-weiß, blau",EU 43,199286039405,61.95,99.99,,€,out_of_stock,https://www.tennis-point.de/products/k-swiss-ultrashot-light-clay-sandplatzschuh-herren-weiss-blau-p0000004301302
Tennis-Point,2026-07-15 23:11:53,shoes,men,K-Swiss,"K-Frame Speed Rublo Allcourtschuh Herren - beige, dunkelblau",EU 43,196483937640,113.95,179.99,,€,out_of_stock,https://www.tennis-point.de/products/k-swiss-k-frame-speed-rublo-allcourtschuh-herren-beige-dunkelblau-p0000004311201
Tennis-Point,2026-07-15 23:12:45,shoes,men,K-Swiss,"Hypercourt Pinnacle Allcourtschuh Herren - weiß, blau",EU 43,196483933369,109.95,189.99,,€,out_of_stock,https://www.tennis-point.de/products/k-swiss-hypercourt-pinnacle-allcourtschuh-herren-weiss-blau-p0000004311001
Tennis-Point,2026-07-15 23:13:01,shoes,men,K-Swiss,"Receiver V Allcourtschuh Herren-Weiß,Dunkelblau",EU 43,192935722383,81.95,109.99,,€,out_of_stock,https://www.tennis-point.de/products/k-swiss-receiver-v-allcourtschuh-herren-weissdunkelblau-01415802141000
Tennis-Point,2026-07-15 23:14:14,shoes,men,K-Swiss,"ULTRASHOT LIGHT Clay Sandplatzschuh Herren-weiß, schwarz",EU 43,199286034455,61.95,99.99,,€,out_of_stock,https://www.tennis-point.de/products/k-swiss-ultrashot-light-clay-sandplatzschuh-herren-weiss-schwarz-p0000004301301
Tennis-Point,2026-07-15 23:14:55,shoes,men,K-Swiss,"Hypercourt Express 2 Sandplatzschuh Herren-Petrol,Hellgrau",EU 43,196483473629,74.95,150.0,,€,out_of_stock,https://www.tennis-point.de/products/k-swiss-hypercourt-express-2-sandplatzschuh-herren-petrolhellgrau-01416602363000
Tennis-Point,2026-07-15 23:18:57,shoes,men,K-Swiss,"K-FRAME SPEED RUBLO Clay Sandplatzschuh Herren-beige, dunkelblau",EU 43,196483938098,125.95,179.99,,€,out_of_stock,https://www.tennis-point.de/products/k-swiss-k-frame-speed-rublo-clay-sandplatzschuh-herren-beige-dunkelblau-a0000004311101
Tennis-Point,2026-07-15 23:20:04,shoes,men,K-Swiss,"Hypercourt Express 2 Sandplatzschuh Herren-Schwarz,Mehrfarbig",EU 43,0196483786606,79.95,139.99,,€,out_of_stock,https://www.tennis-point.de/products/k-swiss-hypercourt-express-2-sandplatzschuh-herren-schwarzmehrfarbig-01417502449000
Tennis-Point,2026-07-15 23:21:02,shoes,men,K-Swiss,"Express Light 3 Sandplatzschuh Herren - grau, khaki",EU 43,196483936995,83.95,119.99,,€,out_of_stock,https://www.tennis-point.de/products/k-swiss-express-light-3-sandplatzschuh-herren-grau-khaki-a0000004310403
Tennis-Point,2026-07-15 23:21:42,shoes,men,Head,"Sprint EVO 4.0  Allcourtschuh Herren-weiß, schwarz",EU 43,0198772058487,76.95,130.0,,€,out_of_stock,https://www.tennis-point.de/products/head-sprint-evo-40-allcourtschuh-herren-weiss-schwarz-p0000004230901
Tennis-Point,2026-07-15 23:21:53,shoes,men,K-Swiss,"HYPERCOURT EXPRESS 3 AC Allcourtschuh Herren-blau, schwarz",EU 43,196483935301,96.95,149.99,,€,out_of_stock,https://www.tennis-point.de/products/k-swiss-hypercourt-express-3-ac-allcourtschuh-herren-blau-schwarz-p0000004301001
Tennis-Point,2026-07-15 23:22:20,shoes,men,Head,"Endure Pro Sandplatzschuh Herren-schwarz, rot",EU 43,0198772069599,142.95,220.0,,€,out_of_stock,https://www.tennis-point.de/products/head-endure-pro-sandplatzschuh-herren-schwarz-rot-p0000004231301
Tennis-Point,2026-07-15 23:22:49,shoes,men,K-Swiss,"HYPERCOURT EXPRESS 3 Clay Sandplatzschuh Herren-dunkelgrau, beige",EU 43,196483935431,99.95,149.99,,€,out_of_stock,https://www.tennis-point.de/products/k-swiss-hypercourt-express-3-clay-sandplatzschuh-herren-dunkelgrau-beige-p0000004300801
Tennis-Point,2026-07-15 23:24:07,shoes,men,K-Swiss,"HYPERCOURT EXPRESS 3 Clay Sandplatzschuh Herren-blau, schwarz",EU 43,196483935691,101.95,149.99,,€,out_of_stock,https://www.tennis-point.de/products/k-swiss-hypercourt-express-3-clay-sandplatzschuh-herren-blau-schwarz-p0000004300803
Tennis-Point,2026-07-15 23:25:01,shoes,men,K-Swiss,"HYPERCOURT EXPRESS 3 Clay Sandplatzschuh Herren-weiß, blau",EU 43,196483935561,96.95,149.99,,€,out_of_stock,https://www.tennis-point.de/products/k-swiss-hypercourt-express-3-clay-sandplatzschuh-herren-weiss-blau-p0000004300802
Tennis-Point,2026-07-15 23:25:58,strings,unisex,Wilson,Sensation Plus Saitenrolle 200m-Schwarz,1.25 mm,0887768757977,108.95,150.0,,€,in_stock,https://www.tennis-point.de/products/wilson-sensation-plus-saitenrolle-200m-schwarz-00754602019000
Tennis-Point,2026-07-15 23:27:52,strings,unisex,Wilson,Revolve Saitenrolle 200m-Grau,1.25 mm,00887768277727,99.95,170.0,,€,in_stock,https://www.tennis-point.de/products/wilson-revolve-saitenrolle-200m-grau-00753002001000
Tennis-Point,2026-07-15 23:28:15,strings,unisex,Yonex,Poly Tour Rev Saitenrolle 200m-Weiß,1.25 mm,4550468075899,181.95,259.9,,€,out_of_stock,https://www.tennis-point.de/products/yonex-poly-tour-rev-saitenrolle-200m-weiss-01956701272000
Tennis-Point,2026-07-15 23:28:43,strings,unisex,Wilson,Revolve Twist Saitenrolle 200m-Rot,1.25 mm,00887768758134,143.95,180.0,,€,in_stock,https://www.tennis-point.de/products/wilson-revolve-twist-saitenrolle-200m-rot-00754602023000
Tennis-Point,2026-07-15 23:29:06,strings,unisex,Head,Sonic Pro Touch Saitenrolle 200m - anthrazit,1.25 mm,724794418581,74.95,100.0,,€,in_stock,https://www.tennis-point.de/products/head-sonic-pro-touch-saitenrolle-200m-anthrazit-00655802334000
Tennis-Point,2026-07-15 23:29:51,strings,unisex,Luxilon,Element Saitenrolle 200m - rot,1.25 mm,00199073044551,269.95,270.0,,€,in_stock,https://www.tennis-point.de/products/luxilon-element-saitenrolle-200m-rot-p0000009790501
Tennis-Point,2026-07-15 23:31:41,shoes,men,K-Swiss,"Express Light 3 Sandplatzschuh Herren - weiß, grün",EU 43,0199286149319,89.95,119.99,,€,out_of_stock,https://www.tennis-point.de/products/k-swiss-express-light-3-sandplatzschuh-herren-weiss-gruen-a0000004910301
Tennis-Point,2026-07-15 23:32:58,shoes,men,Head,"Revolt Pro 5.0  Sandplatzschuh Herren-weiß, dunkelblau",EU 43,0198772057848,104.95,160.0,,€,out_of_stock,https://www.tennis-point.de/products/head-revolt-pro-50-sandplatzschuh-herren-weiss-dunkelblau-p0000004230301
Tennis-Point,2026-07-15 23:33:29,shoes,men,K-Swiss,"Hypercourt Express 3 Sandplatzschuh Herren - türkis, mehrfarbig",EU 43,0199286149449,104.95,149.99,,€,in_stock,https://www.tennis-point.de/products/k-swiss-hypercourt-express-3-sandplatzschuh-herren-tuerkis-mehrfarbig-p0000004910401
Tennis-Point,2026-07-15 23:35:42,shoes,men,K-Swiss,"Express Light 3 Sandplatzschuh Herren - schwarz, neongrün",EU 43,0196483819205,56.95,119.99,,€,in_stock,https://www.tennis-point.de/products/k-swiss-express-light-3-sandplatzschuh-herren-schwarz-neongruen-01417102469000
