retailer,timestamp,category,gender,brand,name,reference_variant,ean,current_price,regular_price,msrp_price,currency,availability,url
Tennis-Point,2026-07-10 19:42:21,rackets,unisex,Yonex,Ezone 98 Aqua Night Turnierschläger unbesaitet,L2,4550468692287,209.95,279.9,,€,out_of_stock,https://www.tennis-point.de/products/yonex-ezone-98-aqua-night-turnierschlaeger-unbesaitet-01906601940000?_pos=398&_fid=b8b2d086a&_ss=c
Tennis-Point,2026-07-10 19:42:21,rackets,unisex,Yonex,Ezone 98 Aqua Night Turnierschläger unbesaitet,L3,4550468692294,209.95,279.9,,€,in_stock,https://www.tennis-point.de/products/yonex-ezone-98-aqua-night-turnierschlaeger-unbesaitet-01906601940000?_pos=398&_fid=b8b2d086a&_ss=c
Tennis-Point,2026-07-10 19:48:43,rackets,unisex,Wilson,2x RF 01 Future plus Schlägertasche,L2,,436.95,660.0,,€,in_stock,https://www.tennis-point.de/products/wilson-2x-rf-01-future-plus-schlaegertasche-00706704093000?_pos=394&_fid=b8b2d086a&_ss=c
Tennis-Point,2026-07-10 19:48:43,rackets,unisex,Wilson,2x RF 01 Future plus Schlägertasche,L3,,436.95,660.0,,€,in_stock,https://www.tennis-point.de/products/wilson-2x-rf-01-future-plus-schlaegertasche-00706704093000?_pos=394&_fid=b8b2d086a&_ss=c
Tennis-Point,2026-07-10 19:49:06,rackets,unisex,Wilson,2x RF 01 plus Schlägertasche,L2,,484.95,730.0,,€,in_stock,https://www.tennis-point.de/products/wilson-2x-rf-01-plus-schlaegertasche-00706704089000?_pos=391&_fid=b8b2d086a&_ss=c
Tennis-Point,2026-07-10 19:49:06,rackets,unisex,Wilson,2x RF 01 plus Schlägertasche,L3,,484.95,730.0,,€,in_stock,https://www.tennis-point.de/products/wilson-2x-rf-01-plus-schlaegertasche-00706704089000?_pos=391&_fid=b8b2d086a&_ss=c
Tennis-Point,2026-07-10 19:49:13,rackets,unisex,Wilson,2x Clash 100L V3.0 plus Schlägertasche,L2,,447.95,590.0,,€,in_stock,https://www.tennis-point.de/products/wilson-2x-clash-100l-v30-plus-schlaegertasche-00707504203000?_pos=390&_fid=b8b2d086a&_ss=c
Tennis-Point,2026-07-10 19:49:13,rackets,unisex,Wilson,2x Clash 100L V3.0 plus Schlägertasche,L3,,447.95,590.0,,€,in_stock,https://www.tennis-point.de/products/wilson-2x-clash-100l-v30-plus-schlaegertasche-00707504203000?_pos=390&_fid=b8b2d086a&_ss=c
Tennis-Point,2026-07-10 19:49:23,rackets,unisex,Head,2x Gravity Tour 2025 plus Schlägertasche,L2,,458.95,680.0,,€,in_stock,https://www.tennis-point.de/products/head-2x-gravity-tour-2025-plus-schlaegertasche-00607504544000?_pos=389&_fid=b8b2d086a&_ss=c
Tennis-Point,2026-07-10 19:49:23,rackets,unisex,Head,2x Gravity Tour 2025 plus Schlägertasche,L3,,458.95,680.0,,€,in_stock,https://www.tennis-point.de/products/head-2x-gravity-tour-2025-plus-schlaegertasche-00607504544000?_pos=389&_fid=b8b2d086a&_ss=c
Tennis-Point,2026-07-10 19:49:32,rackets,unisex,Wilson,2x Clash 100L V3.0 plus Schlägertasche,L2,,380.95,570.0,,€,in_stock,https://www.tennis-point.de/products/wilson-2x-clash-100l-v30-plus-schlaegertasche-00707504202000?_pos=388&_fid=b8b2d086a&_ss=c
Tennis-Point,2026-07-10 19:49:32,rackets,unisex,Wilson,2x Clash 100L V3.0 plus Schlägertasche,L3,,380.95,570.0,,€,in_stock,https://www.tennis-point.de/products/wilson-2x-clash-100l-v30-plus-schlaegertasche-00707504202000?_pos=388&_fid=b8b2d086a&_ss=c
Tennis-Point,2026-07-10 19:49:56,rackets,unisex,Wilson,2x Clash 100 Pro V3.0 plus Schlägertasche,L2,,434.95,650.0,,€,out_of_stock,https://www.tennis-point.de/products/wilson-2x-clash-100-pro-v30-plus-schlaegertasche-00707504198000?_pos=385&_fid=b8b2d086a&_ss=c
Tennis-Point,2026-07-10 19:49:56,rackets,unisex,Wilson,2x Clash 100 Pro V3.0 plus Schlägertasche,L3,,434.95,650.0,,€,in_stock,https://www.tennis-point.de/products/wilson-2x-clash-100-pro-v30-plus-schlaegertasche-00707504198000?_pos=385&_fid=b8b2d086a&_ss=c
Tennis-Point,2026-07-10 19:50:06,rackets,unisex,Wilson,2x Clash 100L V2.0 plus Schlägertasche,L2,,318.95,590.0,,€,out_of_stock,https://www.tennis-point.de/products/wilson-2x-clash-100l-v20-plus-schlaegertasche-00705503991000?_pos=384&_fid=b8b2d086a&_ss=c
Tennis-Point,2026-07-10 19:50:06,rackets,unisex,Wilson,2x Clash 100L V2.0 plus Schlägertasche,L3,,318.95,590.0,,€,in_stock,https://www.tennis-point.de/products/wilson-2x-clash-100l-v20-plus-schlaegertasche-00705503991000?_pos=384&_fid=b8b2d086a&_ss=c
Tennis-Point,2026-07-10 19:50:11,rackets,unisex,Wilson,2x Clash 100 V3.0 plus Schlägertasche,L2,,452.95,650.0,,€,in_stock,https://www.tennis-point.de/products/wilson-2x-clash-100-v30-plus-schlaegertasche-00707504216000?_pos=383&_fid=b8b2d086a&_ss=c
Tennis-Point,2026-07-10 19:50:11,rackets,unisex,Wilson,2x Clash 100 V3.0 plus Schlägertasche,L3,,452.95,650.0,,€,in_stock,https://www.tennis-point.de/products/wilson-2x-clash-100-v30-plus-schlaegertasche-00707504216000?_pos=383&_fid=b8b2d086a&_ss=c
Tennis-Point,2026-07-10 19:50:27,rackets,unisex,Wilson,2x Clash 100 V3.0 plus Schlägertasche,L2,,487.95,650.0,,€,in_stock,https://www.tennis-point.de/products/wilson-2x-clash-100-v30-plus-schlaegertasche-00707504199000?_pos=381&_fid=b8b2d086a&_ss=c
Tennis-Point,2026-07-10 19:50:27,rackets,unisex,Wilson,2x Clash 100 V3.0 plus Schlägertasche,L3,,487.95,650.0,,€,in_stock,https://www.tennis-point.de/products/wilson-2x-clash-100-v30-plus-schlaegertasche-00707504199000?_pos=381&_fid=b8b2d086a&_ss=c
Tennis-Point,2026-07-10 19:50:35,rackets,unisex,Wilson,2x Clash 100 V3.0 plus Schlägertasche,L2,,472.95,650.0,,€,in_stock,https://www.tennis-point.de/products/wilson-2x-clash-100-v30-plus-schlaegertasche-00707504200000?_pos=380&_fid=b8b2d086a&_ss=c
Tennis-Point,2026-07-10 19:50:35,rackets,unisex,Wilson,2x Clash 100 V3.0 plus Schlägertasche,L3,,472.95,650.0,,€,in_stock,https://www.tennis-point.de/products/wilson-2x-clash-100-v30-plus-schlaegertasche-00707504200000?_pos=380&_fid=b8b2d086a&_ss=c
Tennis-Point,2026-07-10 19:51:03,rackets,unisex,Head,2x Gravity Pro 2025 plus Schlägertasche,L2,,485.95,720.0,,€,in_stock,https://www.tennis-point.de/products/head-2x-gravity-pro-2025-plus-schlaegertasche-00607504542000?_pos=377&_fid=b8b2d086a&_ss=c
Tennis-Point,2026-07-10 19:51:03,rackets,unisex,Head,2x Gravity Pro 2025 plus Schlägertasche,L3,,485.95,720.0,,€,in_stock,https://www.tennis-point.de/products/head-2x-gravity-pro-2025-plus-schlaegertasche-00607504542000?_pos=377&_fid=b8b2d086a&_ss=c
Tennis-Point,2026-07-10 19:51:11,rackets,unisex,Wilson,2x RF 01 Pro plus Schlägertasche,L2,,511.95,770.0,,€,in_stock,https://www.tennis-point.de/products/wilson-2x-rf-01-pro-plus-schlaegertasche-00706704092000?_pos=376&_fid=b8b2d086a&_ss=c
Tennis-Point,2026-07-10 19:51:11,rackets,unisex,Wilson,2x RF 01 Pro plus Schlägertasche,L3,,511.95,770.0,,€,in_stock,https://www.tennis-point.de/products/wilson-2x-rf-01-pro-plus-schlaegertasche-00706704092000?_pos=376&_fid=b8b2d086a&_ss=c
Tennis-Point,2026-07-10 19:51:19,rackets,unisex,Head,2x Gravity MP 2025 plus Schlägertasche,L2,,518.95,680.0,,€,in_stock,https://www.tennis-point.de/products/head-2x-gravity-mp-2025-plus-schlaegertasche-00607504546000?_pos=375&_fid=b8b2d086a&_ss=c
Tennis-Point,2026-07-10 19:51:19,rackets,unisex,Head,2x Gravity MP 2025 plus Schlägertasche,L3,,518.95,680.0,,€,in_stock,https://www.tennis-point.de/products/head-2x-gravity-mp-2025-plus-schlaegertasche-00607504546000?_pos=375&_fid=b8b2d086a&_ss=c
Tennis-Point,2026-07-10 19:51:52,shoes,women,K-Swiss,"Hypercourt Supreme 2 Sandplatzschuh Damen - weiß, hellgrün",EU 39,0196483711868,99.95,169.99,,€,out_of_stock,https://www.tennis-point.de/products/k-swiss-hypercourt-supreme-2-sandplatzschuh-damen-weiss-hellgruen-01417502422000
Tennis-Point,2026-07-10 19:53:04,shoes,women,Head,"Sprint Team 4.0 Sandplatzschuh Damen-Creme,Hellgrün",EU 39,726423359197,58.95,110.0,,€,out_of_stock,https://www.tennis-point.de/products/head-sprint-team-40-sandplatzschuh-damen-cremehellgruen-00617502001000
Tennis-Point,2026-07-10 19:56:04,shoes,women,K-Swiss,"Hypercourt Express 2 Sandplatzschuh Damen-Schwarz,Gold",EU 39,0192935846720,39.95,149.99,,€,out_of_stock,https://www.tennis-point.de/products/k-swiss-hypercourt-express-2-sandplatzschuh-damen-schwarzgold-01416002199000
Tennis-Point,2026-07-10 19:57:21,rackets,unisex,Yonex,2x VCore 100 (2026) plus Schlägertasche,L2,,719.95,749.95,,€,in_stock,https://www.tennis-point.de/products/yonex-2x-vcore-100-2026-plus-schlaegertasche-b0000004740200?_pos=370&_fid=e637f79ed&_ss=c
Tennis-Point,2026-07-10 19:57:21,rackets,unisex,Yonex,2x VCore 100 (2026) plus Schlägertasche,L3,,719.95,749.95,,€,out_of_stock,https://www.tennis-point.de/products/yonex-2x-vcore-100-2026-plus-schlaegertasche-b0000004740200?_pos=370&_fid=e637f79ed&_ss=c
Tennis-Point,2026-07-10 19:57:32,rackets,unisex,Yonex,2x VCORE 98 (2026) plus Schlägertasche,L2,,738.95,769.95,,€,out_of_stock,https://www.tennis-point.de/products/yonex-2x-vcore-98-2026-plus-schlaegertasche-b0000004900200?_pos=369&_fid=e637f79ed&_ss=c
Tennis-Point,2026-07-10 19:57:32,rackets,unisex,Yonex,2x VCORE 98 (2026) plus Schlägertasche,L3,,738.95,769.95,,€,in_stock,https://www.tennis-point.de/products/yonex-2x-vcore-98-2026-plus-schlaegertasche-b0000004900200?_pos=369&_fid=e637f79ed&_ss=c
Tennis-Point,2026-07-10 19:57:39,rackets,unisex,Head,2x Speed Pro Legend 2025 plus Schlägertasche,L2,,532.95,770.0,,€,in_stock,https://www.tennis-point.de/products/head-2x-speed-pro-legend-2025-plus-schlaegertasche-00607104582000?_pos=368&_fid=e637f79ed&_ss=c
Tennis-Point,2026-07-10 19:57:39,rackets,unisex,Head,2x Speed Pro Legend 2025 plus Schlägertasche,L3,,532.95,770.0,,€,in_stock,https://www.tennis-point.de/products/head-2x-speed-pro-legend-2025-plus-schlaegertasche-00607104582000?_pos=368&_fid=e637f79ed&_ss=c
Tennis-Point,2026-07-10 19:57:45,rackets,unisex,Head,2x Speed Pro Legend 2025 plus Schlägertasche,L2,,484.95,700.0,,€,in_stock,https://www.tennis-point.de/products/head-2x-speed-pro-legend-2025-plus-schlaegertasche-00607104583000?_pos=367&_fid=e637f79ed&_ss=c
Tennis-Point,2026-07-10 19:57:45,rackets,unisex,Head,2x Speed Pro Legend 2025 plus Schlägertasche,L3,,484.95,700.0,,€,in_stock,https://www.tennis-point.de/products/head-2x-speed-pro-legend-2025-plus-schlaegertasche-00607104583000?_pos=367&_fid=e637f79ed&_ss=c
Tennis-Point,2026-07-10 19:57:55,rackets,unisex,Wilson,2x Blade 100L V10 plus Schlägertasche,L2,,547.95,630.0,,€,out_of_stock,https://www.tennis-point.de/products/wilson-2x-blade-100l-v10-plus-schlaegertasche-b0000007820200?_pos=366&_fid=e637f79ed&_ss=c
Tennis-Point,2026-07-10 19:57:55,rackets,unisex,Wilson,2x Blade 100L V10 plus Schlägertasche,L3,,547.95,630.0,,€,in_stock,https://www.tennis-point.de/products/wilson-2x-blade-100l-v10-plus-schlaegertasche-b0000007820200?_pos=366&_fid=e637f79ed&_ss=c
Tennis-Point,2026-07-10 19:58:00,rackets,unisex,Wilson,2x Blade 100 Pro v10 plus Schlägertasche,L2,,634.95,730.0,,€,in_stock,https://www.tennis-point.de/products/wilson-2x-blade-100-pro-v10-plus-schlaegertasche-b0000007840200?_pos=365&_fid=e637f79ed&_ss=c
Tennis-Point,2026-07-10 19:58:00,rackets,unisex,Wilson,2x Blade 100 Pro v10 plus Schlägertasche,L3,,634.95,730.0,,€,in_stock,https://www.tennis-point.de/products/wilson-2x-blade-100-pro-v10-plus-schlaegertasche-b0000007840200?_pos=365&_fid=e637f79ed&_ss=c
Tennis-Point,2026-07-10 19:58:10,rackets,unisex,Wilson,2x Blade 98 Pro 16X19 V10 plus Schlägertasche,L2,,634.95,730.0,,€,in_stock,https://www.tennis-point.de/products/wilson-2x-blade-98-pro-16x19-v10-plus-schlaegertasche-b0000007830200?_pos=364&_fid=e637f79ed&_ss=c
Tennis-Point,2026-07-10 19:58:10,rackets,unisex,Wilson,2x Blade 98 Pro 16X19 V10 plus Schlägertasche,L3,,634.95,730.0,,€,in_stock,https://www.tennis-point.de/products/wilson-2x-blade-98-pro-16x19-v10-plus-schlaegertasche-b0000007830200?_pos=364&_fid=e637f79ed&_ss=c
Tennis-Point,2026-07-10 19:58:16,rackets,unisex,Wilson,2x Blade 98 16X19 V10 plus Schlägertasche,L2,,615.95,710.0,,€,in_stock,https://www.tennis-point.de/products/wilson-2x-blade-98-16x19-v10-plus-schlaegertasche-b0000007770200?_pos=363&_fid=e637f79ed&_ss=c
Tennis-Point,2026-07-10 19:58:16,rackets,unisex,Wilson,2x Blade 98 16X19 V10 plus Schlägertasche,L3,,615.95,710.0,,€,in_stock,https://www.tennis-point.de/products/wilson-2x-blade-98-16x19-v10-plus-schlaegertasche-b0000007770200?_pos=363&_fid=e637f79ed&_ss=c
Tennis-Point,2026-07-10 19:58:24,rackets,unisex,Wilson,2x Blade 100 V10 plus Schlägertasche,L2,,595.95,690.0,,€,in_stock,https://www.tennis-point.de/products/wilson-2x-blade-100-v10-plus-schlaegertasche-b0000007810200?_pos=362&_fid=e637f79ed&_ss=c
Tennis-Point,2026-07-10 19:58:24,rackets,unisex,Wilson,2x Blade 100 V10 plus Schlägertasche,L3,,595.95,690.0,,€,in_stock,https://www.tennis-point.de/products/wilson-2x-blade-100-v10-plus-schlaegertasche-b0000007810200?_pos=362&_fid=e637f79ed&_ss=c
Tennis-Point,2026-07-10 19:58:33,rackets,unisex,Wilson,2x Blade 98 18X20 v10 plus Schlägertasche,L2,,615.95,710.0,,€,in_stock,https://www.tennis-point.de/products/wilson-2x-blade-98-18x20-v10-plus-schlaegertasche-b0000007790200?_pos=361&_fid=e637f79ed&_ss=c
Tennis-Point,2026-07-10 19:58:33,rackets,unisex,Wilson,2x Blade 98 18X20 v10 plus Schlägertasche,L3,,615.95,710.0,,€,in_stock,https://www.tennis-point.de/products/wilson-2x-blade-98-18x20-v10-plus-schlaegertasche-b0000007790200?_pos=361&_fid=e637f79ed&_ss=c
Tennis-Point,2026-07-10 19:58:41,rackets,unisex,Wilson,2x Blade Blade 98 16X19 V10 plus Schlägertasche,L2,,634.95,730.0,,€,in_stock,https://www.tennis-point.de/products/wilson-2x-blade-blade-98-16x19-v10-plus-schlaegertasche-b0000007760200?_pos=360&_fid=e637f79ed&_ss=c
Tennis-Point,2026-07-10 19:58:41,rackets,unisex,Wilson,2x Blade Blade 98 16X19 V10 plus Schlägertasche,L3,,634.95,730.0,,€,in_stock,https://www.tennis-point.de/products/wilson-2x-blade-blade-98-16x19-v10-plus-schlaegertasche-b0000007760200?_pos=360&_fid=e637f79ed&_ss=c
Tennis-Point,2026-07-10 19:58:45,rackets,unisex,Wilson,2x Blade 100L V10 plus Schlägertasche,L2,,615.95,710.0,,€,in_stock,https://www.tennis-point.de/products/wilson-2x-blade-100l-v10-plus-schlaegertasche-b0000007800200?_pos=359&_fid=e637f79ed&_ss=c
Tennis-Point,2026-07-10 19:58:45,rackets,unisex,Wilson,2x Blade 100L V10 plus Schlägertasche,L3,,615.95,710.0,,€,in_stock,https://www.tennis-point.de/products/wilson-2x-blade-100l-v10-plus-schlaegertasche-b0000007800200?_pos=359&_fid=e637f79ed&_ss=c
Tennis-Point,2026-07-10 19:58:54,rackets,unisex,Wilson,2x Defyer 98 Pro V1 plus Schlägertasche,L2,,688.95,710.0,,€,in_stock,https://www.tennis-point.de/products/wilson-2x-defyer-98-pro-v1-plus-schlaegertasche-b0000010770200?_pos=358&_fid=e637f79ed&_ss=c
Tennis-Point,2026-07-10 19:58:54,rackets,unisex,Wilson,2x Defyer 98 Pro V1 plus Schlägertasche,L3,,688.95,710.0,,€,in_stock,https://www.tennis-point.de/products/wilson-2x-defyer-98-pro-v1-plus-schlaegertasche-b0000010770200?_pos=358&_fid=e637f79ed&_ss=c
Tennis-Point,2026-07-10 19:59:02,rackets,unisex,Wilson,2x Defyer 100 V1 plus Schlägertasche,L2,,688.95,710.0,,€,in_stock,https://www.tennis-point.de/products/wilson-2x-defyer-100-v1-plus-schlaegertasche-b0000010750200?_pos=357&_fid=e637f79ed&_ss=c
Tennis-Point,2026-07-10 19:59:02,rackets,unisex,Wilson,2x Defyer 100 V1 plus Schlägertasche,L3,,688.95,710.0,,€,in_stock,https://www.tennis-point.de/products/wilson-2x-defyer-100-v1-plus-schlaegertasche-b0000010750200?_pos=357&_fid=e637f79ed&_ss=c
Tennis-Point,2026-07-10 19:59:08,rackets,unisex,Wilson,2x Defyer 100 V1 plus Schlägertasche,L2,,668.95,690.0,,€,in_stock,https://www.tennis-point.de/products/wilson-2x-defyer-100-v1-plus-schlaegertasche-b0000010780200?_pos=356&_fid=e637f79ed&_ss=c
Tennis-Point,2026-07-10 19:59:08,rackets,unisex,Wilson,2x Defyer 100 V1 plus Schlägertasche,L3,,668.95,690.0,,€,in_stock,https://www.tennis-point.de/products/wilson-2x-defyer-100-v1-plus-schlaegertasche-b0000010780200?_pos=356&_fid=e637f79ed&_ss=c
Tennis-Point,2026-07-10 19:59:18,rackets,unisex,Wilson,2x Defyer 98 Pro V1 plus Schlägertasche,L2,,707.95,730.0,,€,in_stock,https://www.tennis-point.de/products/wilson-2x-defyer-98-pro-v1-plus-schlaegertasche-b0000010760200?_pos=355&_fid=e637f79ed&_ss=c
Tennis-Point,2026-07-10 19:59:18,rackets,unisex,Wilson,2x Defyer 98 Pro V1 plus Schlägertasche,L3,,707.95,730.0,,€,in_stock,https://www.tennis-point.de/products/wilson-2x-defyer-98-pro-v1-plus-schlaegertasche-b0000010760200?_pos=355&_fid=e637f79ed&_ss=c
Tennis-Point,2026-07-10 19:59:36,rackets,unisex,Yonex,2x VCORE 98 (2026) plus Schlägertasche,L2,,673.95,709.95,,€,out_of_stock,https://www.tennis-point.de/products/yonex-2x-vcore-98-2026-plus-schlaegertasche-b0000004770200?_pos=353&_fid=e637f79ed&_ss=c
Tennis-Point,2026-07-10 19:59:36,rackets,unisex,Yonex,2x VCORE 98 (2026) plus Schlägertasche,L3,,673.95,709.95,,€,in_stock,https://www.tennis-point.de/products/yonex-2x-vcore-98-2026-plus-schlaegertasche-b0000004770200?_pos=353&_fid=e637f79ed&_ss=c
Tennis-Point,2026-07-10 19:59:53,rackets,unisex,Wilson,2x Clash 100  Pro V2.0 plus Schlägertasche,L2,,299.95,630.0,,€,in_stock,https://www.tennis-point.de/products/wilson-2x-clash-100-pro-v20-plus-schlaegertasche-00705503992000?_pos=351&_fid=e637f79ed&_ss=c
Tennis-Point,2026-07-10 19:59:53,rackets,unisex,Wilson,2x Clash 100  Pro V2.0 plus Schlägertasche,L3,,299.95,630.0,,€,in_stock,https://www.tennis-point.de/products/wilson-2x-clash-100-pro-v20-plus-schlaegertasche-00705503992000?_pos=351&_fid=e637f79ed&_ss=c
Tennis-Point,2026-07-10 20:00:02,rackets,unisex,Wilson,2x Clash 100  V2.0 plus Schlägertasche,L2,,324.95,630.0,,€,in_stock,https://www.tennis-point.de/products/wilson-2x-clash-100-v20-plus-schlaegertasche-00705503990000?_pos=350&_fid=e637f79ed&_ss=c
Tennis-Point,2026-07-10 20:00:02,rackets,unisex,Wilson,2x Clash 100  V2.0 plus Schlägertasche,L3,,324.95,630.0,,€,in_stock,https://www.tennis-point.de/products/wilson-2x-clash-100-v20-plus-schlaegertasche-00705503990000?_pos=350&_fid=e637f79ed&_ss=c
Tennis-Point,2026-07-10 20:01:04,rackets,unisex,Wilson,2x Blade Blade 98 18X20 V10 plus Schlägertasche,L2,,634.95,730.0,,€,in_stock,https://www.tennis-point.de/products/wilson-2x-blade-blade-98-18x20-v10-plus-schlaegertasche-b0000007780200?_pos=343&_fid=e637f79ed&_ss=c
Tennis-Point,2026-07-10 20:01:04,rackets,unisex,Wilson,2x Blade Blade 98 18X20 V10 plus Schlägertasche,L3,,634.95,730.0,,€,in_stock,https://www.tennis-point.de/products/wilson-2x-blade-blade-98-18x20-v10-plus-schlaegertasche-b0000007780200?_pos=343&_fid=e637f79ed&_ss=c
Tennis-Point,2026-07-10 20:01:12,rackets,unisex,Yonex,2x VCORE 100 (2026) plus Schlägertasche,L2,,654.95,689.95,,€,in_stock,https://www.tennis-point.de/products/yonex-2x-vcore-100-2026-plus-schlaegertasche-b0000004800200?_pos=342&_fid=e637f79ed&_ss=c
Tennis-Point,2026-07-10 20:01:12,rackets,unisex,Yonex,2x VCORE 100 (2026) plus Schlägertasche,L3,,654.95,689.95,,€,out_of_stock,https://www.tennis-point.de/products/yonex-2x-vcore-100-2026-plus-schlaegertasche-b0000004800200?_pos=342&_fid=e637f79ed&_ss=c
Tennis-Point,2026-07-10 20:02:10,shoes,women,Head,"Sprint Pro 4.0 Sandplatzschuh Damen-Weiß,Hellgrün",EU 39,726423357629,61.95,160.0,,€,out_of_stock,https://www.tennis-point.de/products/head-sprint-pro-40-sandplatzschuh-damen-weisshellgruen-00617501994000
Tennis-Point,2026-07-10 20:02:17,shoes,women,K-Swiss,"Express Light 3 Sandplatzschuh Damen - weiß, flieder",EU 39,0196483715903,65.95,119.99,,€,out_of_stock,https://www.tennis-point.de/products/k-swiss-express-light-3-sandplatzschuh-damen-weiss-flieder-01417502426000
Tennis-Point,2026-07-10 20:14:02,shoes,women,K-Swiss,"Court Express 2 Teppichschuh Damen - weiß, mint",EU 39,0196483826142,39.95,79.99,,€,out_of_stock,https://www.tennis-point.de/products/k-swiss-court-express-2-teppichschuh-damen-weiss-mint-01417102459000
Tennis-Point,2026-07-10 20:14:21,shoes,women,K-Swiss,"Hypercourt Express 3 Allcourtschuh Damen - weiß, lavendel",EU 39,196483942422,92.95,149.99,,€,in_stock,https://www.tennis-point.de/products/k-swiss-hypercourt-express-3-allcourtschuh-damen-weiss-lavendel-p0000004300301
Tennis-Point,2026-07-10 20:15:37,shoes,women,K-Swiss,"Express Light 3 Sandplatzschuh Damen - weiß, lavendel",EU 39,196483943993,73.95,119.99,,€,in_stock,https://www.tennis-point.de/products/k-swiss-express-light-3-sandplatzschuh-damen-weiss-lavendel-a0000004301202
Tennis-Point,2026-07-10 20:15:44,shoes,women,K-Swiss,"Express Light 3 Sandplatzschuh Damen - hellblau, weiß",EU 39,196483549812,59.95,119.99,,€,out_of_stock,https://www.tennis-point.de/products/k-swiss-express-light-3-sandplatzschuh-damen-hellblau-weiss-01416802399000
Tennis-Point,2026-07-10 20:15:59,shoes,women,K-Swiss,"Express Light 3 Allcourtschuh Damen - weiß, hellblau",EU 39,0196483715781,56.95,119.99,,€,out_of_stock,https://www.tennis-point.de/products/k-swiss-express-light-3-allcourtschuh-damen-weiss-hellblau-01417502428000
Tennis-Point,2026-07-10 20:17:12,rackets,unisex,Dunlop,SX 300 Tour Turnierschläger,L2,0045566182616,156.95,249.99,,€,in_stock,https://www.tennis-point.de/products/dunlop-sx-300-tour-turnierschlaeger-01607502366000?_pos=301&_fid=952bb5152&_ss=c
Tennis-Point,2026-07-10 20:17:12,rackets,unisex,Dunlop,SX 300 Tour Turnierschläger,L3,0045566182623,156.95,249.99,,€,in_stock,https://www.tennis-point.de/products/dunlop-sx-300-tour-turnierschlaeger-01607502366000?_pos=301&_fid=952bb5152&_ss=c
Tennis-Point,2026-07-10 20:19:26,rackets,unisex,Wilson,Shift 99 V1 Session Soire RG 2025 Turnierschläger,L2,097512892100,169.95,270.0,,€,in_stock,https://www.tennis-point.de/products/wilson-shift-99-v1-session-soire-rg-2025-turnierschlaeger-00707004255000?_pos=285&_fid=952bb5152&_ss=c
Tennis-Point,2026-07-10 20:19:26,rackets,unisex,Wilson,Shift 99 V1 Session Soire RG 2025 Turnierschläger,L3,097512892094,169.95,270.0,,€,in_stock,https://www.tennis-point.de/products/wilson-shift-99-v1-session-soire-rg-2025-turnierschlaeger-00707004255000?_pos=285&_fid=952bb5152&_ss=c
Tennis-Point,2026-07-10 20:20:34,rackets,unisex,Dunlop,FX 500 LS Turnierschläger,L2,045566185112,171.95,229.99,,€,in_stock,https://www.tennis-point.de/products/dunlop-fx-500-ls-turnierschlaeger-p0000001521401?_pos=277&_fid=952bb5152&_ss=c
Tennis-Point,2026-07-10 20:20:34,rackets,unisex,Dunlop,FX 500 LS Turnierschläger,L3,045566185129,171.95,229.99,,€,in_stock,https://www.tennis-point.de/products/dunlop-fx-500-ls-turnierschlaeger-p0000001521401?_pos=277&_fid=952bb5152&_ss=c
Tennis-Point,2026-07-10 20:20:42,rackets,unisex,Wilson,Shift 99L V1 US Open Turnierschläger,L2,00097512932110,162.95,250.0,,€,in_stock,https://www.tennis-point.de/products/wilson-shift-99l-v1-us-open-turnierschlaeger-00707104230000?_pos=276&_fid=952bb5152&_ss=c
Tennis-Point,2026-07-10 20:20:42,rackets,unisex,Wilson,Shift 99L V1 US Open Turnierschläger,L3,00097512941143,162.95,250.0,,€,in_stock,https://www.tennis-point.de/products/wilson-shift-99l-v1-us-open-turnierschlaeger-00707104230000?_pos=276&_fid=952bb5152&_ss=c
Tennis-Point,2026-07-10 20:20:57,rackets,unisex,Wilson,Blade Feel 103 Allroundschläger unbesaitet,L2,00097512939508,75.95,110.0,,€,in_stock,https://www.tennis-point.de/products/wilson-blade-feel-103-allroundschlaeger-unbesaitet-00707604309000?_pos=274&_fid=952bb5152&_ss=c
Tennis-Point,2026-07-10 20:20:57,rackets,unisex,Wilson,Blade Feel 103 Allroundschläger unbesaitet,L3,00097512939515,75.95,110.0,,€,in_stock,https://www.tennis-point.de/products/wilson-blade-feel-103-allroundschlaeger-unbesaitet-00707604309000?_pos=274&_fid=952bb5152&_ss=c
Tennis-Point,2026-07-10 20:21:05,rackets,unisex,Wilson,Blade Feel 105 RXT Allroundschläger unbesaitet,L2,00097512939478,67.95,85.0,,€,in_stock,https://www.tennis-point.de/products/wilson-blade-feel-105-rxt-allroundschlaeger-unbesaitet-00707604311000?_pos=273&_fid=952bb5152&_ss=c
Tennis-Point,2026-07-10 20:21:05,rackets,unisex,Wilson,Blade Feel 105 RXT Allroundschläger unbesaitet,L3,00097512939461,67.95,85.0,,€,in_stock,https://www.tennis-point.de/products/wilson-blade-feel-105-rxt-allroundschlaeger-unbesaitet-00707604311000?_pos=273&_fid=952bb5152&_ss=c
Tennis-Point,2026-07-10 20:21:13,shoes,women,Head,"Sprint Team 3.5 Sandplatzschuh Damen-Pink,Limette",EU 39,724794935743,51.95,110.0,,€,out_of_stock,https://www.tennis-point.de/products/head-sprint-team-35-sandplatzschuh-damen-pinklimette-00617502024000
Tennis-Point,2026-07-10 20:23:10,shoes,women,Head,"Revolt Pro 5.0  Sandplatzschuh Damen-weiß, apricot",EU 39,0198772063672,125.95,160.0,,€,in_stock,https://www.tennis-point.de/products/head-revolt-pro-50-sandplatzschuh-damen-weiss-apricot-p0000004231601
Tennis-Point,2026-07-10 20:24:49,shoes,women,K-Swiss,"Hypercourt Express 3 Sandplatzschuh Damen - weiß, hellblau",EU 39,199286025545,96.95,149.99,,€,out_of_stock,https://www.tennis-point.de/products/k-swiss-hypercourt-express-3-sandplatzschuh-damen-weiss-hellblau-p0000004300402
Tennis-Point,2026-07-10 20:26:18,rackets,unisex,Wilson,Roland Garros Triumph TNS Allroundschläger unbesaitet,L2,00097512933360,76.95,90.0,,€,in_stock,https://www.tennis-point.de/products/wilson-roland-garros-triumph-tns-allroundschlaeger-unbesaitet-00707604304000?_pos=272&_fid=952bb5152&_ss=c
Tennis-Point,2026-07-10 20:26:18,rackets,unisex,Wilson,Roland Garros Triumph TNS Allroundschläger unbesaitet,L3,00097512933353,76.95,90.0,,€,in_stock,https://www.tennis-point.de/products/wilson-roland-garros-triumph-tns-allroundschlaeger-unbesaitet-00707604304000?_pos=272&_fid=952bb5152&_ss=c
Tennis-Point,2026-07-10 20:26:28,rackets,unisex,Wilson,Pro Staff Precision XL 110 Allroundschläger,L2,00097512852685,45.95,55.0,,€,out_of_stock,https://www.tennis-point.de/products/wilson-pro-staff-precision-xl-110-allroundschlaeger-00707504170000?_pos=271&_fid=952bb5152&_ss=c
Tennis-Point,2026-07-10 20:26:28,rackets,unisex,Wilson,Pro Staff Precision XL 110 Allroundschläger,L3,00097512852678,45.95,55.0,,€,in_stock,https://www.tennis-point.de/products/wilson-pro-staff-precision-xl-110-allroundschlaeger-00707504170000?_pos=271&_fid=952bb5152&_ss=c
Tennis-Point,2026-07-10 20:27:18,rackets,unisex,Head,Speed Team 2024 Turnierschläger,L2,724794926369,118.95,250.0,,€,in_stock,https://www.tennis-point.de/products/head-speed-team-2024-turnierschlaeger-00606604350000?_pos=265&_fid=952bb5152&_ss=c
Tennis-Point,2026-07-10 20:27:18,rackets,unisex,Head,Speed Team 2024 Turnierschläger,L3,724794926376,118.95,250.0,,€,out_of_stock,https://www.tennis-point.de/products/head-speed-team-2024-turnierschlaeger-00606604350000?_pos=265&_fid=952bb5152&_ss=c
Tennis-Point,2026-07-10 20:27:50,rackets,unisex,Head,Extreme Elite 2024 Turnierschläger unbesaitet,L2,726423218609,128.95,160.0,,€,in_stock,https://www.tennis-point.de/products/head-extreme-elite-2024-turnierschlaeger-unbesaitet-00606704422000?_pos=261&_fid=952bb5152&_ss=c
Tennis-Point,2026-07-10 20:27:50,rackets,unisex,Head,Extreme Elite 2024 Turnierschläger unbesaitet,L3,726423218616,128.95,160.0,,€,in_stock,https://www.tennis-point.de/products/head-extreme-elite-2024-turnierschlaeger-unbesaitet-00606704422000?_pos=261&_fid=952bb5152&_ss=c
Tennis-Point,2026-07-10 20:28:10,rackets,unisex,Wilson,Pro Staff Six One Team Legend Turnierschläger,L2,00097512774833,149.95,250.0,,€,out_of_stock,https://www.tennis-point.de/products/wilson-pro-staff-six-one-team-legend-turnierschlaeger-00706404018000?_pos=259&_fid=952bb5152&_ss=c
Tennis-Point,2026-07-10 20:28:10,rackets,unisex,Wilson,Pro Staff Six One Team Legend Turnierschläger,L3,00097512774826,149.95,250.0,,€,out_of_stock,https://www.tennis-point.de/products/wilson-pro-staff-six-one-team-legend-turnierschlaeger-00706404018000?_pos=259&_fid=952bb5152&_ss=c
Tennis-Point,2026-07-10 20:28:28,rackets,unisex,Wilson,Envy SE Allroundschläger unbesaitet,L2,00097512964203,106.95,150.0,,€,in_stock,https://www.tennis-point.de/products/wilson-envy-se-allroundschlaeger-unbesaitet-00707604313000?_pos=257&_fid=952bb5152&_ss=c
Tennis-Point,2026-07-10 20:28:28,rackets,unisex,Wilson,Envy SE Allroundschläger unbesaitet,L3,00097512964197,106.95,150.0,,€,in_stock,https://www.tennis-point.de/products/wilson-envy-se-allroundschlaeger-unbesaitet-00707604313000?_pos=257&_fid=952bb5152&_ss=c
Tennis-Point,2026-07-10 20:28:48,rackets,unisex,Dunlop,SX 300 LS Turnierschläger,L2,0045566184740,127.95,229.99,,€,in_stock,https://www.tennis-point.de/products/dunlop-sx-300-ls-turnierschlaeger-01607002407000?_pos=254&_fid=952bb5152&_ss=c
Tennis-Point,2026-07-10 20:28:48,rackets,unisex,Dunlop,SX 300 LS Turnierschläger,L3,0045566184757,127.95,229.99,,€,in_stock,https://www.tennis-point.de/products/dunlop-sx-300-ls-turnierschlaeger-01607002407000?_pos=254&_fid=952bb5152&_ss=c
Tennis-Point,2026-07-10 20:28:55,rackets,unisex,Dunlop,SX 300 Lite Turnierschläger unbesaitet,L2,0045566184788,122.95,209.99,,€,in_stock,https://www.tennis-point.de/products/dunlop-sx-300-lite-turnierschlaeger-unbesaitet-01607002408000?_pos=253&_fid=952bb5152&_ss=c
Tennis-Point,2026-07-10 20:28:55,rackets,unisex,Dunlop,SX 300 Lite Turnierschläger unbesaitet,L3,0045566184795,122.95,209.99,,€,in_stock,https://www.tennis-point.de/products/dunlop-sx-300-lite-turnierschlaeger-unbesaitet-01607002408000?_pos=253&_fid=952bb5152&_ss=c
Tennis-Point,2026-07-10 20:29:04,rackets,unisex,Wilson,Clash 98 Pro V2.0 Turnierschläger,L2,00097512598392,149.95,270.0,,€,out_of_stock,https://www.tennis-point.de/products/wilson-clash-98-pro-v20-turnierschlaeger-00705503742000?_pos=252&_fid=952bb5152&_ss=c
Tennis-Point,2026-07-10 20:29:04,rackets,unisex,Wilson,Clash 98 Pro V2.0 Turnierschläger,L3,00097512598408,149.95,270.0,,€,in_stock,https://www.tennis-point.de/products/wilson-clash-98-pro-v20-turnierschlaeger-00705503742000?_pos=252&_fid=952bb5152&_ss=c
Tennis-Point,2026-07-10 20:29:14,rackets,unisex,Dunlop,CX 400 Tour Turnierschläger,L2,045566180971,158.95,239.99,,€,in_stock,https://www.tennis-point.de/products/dunlop-cx-400-tour-turnierschlaeger-01606602345000?_pos=251&_fid=952bb5152&_ss=c
Tennis-Point,2026-07-10 20:29:14,rackets,unisex,Dunlop,CX 400 Tour Turnierschläger,L3,045566180988,158.95,239.99,,€,in_stock,https://www.tennis-point.de/products/dunlop-cx-400-tour-turnierschlaeger-01606602345000?_pos=251&_fid=952bb5152&_ss=c
Tennis-Point,2026-07-10 20:29:33,rackets,unisex,Dunlop,CX 200 Tour 16x19 Turnierschläger,L2,045566180841,165.95,269.99,,€,in_stock,https://www.tennis-point.de/products/dunlop-cx-200-tour-16x19-turnierschlaeger-01606602343000?_pos=249&_fid=952bb5152&_ss=c
Tennis-Point,2026-07-10 20:29:33,rackets,unisex,Dunlop,CX 200 Tour 16x19 Turnierschläger,L3,045566180858,165.95,269.99,,€,in_stock,https://www.tennis-point.de/products/dunlop-cx-200-tour-16x19-turnierschlaeger-01606602343000?_pos=249&_fid=952bb5152&_ss=c
Tennis-Point,2026-07-10 20:29:49,rackets,unisex,Dunlop,FX 500 Superlite Allroundschläger,L2,045566185181,122.95,209.99,,€,in_stock,https://www.tennis-point.de/products/dunlop-fx-500-superlite-allroundschlaeger-p0000001521201?_pos=247&_fid=952bb5152&_ss=c
Tennis-Point,2026-07-10 20:29:49,rackets,unisex,Dunlop,FX 500 Superlite Allroundschläger,L3,045566185198,122.95,209.99,,€,in_stock,https://www.tennis-point.de/products/dunlop-fx-500-superlite-allroundschlaeger-p0000001521201?_pos=247&_fid=952bb5152&_ss=c
Tennis-Point,2026-07-10 20:30:06,rackets,unisex,Yonex,Percept Game (270g) Allroundschläger,L2,4550675322663,157.95,229.95,,€,in_stock,https://www.tennis-point.de/products/yonex-percept-game-270g-allroundschlaeger-01907101989000?_pos=245&_fid=952bb5152&_ss=c
Tennis-Point,2026-07-10 20:30:06,rackets,unisex,Yonex,Percept Game (270g) Allroundschläger,L3,4550675322670,157.95,229.95,,€,in_stock,https://www.tennis-point.de/products/yonex-percept-game-270g-allroundschlaeger-01907101989000?_pos=245&_fid=952bb5152&_ss=c
Tennis-Point,2026-07-10 20:30:16,rackets,unisex,Head,Boom MP Orlinski Limited Edition Turnierschläger,L2,0198772007461,178.95,260.0,,€,out_of_stock,https://www.tennis-point.de/products/head-boom-mp-orlinski-limited-edition-turnierschlaeger-00606904498000?_pos=244&_fid=952bb5152&_ss=c
Tennis-Point,2026-07-10 20:30:16,rackets,unisex,Head,Boom MP Orlinski Limited Edition Turnierschläger,L3,0198772007478,178.95,260.0,,€,in_stock,https://www.tennis-point.de/products/head-boom-mp-orlinski-limited-edition-turnierschlaeger-00606904498000?_pos=244&_fid=952bb5152&_ss=c
Tennis-Point,2026-07-10 20:30:26,rackets,unisex,Dunlop,CX 200 Tour 18x20 Turnierschläger,L2,045566180810,179.95,269.99,,€,in_stock,https://www.tennis-point.de/products/dunlop-cx-200-tour-18x20-turnierschlaeger-01606602342000?_pos=243&_fid=952bb5152&_ss=c
Tennis-Point,2026-07-10 20:30:26,rackets,unisex,Dunlop,CX 200 Tour 18x20 Turnierschläger,L3,045566180827,179.95,269.99,,€,in_stock,https://www.tennis-point.de/products/dunlop-cx-200-tour-18x20-turnierschlaeger-01606602342000?_pos=243&_fid=952bb5152&_ss=c
Tennis-Point,2026-07-10 20:30:34,rackets,unisex,Dunlop,SX 300 Turnierschläger,L2,0045566184702,144.95,239.99,,€,in_stock,https://www.tennis-point.de/products/dunlop-sx-300-turnierschlaeger-01607002406000?_pos=242&_fid=952bb5152&_ss=c
Tennis-Point,2026-07-10 20:30:34,rackets,unisex,Dunlop,SX 300 Turnierschläger,L3,0045566184719,144.95,239.99,,€,in_stock,https://www.tennis-point.de/products/dunlop-sx-300-turnierschlaeger-01607002406000?_pos=242&_fid=952bb5152&_ss=c
Tennis-Point,2026-07-10 20:30:41,rackets,unisex,Dunlop,FX 500 Turnierschläger unbesaitet,L2,045566185075,141.95,239.99,,€,in_stock,https://www.tennis-point.de/products/dunlop-fx-500-turnierschlaeger-unbesaitet-p0000001520901?_pos=241&_fid=952bb5152&_ss=c
Tennis-Point,2026-07-10 20:30:41,rackets,unisex,Dunlop,FX 500 Turnierschläger unbesaitet,L3,045566185082,141.95,239.99,,€,in_stock,https://www.tennis-point.de/products/dunlop-fx-500-turnierschlaeger-unbesaitet-p0000001520901?_pos=241&_fid=952bb5152&_ss=c
Tennis-Point,2026-07-10 20:30:59,rackets,unisex,Wilson,Shift 99 V1 Session Soire RG Turnierschläger,L2,00097512795616,185.95,270.0,,€,out_of_stock,https://www.tennis-point.de/products/wilson-shift-99-v1-session-soire-rg-turnierschlaeger-00706604034000?_pos=239&_fid=952bb5152&_ss=c
Tennis-Point,2026-07-10 20:30:59,rackets,unisex,Wilson,Shift 99 V1 Session Soire RG Turnierschläger,L3,00097512795586,185.95,270.0,,€,out_of_stock,https://www.tennis-point.de/products/wilson-shift-99-v1-session-soire-rg-turnierschlaeger-00706604034000?_pos=239&_fid=952bb5152&_ss=c
Tennis-Point,2026-07-10 20:31:15,shoes,women,K-Swiss,"Express Light 3 Teppichschuh Damen-Weiß,Mehrfarbig",EU 39,196483927870,67.95,119.95,,€,out_of_stock,https://www.tennis-point.de/products/k-swiss-express-light-3-teppichschuh-damen-weissmehrfarbig-01417102481000
Tennis-Point,2026-07-10 20:36:16,rackets,unisex,Dunlop,FX 500 Lite Allroundschläger,L2,045566185150,127.95,219.99,,€,in_stock,https://www.tennis-point.de/products/dunlop-fx-500-lite-allroundschlaeger-p0000001521601?_pos=235&_fid=61068efe8&_ss=c
Tennis-Point,2026-07-10 20:36:16,rackets,unisex,Dunlop,FX 500 Lite Allroundschläger,L3,045566185167,127.95,219.99,,€,in_stock,https://www.tennis-point.de/products/dunlop-fx-500-lite-allroundschlaeger-p0000001521601?_pos=235&_fid=61068efe8&_ss=c
Tennis-Point,2026-07-10 20:36:26,rackets,unisex,Wilson,Shift 99 Pro V1 Turnierschläger unbesaitet,L2,00097512727990,162.95,270.0,,€,in_stock,https://www.tennis-point.de/products/wilson-shift-99-pro-v1-turnierschlaeger-unbesaitet-00706303997000?_pos=234&_fid=61068efe8&_ss=c
Tennis-Point,2026-07-10 20:36:26,rackets,unisex,Wilson,Shift 99 Pro V1 Turnierschläger unbesaitet,L3,00097512727983,162.95,270.0,,€,in_stock,https://www.tennis-point.de/products/wilson-shift-99-pro-v1-turnierschlaeger-unbesaitet-00706303997000?_pos=234&_fid=61068efe8&_ss=c
Tennis-Point,2026-07-10 20:36:31,rackets,unisex,Head,Gravity Pro 2025 Turnierschläger,L2,726423385363,208.95,300.0,,€,in_stock,https://www.tennis-point.de/products/head-gravity-pro-2025-turnierschlaeger-00607504508000?_pos=233&_fid=61068efe8&_ss=c
Tennis-Point,2026-07-10 20:36:31,rackets,unisex,Head,Gravity Pro 2025 Turnierschläger,L3,726423385370,208.95,300.0,,€,in_stock,https://www.tennis-point.de/products/head-gravity-pro-2025-turnierschlaeger-00607504508000?_pos=233&_fid=61068efe8&_ss=c
Tennis-Point,2026-07-10 20:36:40,rackets,unisex,Head,Prestige Tour 2023 Turnierschläger,L2,724794924242,208.95,300.0,,€,out_of_stock,https://www.tennis-point.de/products/head-prestige-tour-2023-turnierschlaeger-00606404319000?_pos=232&_fid=61068efe8&_ss=c
Tennis-Point,2026-07-10 20:36:40,rackets,unisex,Head,Prestige Tour 2023 Turnierschläger,L3,724794924259,208.95,300.0,,€,in_stock,https://www.tennis-point.de/products/head-prestige-tour-2023-turnierschlaeger-00606404319000?_pos=232&_fid=61068efe8&_ss=c
Tennis-Point,2026-07-10 20:36:50,rackets,unisex,Head,Radical Pro 18x20 2025 Turnierschläger,L2,0198772071653,192.95,299.95,,€,in_stock,https://www.tennis-point.de/products/head-radical-pro-18x20-2025-turnierschlaeger-00607504564000?_pos=231&_fid=61068efe8&_ss=c
Tennis-Point,2026-07-10 20:36:50,rackets,unisex,Head,Radical Pro 18x20 2025 Turnierschläger,L3,0198772071660,192.95,299.95,,€,in_stock,https://www.tennis-point.de/products/head-radical-pro-18x20-2025-turnierschlaeger-00607504564000?_pos=231&_fid=61068efe8&_ss=c
Tennis-Point,2026-07-10 20:37:03,rackets,unisex,Wilson,Ultra Tour 98 V5 Turnierschläger unbesaitet,L2,00097512929479,195.95,250.0,,€,in_stock,https://www.tennis-point.de/products/wilson-ultra-tour-98-v5-turnierschlaeger-unbesaitet-00707604287000?_pos=229&_fid=61068efe8&_ss=c
Tennis-Point,2026-07-10 20:37:03,rackets,unisex,Wilson,Ultra Tour 98 V5 Turnierschläger unbesaitet,L3,00097512929493,195.95,250.0,,€,in_stock,https://www.tennis-point.de/products/wilson-ultra-tour-98-v5-turnierschlaeger-unbesaitet-00707604287000?_pos=229&_fid=61068efe8&_ss=c
Tennis-Point,2026-07-10 20:37:12,rackets,unisex,Wilson,Ultra 95 QZ V5 Turnierschläger unbesaitet,L2,00097512971652,176.95,250.0,,€,in_stock,https://www.tennis-point.de/products/wilson-ultra-95-qz-v5-turnierschlaeger-unbesaitet-00707604288000?_pos=228&_fid=61068efe8&_ss=c
Tennis-Point,2026-07-10 20:37:12,rackets,unisex,Wilson,Ultra 95 QZ V5 Turnierschläger unbesaitet,L3,00097512971645,176.95,250.0,,€,in_stock,https://www.tennis-point.de/products/wilson-ultra-95-qz-v5-turnierschlaeger-unbesaitet-00707604288000?_pos=228&_fid=61068efe8&_ss=c
Tennis-Point,2026-07-10 20:37:31,rackets,unisex,Yonex,Percept 100 D (305g) Turnierschläger,L2,4550468627579,243.95,319.9,,€,out_of_stock,https://www.tennis-point.de/products/yonex-percept-100-d-305g-turnierschlaeger-01906401920000?_pos=226&_fid=61068efe8&_ss=c
Tennis-Point,2026-07-10 20:37:31,rackets,unisex,Yonex,Percept 100 D (305g) Turnierschläger,L3,4550468627586,243.95,319.9,,€,in_stock,https://www.tennis-point.de/products/yonex-percept-100-d-305g-turnierschlaeger-01906401920000?_pos=226&_fid=61068efe8&_ss=c
Tennis-Point,2026-07-10 20:37:39,rackets,unisex,Yonex,Percept 100L (280g) Turnierschläger,L2,4550468627623,229.95,299.95,,€,in_stock,https://www.tennis-point.de/products/yonex-percept-100l-280g-turnierschlaeger-01906401922000?_pos=225&_fid=61068efe8&_ss=c
Tennis-Point,2026-07-10 20:37:39,rackets,unisex,Yonex,Percept 100L (280g) Turnierschläger,L3,4550468627630,229.95,299.95,,€,out_of_stock,https://www.tennis-point.de/products/yonex-percept-100l-280g-turnierschlaeger-01906401922000?_pos=225&_fid=61068efe8&_ss=c
Tennis-Point,2026-07-10 20:37:47,rackets,unisex,Wilson,Pro Staff RXT 105 Allroundschläger,L2,00097512850537,67.95,85.0,,€,out_of_stock,https://www.tennis-point.de/products/wilson-pro-staff-rxt-105-allroundschlaeger-00707504169000?_pos=224&_fid=61068efe8&_ss=c
Tennis-Point,2026-07-10 20:37:47,rackets,unisex,Wilson,Pro Staff RXT 105 Allroundschläger,L3,00097512850506,67.95,85.0,,€,out_of_stock,https://www.tennis-point.de/products/wilson-pro-staff-rxt-105-allroundschlaeger-00707504169000?_pos=224&_fid=61068efe8&_ss=c
Tennis-Point,2026-07-10 20:37:56,rackets,unisex,Wilson,US Open GS 105 Allroundschläger unbesaitet,L2,00097512970037,59.95,80.0,,€,in_stock,https://www.tennis-point.de/products/wilson-us-open-gs-105-allroundschlaeger-unbesaitet-00707604308000?_pos=223&_fid=61068efe8&_ss=c
Tennis-Point,2026-07-10 20:37:56,rackets,unisex,Wilson,US Open GS 105 Allroundschläger unbesaitet,L3,00097512970044,59.95,80.0,,€,in_stock,https://www.tennis-point.de/products/wilson-us-open-gs-105-allroundschlaeger-unbesaitet-00707604308000?_pos=223&_fid=61068efe8&_ss=c
Tennis-Point,2026-07-10 20:38:18,rackets,unisex,Wilson,Burn 100 V5 Bright Neon Orange Turnierschläger,L2,00097512742313,119.95,200.0,,€,out_of_stock,https://www.tennis-point.de/products/wilson-burn-100-v5-bright-neon-orange-turnierschlaeger-00706404007000?_pos=220&_fid=61068efe8&_ss=c
Tennis-Point,2026-07-10 20:38:18,rackets,unisex,Wilson,Burn 100 V5 Bright Neon Orange Turnierschläger,L3,00097512742283,119.95,200.0,,€,in_stock,https://www.tennis-point.de/products/wilson-burn-100-v5-bright-neon-orange-turnierschlaeger-00706404007000?_pos=220&_fid=61068efe8&_ss=c
Tennis-Point,2026-07-10 20:38:36,rackets,unisex,Wilson,Clash Noir 100 Pro V2.0 Turnierschläger,L2,00097512727761,137.95,250.0,,€,in_stock,https://www.tennis-point.de/products/wilson-clash-noir-100-pro-v20-turnierschlaeger-00706604065000?_pos=218&_fid=61068efe8&_ss=c
Tennis-Point,2026-07-10 20:38:36,rackets,unisex,Wilson,Clash Noir 100 Pro V2.0 Turnierschläger,L3,00097512727778,137.95,250.0,,€,out_of_stock,https://www.tennis-point.de/products/wilson-clash-noir-100-pro-v20-turnierschlaeger-00706604065000?_pos=218&_fid=61068efe8&_ss=c
Tennis-Point,2026-07-10 20:38:43,rackets,unisex,Head,Graphene 360+ Radical Pro (2021) Turnierschläger unbesaitet,L2,724794047323,109.95,270.0,,€,out_of_stock,https://www.tennis-point.de/products/head-graphene-360-radical-pro-2021-turnierschlaeger-unbesaitet-00605403999000?_pos=217&_fid=61068efe8&_ss=c
Tennis-Point,2026-07-10 20:38:43,rackets,unisex,Head,Graphene 360+ Radical Pro (2021) Turnierschläger unbesaitet,L3,724794047330,109.95,270.0,,€,out_of_stock,https://www.tennis-point.de/products/head-graphene-360-radical-pro-2021-turnierschlaeger-unbesaitet-00605403999000?_pos=217&_fid=61068efe8&_ss=c
Tennis-Point,2026-07-10 20:38:58,rackets,unisex,Wilson,Roland Garros Team TNS Allroundschläger unbesaitet,L2,00097512933438,112.95,150.0,,€,in_stock,https://www.tennis-point.de/products/wilson-roland-garros-team-tns-allroundschlaeger-unbesaitet-00707604302000?_pos=215&_fid=61068efe8&_ss=c
Tennis-Point,2026-07-10 20:38:58,rackets,unisex,Wilson,Roland Garros Team TNS Allroundschläger unbesaitet,L3,00097512933445,112.95,150.0,,€,in_stock,https://www.tennis-point.de/products/wilson-roland-garros-team-tns-allroundschlaeger-unbesaitet-00707604302000?_pos=215&_fid=61068efe8&_ss=c
Tennis-Point,2026-07-10 20:39:12,rackets,unisex,Dunlop,Dunlop LX 800 Komfortschläger,L2,0045566182456,125.95,179.95,,€,in_stock,https://www.tennis-point.de/products/dunlop-dunlop-lx-800-komfortschlaeger-01606702363000?_pos=213&_fid=61068efe8&_ss=c
Tennis-Point,2026-07-10 20:39:12,rackets,unisex,Dunlop,Dunlop LX 800 Komfortschläger,L3,0045566182463,125.95,179.95,,€,in_stock,https://www.tennis-point.de/products/dunlop-dunlop-lx-800-komfortschlaeger-01606702363000?_pos=213&_fid=61068efe8&_ss=c
Tennis-Point,2026-07-10 20:39:22,rackets,unisex,Wilson,Clash 100 L V3.0 RG Turnierschläger unbesaitet,L2,00097512975292,219.95,220.0,,€,out_of_stock,https://www.tennis-point.de/products/wilson-clash-100-l-v30-rg-turnierschlaeger-unbesaitet-00707604295000?_pos=212&_fid=61068efe8&_ss=c
Tennis-Point,2026-07-10 20:39:22,rackets,unisex,Wilson,Clash 100 L V3.0 RG Turnierschläger unbesaitet,L3,00097512975261,219.95,220.0,,€,in_stock,https://www.tennis-point.de/products/wilson-clash-100-l-v30-rg-turnierschlaeger-unbesaitet-00707604295000?_pos=212&_fid=61068efe8&_ss=c
Tennis-Point,2026-07-10 20:39:40,rackets,unisex,Dunlop,CX 200 OS Turnierschläger,L2,045566180940,139.95,229.99,,€,in_stock,https://www.tennis-point.de/products/dunlop-cx-200-os-turnierschlaeger-01606602341000?_pos=210&_fid=61068efe8&_ss=c
Tennis-Point,2026-07-10 20:39:40,rackets,unisex,Dunlop,CX 200 OS Turnierschläger,L3,045566180957,139.95,229.99,,€,out_of_stock,https://www.tennis-point.de/products/dunlop-cx-200-os-turnierschlaeger-01606602341000?_pos=210&_fid=61068efe8&_ss=c
Tennis-Point,2026-07-10 20:39:49,rackets,unisex,Head,Speed Pro Legend 2025 Turnierschläger,L2,198772121150,209.95,300.0,,€,in_stock,https://www.tennis-point.de/products/head-speed-pro-legend-2025-turnierschlaeger-00607104578000?_pos=209&_fid=61068efe8&_ss=c
Tennis-Point,2026-07-10 20:39:49,rackets,unisex,Head,Speed Pro Legend 2025 Turnierschläger,L3,198772121167,209.95,300.0,,€,in_stock,https://www.tennis-point.de/products/head-speed-pro-legend-2025-turnierschlaeger-00607104578000?_pos=209&_fid=61068efe8&_ss=c
Tennis-Point,2026-07-10 20:39:57,rackets,unisex,Wilson,Blade 100L V8 Bright Neon Green Turnierschläger,L2,00097512742856,129.95,240.0,,€,out_of_stock,https://www.tennis-point.de/products/wilson-blade-100l-v8-bright-neon-green-turnierschlaeger-00706404008000?_pos=208&_fid=61068efe8&_ss=c
Tennis-Point,2026-07-10 20:39:57,rackets,unisex,Wilson,Blade 100L V8 Bright Neon Green Turnierschläger,L3,00097512742863,129.95,240.0,,€,in_stock,https://www.tennis-point.de/products/wilson-blade-100l-v8-bright-neon-green-turnierschlaeger-00706404008000?_pos=208&_fid=61068efe8&_ss=c
Tennis-Point,2026-07-10 20:40:06,rackets,unisex,Dunlop,SX 300 LS Turnierschläger unbesaitet,L2,0045566182692,141.95,229.99,,€,in_stock,https://www.tennis-point.de/products/dunlop-sx-300-ls-turnierschlaeger-unbesaitet-01607502368000?_pos=207&_fid=61068efe8&_ss=c
Tennis-Point,2026-07-10 20:40:06,rackets,unisex,Dunlop,SX 300 LS Turnierschläger unbesaitet,L3,0045566182708,141.95,229.99,,€,in_stock,https://www.tennis-point.de/products/dunlop-sx-300-ls-turnierschlaeger-unbesaitet-01607502368000?_pos=207&_fid=61068efe8&_ss=c
Tennis-Point,2026-07-10 20:40:14,rackets,unisex,Wilson,Roland Garros Equipe HP TNS Allroundschläger unbesaitet,L2,00097512933391,82.95,120.0,,€,in_stock,https://www.tennis-point.de/products/wilson-roland-garros-equipe-hp-tns-allroundschlaeger-unbesaitet-00707604303000?_pos=206&_fid=61068efe8&_ss=c
Tennis-Point,2026-07-10 20:40:14,rackets,unisex,Wilson,Roland Garros Equipe HP TNS Allroundschläger unbesaitet,L3,00097512933407,82.95,120.0,,€,in_stock,https://www.tennis-point.de/products/wilson-roland-garros-equipe-hp-tns-allroundschlaeger-unbesaitet-00707604303000?_pos=206&_fid=61068efe8&_ss=c
Tennis-Point,2026-07-10 20:40:25,rackets,unisex,Head,Gravity MP (2023) Turnierschläger unbesaitet,L2,724794628850,139.95,280.0,,€,out_of_stock,https://www.tennis-point.de/products/head-gravity-mp-2023-turnierschlaeger-unbesaitet-00606204259000?_pos=205&_fid=61068efe8&_ss=c
Tennis-Point,2026-07-10 20:40:25,rackets,unisex,Head,Gravity MP (2023) Turnierschläger unbesaitet,L3,724794628867,139.95,280.0,,€,out_of_stock,https://www.tennis-point.de/products/head-gravity-mp-2023-turnierschlaeger-unbesaitet-00606204259000?_pos=205&_fid=61068efe8&_ss=c
Tennis-Point,2026-07-10 20:53:32,shoes,women,K-Swiss,Court Express Sandplatzschuh Damen-Schwarz,EU 39,0196483144529,40.95,89.99,,€,out_of_stock,https://www.tennis-point.de/products/k-swiss-court-express-sandplatzschuh-damen-schwarz-01416202236000
Tennis-Point,2026-07-10 20:53:50,shoes,women,K-Swiss,"Hypercourt Express 2 Sandplatzschuh Damen-Schwarz,Mehrfarbig",EU 39,0196483823387,79.95,139.99,,€,out_of_stock,https://www.tennis-point.de/products/k-swiss-hypercourt-express-2-sandplatzschuh-damen-schwarzmehrfarbig-01417102451000
Tennis-Point,2026-07-10 20:56:19,rackets,unisex,Head,Instinct MP 2025 Turnierschläger,L2,726423348436,119.95,160.0,,€,in_stock,https://www.tennis-point.de/products/head-instinct-mp-2025-turnierschlaeger-00607504514000?_pos=166&_fid=22e77a997&_ss=c
Tennis-Point,2026-07-10 20:56:19,rackets,unisex,Head,Instinct MP 2025 Turnierschläger,L3,726423348443,119.95,160.0,,€,in_stock,https://www.tennis-point.de/products/head-instinct-mp-2025-turnierschlaeger-00607504514000?_pos=166&_fid=22e77a997&_ss=c
Tennis-Point,2026-07-10 20:56:28,rackets,unisex,Head,Boom Team 2024 Turnierschläger unbesaitet,L2,724794925201,99.95,230.0,,€,out_of_stock,https://www.tennis-point.de/products/head-boom-team-2024-turnierschlaeger-unbesaitet-00606604333000?_pos=165&_fid=22e77a997&_ss=c
Tennis-Point,2026-07-10 20:56:28,rackets,unisex,Head,Boom Team 2024 Turnierschläger unbesaitet,L3,724794925218,99.95,230.0,,€,in_stock,https://www.tennis-point.de/products/head-boom-team-2024-turnierschlaeger-unbesaitet-00606604333000?_pos=165&_fid=22e77a997&_ss=c
Tennis-Point,2026-07-10 20:56:35,rackets,unisex,Head,Gravity Team 2025 Turnierschläger,L2,726423385806,172.95,250.0,,€,in_stock,https://www.tennis-point.de/products/head-gravity-team-2025-turnierschlaeger-00607504512000?_pos=164&_fid=22e77a997&_ss=c
Tennis-Point,2026-07-10 20:56:35,rackets,unisex,Head,Gravity Team 2025 Turnierschläger,L3,726423385813,172.95,250.0,,€,in_stock,https://www.tennis-point.de/products/head-gravity-team-2025-turnierschlaeger-00607504512000?_pos=164&_fid=22e77a997&_ss=c
Tennis-Point,2026-07-10 20:56:51,rackets,unisex,Wilson,Blade Feel 103 Team Allroundschläger unbesaitet,L2,00097512939454,61.95,70.0,,€,in_stock,https://www.tennis-point.de/products/wilson-blade-feel-103-team-allroundschlaeger-unbesaitet-00707604312000?_pos=162&_fid=22e77a997&_ss=c
Tennis-Point,2026-07-10 20:56:51,rackets,unisex,Wilson,Blade Feel 103 Team Allroundschläger unbesaitet,L3,00097512939430,61.95,70.0,,€,in_stock,https://www.tennis-point.de/products/wilson-blade-feel-103-team-allroundschlaeger-unbesaitet-00707604312000?_pos=162&_fid=22e77a997&_ss=c
Tennis-Point,2026-07-10 20:56:59,rackets,unisex,Yonex,EZONE Alpha SL Turnierschläger,L2,4550675057572,119.95,159.95,,€,in_stock,https://www.tennis-point.de/products/yonex-ezone-alpha-sl-turnierschlaeger-01907501964000?_pos=161&_fid=22e77a997&_ss=c
Tennis-Point,2026-07-10 20:57:09,rackets,unisex,Wilson,Six LV Komfortschläger unbesaitet,L2,0097512648363,79.95,150.0,,€,in_stock,https://www.tennis-point.de/products/wilson-six-lv-komfortschlaeger-unbesaitet-00706203896000?_pos=160&_fid=22e77a997&_ss=c
Tennis-Point,2026-07-10 20:57:09,rackets,unisex,Wilson,Six LV Komfortschläger unbesaitet,L3,0097512648394,79.95,150.0,,€,in_stock,https://www.tennis-point.de/products/wilson-six-lv-komfortschlaeger-unbesaitet-00706203896000?_pos=160&_fid=22e77a997&_ss=c
Tennis-Point,2026-07-10 20:57:24,rackets,unisex,Wilson,Pro Staff Precision 100 Allroundschläger,L2,00097512850612,103.95,130.0,,€,in_stock,https://www.tennis-point.de/products/wilson-pro-staff-precision-100-allroundschlaeger-00707504167000?_pos=158&_fid=22e77a997&_ss=c
Tennis-Point,2026-07-10 20:57:24,rackets,unisex,Wilson,Pro Staff Precision 100 Allroundschläger,L3,00097512850582,103.95,130.0,,€,out_of_stock,https://www.tennis-point.de/products/wilson-pro-staff-precision-100-allroundschlaeger-00707504167000?_pos=158&_fid=22e77a997&_ss=c
Tennis-Point,2026-07-10 20:57:41,rackets,unisex,Head,Prestige MP 2023 Turnierschläger,L2,724794924341,239.95,300.0,,€,in_stock,https://www.tennis-point.de/products/head-prestige-mp-2023-turnierschlaeger-00606404320000?_pos=156&_fid=22e77a997&_ss=c
Tennis-Point,2026-07-10 20:57:41,rackets,unisex,Head,Prestige MP 2023 Turnierschläger,L3,724794924358,239.95,300.0,,€,in_stock,https://www.tennis-point.de/products/head-prestige-mp-2023-turnierschlaeger-00606404320000?_pos=156&_fid=22e77a997&_ss=c
Tennis-Point,2026-07-10 20:57:59,rackets,unisex,Yonex,VCORE 100L (2026) Turnierschläger unbesaitet,L2,4550675389253,289.95,,,€,in_stock,https://www.tennis-point.de/products/yonex-vcore-100l-2026-turnierschlaeger-unbesaitet-p0000004730601?_pos=154&_fid=22e77a997&_ss=c
Tennis-Point,2026-07-10 20:57:59,rackets,unisex,Yonex,VCORE 100L (2026) Turnierschläger unbesaitet,L3,4550675389260,289.95,,,€,in_stock,https://www.tennis-point.de/products/yonex-vcore-100l-2026-turnierschlaeger-unbesaitet-p0000004730601?_pos=154&_fid=22e77a997&_ss=c
Tennis-Point,2026-07-10 20:58:06,rackets,unisex,Wilson,RF 01 Future Turnierschläger,L2,00097512849678,175.95,260.0,,€,in_stock,https://www.tennis-point.de/products/wilson-rf-01-future-turnierschlaeger-00706704088000?_pos=153&_fid=22e77a997&_ss=c
Tennis-Point,2026-07-10 20:58:06,rackets,unisex,Wilson,RF 01 Future Turnierschläger,L3,00097512849654,175.95,260.0,,€,in_stock,https://www.tennis-point.de/products/wilson-rf-01-future-turnierschlaeger-00706704088000?_pos=153&_fid=22e77a997&_ss=c
Tennis-Point,2026-07-10 20:58:19,rackets,unisex,Wilson,Pro Staff 97L V14 Turnierschläger unbesaitet,L2,00097512684026,139.95,280.0,,€,out_of_stock,https://www.tennis-point.de/products/wilson-pro-staff-97l-v14-turnierschlaeger-unbesaitet-00706203877000?_pos=151&_fid=22e77a997&_ss=c
Tennis-Point,2026-07-10 20:58:19,rackets,unisex,Wilson,Pro Staff 97L V14 Turnierschläger unbesaitet,L3,00097512684040,139.95,280.0,,€,out_of_stock,https://www.tennis-point.de/products/wilson-pro-staff-97l-v14-turnierschlaeger-unbesaitet-00706203877000?_pos=151&_fid=22e77a997&_ss=c
Tennis-Point,2026-07-10 20:58:39,rackets,unisex,Head,Extreme MP 2024 Turnierschläger,L2,726423218111,209.95,260.0,,€,in_stock,https://www.tennis-point.de/products/head-extreme-mp-2024-turnierschlaeger-00606704419000?_pos=149&_fid=22e77a997&_ss=c
Tennis-Point,2026-07-10 20:58:39,rackets,unisex,Head,Extreme MP 2024 Turnierschläger,L3,726423218128,209.95,260.0,,€,in_stock,https://www.tennis-point.de/products/head-extreme-mp-2024-turnierschlaeger-00606704419000?_pos=149&_fid=22e77a997&_ss=c
Tennis-Point,2026-07-10 20:58:49,rackets,unisex,Head,Extreme MP L 2024 Turnierschläger unbesaitet,L2,726423218234,185.95,230.0,,€,in_stock,https://www.tennis-point.de/products/head-extreme-mp-l-2024-turnierschlaeger-unbesaitet-00606704420000?_pos=148&_fid=22e77a997&_ss=c
Tennis-Point,2026-07-10 20:58:49,rackets,unisex,Head,Extreme MP L 2024 Turnierschläger unbesaitet,L3,726423218241,185.95,230.0,,€,in_stock,https://www.tennis-point.de/products/head-extreme-mp-l-2024-turnierschlaeger-unbesaitet-00606704420000?_pos=148&_fid=22e77a997&_ss=c
Tennis-Point,2026-07-10 20:59:00,rackets,unisex,Wilson,Pro Staff Precision 103 Allroundschläger,L2,00097512850575,85.95,110.0,,€,in_stock,https://www.tennis-point.de/products/wilson-pro-staff-precision-103-allroundschlaeger-00707504168000?_pos=147&_fid=22e77a997&_ss=c
Tennis-Point,2026-07-10 20:59:00,rackets,unisex,Wilson,Pro Staff Precision 103 Allroundschläger,L3,00097512850551,85.95,110.0,,€,in_stock,https://www.tennis-point.de/products/wilson-pro-staff-precision-103-allroundschlaeger-00707504168000?_pos=147&_fid=22e77a997&_ss=c
Tennis-Point,2026-07-10 20:59:18,rackets,unisex,Head,Speed Tour 2026 Turnierschläger unbesaitet,L2,198772135096,188.95,280.0,,€,in_stock,https://www.tennis-point.de/products/head-speed-tour-2026-turnierschlaeger-unbesaitet-p0000001852401?_pos=145&_fid=22e77a997&_ss=c
Tennis-Point,2026-07-10 20:59:18,rackets,unisex,Head,Speed Tour 2026 Turnierschläger unbesaitet,L3,198772135102,188.95,280.0,,€,in_stock,https://www.tennis-point.de/products/head-speed-tour-2026-turnierschlaeger-unbesaitet-p0000001852401?_pos=145&_fid=22e77a997&_ss=c
Tennis-Point,2026-07-10 20:59:25,rackets,unisex,Head,Extreme Pro 2024 Turnierschläger,L2,726423218012,209.95,260.0,,€,in_stock,https://www.tennis-point.de/products/head-extreme-pro-2024-turnierschlaeger-00606704418000?_pos=144&_fid=22e77a997&_ss=c
Tennis-Point,2026-07-10 20:59:25,rackets,unisex,Head,Extreme Pro 2024 Turnierschläger,L3,726423218029,209.95,260.0,,€,in_stock,https://www.tennis-point.de/products/head-extreme-pro-2024-turnierschlaeger-00606704418000?_pos=144&_fid=22e77a997&_ss=c
Tennis-Point,2026-07-10 20:59:32,rackets,unisex,Wilson,RF 01 Future Lite Turnierschläger,L2,00097512852982,159.95,240.0,,€,in_stock,https://www.tennis-point.de/products/wilson-rf-01-future-lite-turnierschlaeger-00707504219000?_pos=143&_fid=22e77a997&_ss=c
Tennis-Point,2026-07-10 20:59:32,rackets,unisex,Wilson,RF 01 Future Lite Turnierschläger,L3,00097512852975,159.95,240.0,,€,in_stock,https://www.tennis-point.de/products/wilson-rf-01-future-lite-turnierschlaeger-00707504219000?_pos=143&_fid=22e77a997&_ss=c
Tennis-Point,2026-07-10 20:59:41,rackets,unisex,Wilson,Clash 100L V2.0 Bright Neon Pink Turnierschläger,L2,00097512742368,169.95,270.0,,€,out_of_stock,https://www.tennis-point.de/products/wilson-clash-100l-v20-bright-neon-pink-turnierschlaeger-00706404005000?_pos=142&_fid=22e77a997&_ss=c
Tennis-Point,2026-07-10 20:59:41,rackets,unisex,Wilson,Clash 100L V2.0 Bright Neon Pink Turnierschläger,L3,00097512742344,169.95,270.0,,€,in_stock,https://www.tennis-point.de/products/wilson-clash-100l-v20-bright-neon-pink-turnierschlaeger-00706404005000?_pos=142&_fid=22e77a997&_ss=c
Tennis-Point,2026-07-10 20:59:47,rackets,unisex,Wilson,Shift 99 V1 Turnierschläger unbesaitet,L2,00097512727921,209.95,270.0,,€,out_of_stock,https://www.tennis-point.de/products/wilson-shift-99-v1-turnierschlaeger-unbesaitet-00706303996000?_pos=141&_fid=22e77a997&_ss=c
Tennis-Point,2026-07-10 20:59:47,rackets,unisex,Wilson,Shift 99 V1 Turnierschläger unbesaitet,L3,00097512727952,209.95,270.0,,€,in_stock,https://www.tennis-point.de/products/wilson-shift-99-v1-turnierschlaeger-unbesaitet-00706303996000?_pos=141&_fid=22e77a997&_ss=c
Tennis-Point,2026-07-10 21:00:45,shoes,women,K-Swiss,"Hypercourt Express 3 Sandplatzschuh Damen - weiß, lavendel",EU 39,196483942910,78.95,149.99,,€,in_stock,https://www.tennis-point.de/products/k-swiss-hypercourt-express-3-sandplatzschuh-damen-weiss-lavendel-p0000004300401
Tennis-Point,2026-07-10 21:01:12,shoes,women,K-Swiss,"Express Light 3 Allcourtschuh Damen - weiß, lavendel",EU 39,196483943757,69.95,119.99,,€,in_stock,https://www.tennis-point.de/products/k-swiss-express-light-3-allcourtschuh-damen-weiss-lavendel-a0000004310201
Tennis-Point,2026-07-10 21:01:38,shoes,women,K-Swiss,"Express Light 3 Sandplatzschuh Damen - salbei, koralle",EU 39,0196483786934,83.95,119.99,,€,in_stock,https://www.tennis-point.de/products/k-swiss-express-light-3-sandplatzschuh-damen-salbei-koralle-01417502448000
Tennis-Point,2026-07-10 21:01:46,shoes,women,Head,"Sprint Team 4.0  Sandplatzschuh Damen-blau, dunkelblau",EU 39,0198772064396,69.95,110.0,,€,in_stock,https://www.tennis-point.de/products/head-sprint-team-40-sandplatzschuh-damen-blau-dunkelblau-p0000004220601
Tennis-Point,2026-07-10 21:04:55,shoes,women,K-Swiss,"Ultrashot Light Allcourtschuh Damen - weiß, lavendel",EU 39,199286041767,61.95,100.0,,€,in_stock,https://www.tennis-point.de/products/k-swiss-ultrashot-light-allcourtschuh-damen-weiss-lavendel-p0000004300201
Tennis-Point,2026-07-10 21:05:27,rackets,unisex,Head,Gravity MP L 2025 Turnierschläger,L2,726423385684,201.95,250.0,,€,in_stock,https://www.tennis-point.de/products/head-gravity-mp-l-2025-turnierschlaeger-00607504511000?_pos=136&_fid=3c4b7da3e&_ss=c
Tennis-Point,2026-07-10 21:05:27,rackets,unisex,Head,Gravity MP L 2025 Turnierschläger,L3,726423385691,201.95,250.0,,€,in_stock,https://www.tennis-point.de/products/head-gravity-mp-l-2025-turnierschlaeger-00607504511000?_pos=136&_fid=3c4b7da3e&_ss=c
Tennis-Point,2026-07-10 21:05:37,rackets,unisex,Head,Boom Pro Turnierschläger unbesaitet,L2,198772135898,215.95,280.0,,€,in_stock,https://www.tennis-point.de/products/head-boom-pro-turnierschlaeger-unbesaitet-p0000006240201?_pos=135&_fid=3c4b7da3e&_ss=c
Tennis-Point,2026-07-10 21:05:37,rackets,unisex,Head,Boom Pro Turnierschläger unbesaitet,L3,198772135904,215.95,280.0,,€,in_stock,https://www.tennis-point.de/products/head-boom-pro-turnierschlaeger-unbesaitet-p0000006240201?_pos=135&_fid=3c4b7da3e&_ss=c
Tennis-Point,2026-07-10 21:05:44,rackets,unisex,Head,Boom Team 2026 Turnierschläger unbesaitet,L2,198772136376,138.95,210.0,,€,in_stock,https://www.tennis-point.de/products/head-boom-team-2026-turnierschlaeger-unbesaitet-p0000001851501?_pos=134&_fid=3c4b7da3e&_ss=c
Tennis-Point,2026-07-10 21:05:44,rackets,unisex,Head,Boom Team 2026 Turnierschläger unbesaitet,L3,198772136383,138.95,210.0,,€,in_stock,https://www.tennis-point.de/products/head-boom-team-2026-turnierschlaeger-unbesaitet-p0000001851501?_pos=134&_fid=3c4b7da3e&_ss=c
Tennis-Point,2026-07-10 21:05:53,rackets,unisex,Head,Radical MP 18X20 Turnierschläger,L2,0724794624937,149.95,279.95,,€,in_stock,https://www.tennis-point.de/products/head-radical-mp-18x20-turnierschlaeger-00606704408000?_pos=133&_fid=3c4b7da3e&_ss=c
Tennis-Point,2026-07-10 21:05:53,rackets,unisex,Head,Radical MP 18X20 Turnierschläger,L3,0724794624944,149.95,279.95,,€,in_stock,https://www.tennis-point.de/products/head-radical-mp-18x20-turnierschlaeger-00606704408000?_pos=133&_fid=3c4b7da3e&_ss=c
Tennis-Point,2026-07-10 21:06:01,rackets,unisex,Dunlop,CX 200 Limited Turnierschläger,L2,0045566184634,169.95,259.99,,€,in_stock,https://www.tennis-point.de/products/dunlop-cx-200-limited-turnierschlaeger-01607102412000?_pos=132&_fid=3c4b7da3e&_ss=c
Tennis-Point,2026-07-10 21:06:01,rackets,unisex,Dunlop,CX 200 Limited Turnierschläger,L3,0045566184641,169.95,259.99,,€,in_stock,https://www.tennis-point.de/products/dunlop-cx-200-limited-turnierschlaeger-01607102412000?_pos=132&_fid=3c4b7da3e&_ss=c
Tennis-Point,2026-07-10 21:06:09,rackets,unisex,Wilson,RF 01 Pro Laver Cup 2025 Turnierschläger unbesaitet,L2,00097512931779,196.95,300.0,,€,out_of_stock,https://www.tennis-point.de/products/wilson-rf-01-pro-laver-cup-2025-turnierschlaeger-unbesaitet-00707104232000?_pos=131&_fid=3c4b7da3e&_ss=c
Tennis-Point,2026-07-10 21:06:09,rackets,unisex,Wilson,RF 01 Pro Laver Cup 2025 Turnierschläger unbesaitet,L3,00097512931762,196.95,300.0,,€,out_of_stock,https://www.tennis-point.de/products/wilson-rf-01-pro-laver-cup-2025-turnierschlaeger-unbesaitet-00707104232000?_pos=131&_fid=3c4b7da3e&_ss=c
Tennis-Point,2026-07-10 21:06:17,rackets,unisex,Wilson,Clash 100 V2.0 Noir Turnierschläger,L2,00097512718066,144.95,290.0,,€,out_of_stock,https://www.tennis-point.de/products/wilson-clash-100-v20-noir-turnierschlaeger-00706403957000?_pos=130&_fid=3c4b7da3e&_ss=c
Tennis-Point,2026-07-10 21:06:17,rackets,unisex,Wilson,Clash 100 V2.0 Noir Turnierschläger,L3,00097512718073,144.95,290.0,,€,in_stock,https://www.tennis-point.de/products/wilson-clash-100-v20-noir-turnierschlaeger-00706403957000?_pos=130&_fid=3c4b7da3e&_ss=c
Tennis-Point,2026-07-10 21:06:27,rackets,unisex,Head,Boom MP Orlinski Limited Edition Turnierschläger,L2,0198772007348,133.95,260.0,,€,out_of_stock,https://www.tennis-point.de/products/head-boom-mp-orlinski-limited-edition-turnierschlaeger-00606904497000?_pos=129&_fid=3c4b7da3e&_ss=c
Tennis-Point,2026-07-10 21:06:27,rackets,unisex,Head,Boom MP Orlinski Limited Edition Turnierschläger,L3,0198772007355,133.95,260.0,,€,in_stock,https://www.tennis-point.de/products/head-boom-mp-orlinski-limited-edition-turnierschlaeger-00606904497000?_pos=129&_fid=3c4b7da3e&_ss=c
Tennis-Point,2026-07-10 21:06:36,rackets,unisex,Head,Boom MP UL 2026 Turnierschläger unbesaitet,L2,198772136253,155.95,230.0,,€,in_stock,https://www.tennis-point.de/products/head-boom-mp-ul-2026-turnierschlaeger-unbesaitet-p0000001852301?_pos=128&_fid=3c4b7da3e&_ss=c
Tennis-Point,2026-07-10 21:06:36,rackets,unisex,Head,Boom MP UL 2026 Turnierschläger unbesaitet,L3,198772136260,155.95,230.0,,€,in_stock,https://www.tennis-point.de/products/head-boom-mp-ul-2026-turnierschlaeger-unbesaitet-p0000001852301?_pos=128&_fid=3c4b7da3e&_ss=c
Tennis-Point,2026-07-10 21:06:44,rackets,unisex,Yonex,VCORE 98 (2026) Turnierschläger unbesaitet,L2,4550675355258,309.95,,,€,out_of_stock,https://www.tennis-point.de/products/yonex-vcore-98-2026-turnierschlaeger-unbesaitet-p0000004730901?_pos=127&_fid=3c4b7da3e&_ss=c
Tennis-Point,2026-07-10 21:06:44,rackets,unisex,Yonex,VCORE 98 (2026) Turnierschläger unbesaitet,L3,4550675355265,309.95,,,€,in_stock,https://www.tennis-point.de/products/yonex-vcore-98-2026-turnierschlaeger-unbesaitet-p0000004730901?_pos=127&_fid=3c4b7da3e&_ss=c
Tennis-Point,2026-07-10 21:07:04,rackets,unisex,Head,Prestige Pro 2023 Turnierschläger,L2,724794924143,257.95,320.0,,€,out_of_stock,https://www.tennis-point.de/products/head-prestige-pro-2023-turnierschlaeger-00606404318000?_pos=125&_fid=3c4b7da3e&_ss=c
Tennis-Point,2026-07-10 21:07:04,rackets,unisex,Head,Prestige Pro 2023 Turnierschläger,L3,724794924150,257.95,320.0,,€,in_stock,https://www.tennis-point.de/products/head-prestige-pro-2023-turnierschlaeger-00606404318000?_pos=125&_fid=3c4b7da3e&_ss=c
Tennis-Point,2026-07-10 21:07:15,rackets,unisex,Wilson,Clash 108 V3.0 Turnierschläger,L2,00097512946643,147.95,230.0,,€,out_of_stock,https://www.tennis-point.de/products/wilson-clash-108-v30-turnierschlaeger-00707104228000?_pos=124&_fid=3c4b7da3e&_ss=c
Tennis-Point,2026-07-10 21:07:15,rackets,unisex,Wilson,Clash 108 V3.0 Turnierschläger,L3,00097512946629,147.95,230.0,,€,out_of_stock,https://www.tennis-point.de/products/wilson-clash-108-v30-turnierschlaeger-00707104228000?_pos=124&_fid=3c4b7da3e&_ss=c
Tennis-Point,2026-07-10 21:07:30,rackets,unisex,Wilson,Pro Staff 97 UL Classic Turnierschläger unbesaitet,L2,00199073012918,135.95,220.0,,€,in_stock,https://www.tennis-point.de/products/wilson-pro-staff-97-ul-classic-turnierschlaeger-unbesaitet-00707604291000?_pos=122&_fid=3c4b7da3e&_ss=c
Tennis-Point,2026-07-10 21:07:30,rackets,unisex,Wilson,Pro Staff 97 UL Classic Turnierschläger unbesaitet,L3,00199073012925,135.95,220.0,,€,in_stock,https://www.tennis-point.de/products/wilson-pro-staff-97-ul-classic-turnierschlaeger-unbesaitet-00707604291000?_pos=122&_fid=3c4b7da3e&_ss=c
Tennis-Point,2026-07-10 21:07:35,rackets,unisex,Head,Radical Pro 2025 Turnierschläger,L2,726423384861,241.95,300.0,,€,in_stock,https://www.tennis-point.de/products/head-radical-pro-2025-turnierschlaeger-00607504502000?_pos=121&_fid=3c4b7da3e&_ss=c
Tennis-Point,2026-07-10 21:07:35,rackets,unisex,Head,Radical Pro 2025 Turnierschläger,L3,726423384878,241.95,300.0,,€,in_stock,https://www.tennis-point.de/products/head-radical-pro-2025-turnierschlaeger-00607504502000?_pos=121&_fid=3c4b7da3e&_ss=c
Tennis-Point,2026-07-10 21:07:51,rackets,unisex,Wilson,Clash 100 Pro V3.0 Reverse Turnierschläger unbesaitet,L2,199073010891,185.95,250.0,,€,in_stock,https://www.tennis-point.de/products/wilson-clash-100-pro-v30-reverse-turnierschlaeger-unbesaitet-00707604323000?_pos=119&_fid=3c4b7da3e&_ss=c
Tennis-Point,2026-07-10 21:07:51,rackets,unisex,Wilson,Clash 100 Pro V3.0 Reverse Turnierschläger unbesaitet,L3,199073010907,185.95,250.0,,€,in_stock,https://www.tennis-point.de/products/wilson-clash-100-pro-v30-reverse-turnierschlaeger-unbesaitet-00707604323000?_pos=119&_fid=3c4b7da3e&_ss=c
Tennis-Point,2026-07-10 21:07:57,rackets,unisex,Yonex,Percept 100 (300g) Turnierschläger unbesaitet,L2,4550468627654,235.95,309.95,,€,out_of_stock,https://www.tennis-point.de/products/yonex-percept-100-300g-turnierschlaeger-unbesaitet-01906401921000?_pos=118&_fid=3c4b7da3e&_ss=c
Tennis-Point,2026-07-10 21:07:57,rackets,unisex,Yonex,Percept 100 (300g) Turnierschläger unbesaitet,L3,4550468627661,235.95,309.95,,€,in_stock,https://www.tennis-point.de/products/yonex-percept-100-300g-turnierschlaeger-unbesaitet-01906401921000?_pos=118&_fid=3c4b7da3e&_ss=c
Tennis-Point,2026-07-10 21:08:04,rackets,unisex,Wilson,Blade 100L V9 US Open Turnierschläger,L2,00097512931649,162.95,240.0,,€,in_stock,https://www.tennis-point.de/products/wilson-blade-100l-v9-us-open-turnierschlaeger-00707104229000?_pos=117&_fid=3c4b7da3e&_ss=c
Tennis-Point,2026-07-10 21:08:04,rackets,unisex,Wilson,Blade 100L V9 US Open Turnierschläger,L3,00097512931632,162.95,240.0,,€,out_of_stock,https://www.tennis-point.de/products/wilson-blade-100l-v9-us-open-turnierschlaeger-00707104229000?_pos=117&_fid=3c4b7da3e&_ss=c
Tennis-Point,2026-07-10 21:08:19,rackets,unisex,Wilson,Ultra 100 V5 Desert Turnierschläger unbesaitet,L2,00199073013038,192.95,240.95,,€,in_stock,https://www.tennis-point.de/products/wilson-ultra-100-v5-desert-turnierschlaeger-unbesaitet-p0000004020301?_pos=115&_fid=3c4b7da3e&_ss=c
Tennis-Point,2026-07-10 21:08:19,rackets,unisex,Wilson,Ultra 100 V5 Desert Turnierschläger unbesaitet,L3,00199073013045,192.95,240.95,,€,in_stock,https://www.tennis-point.de/products/wilson-ultra-100-v5-desert-turnierschlaeger-unbesaitet-p0000004020301?_pos=115&_fid=3c4b7da3e&_ss=c
Tennis-Point,2026-07-10 21:08:36,rackets,unisex,Wilson,Ultra 100L V5 Desert Turnierschläger unbesaitet,L2,00199073012994,192.95,220.0,,€,in_stock,https://www.tennis-point.de/products/wilson-ultra-100l-v5-desert-turnierschlaeger-unbesaitet-p0000004020201?_pos=113&_fid=3c4b7da3e&_ss=c
Tennis-Point,2026-07-10 21:08:36,rackets,unisex,Wilson,Ultra 100L V5 Desert Turnierschläger unbesaitet,L3,00199073013014,192.95,220.0,,€,in_stock,https://www.tennis-point.de/products/wilson-ultra-100l-v5-desert-turnierschlaeger-unbesaitet-p0000004020201?_pos=113&_fid=3c4b7da3e&_ss=c
Tennis-Point,2026-07-10 21:08:40,rackets,unisex,Head,Speed MP Legend 2025 Turnierschläger,L2,198772121259,194.95,280.0,,€,in_stock,https://www.tennis-point.de/products/head-speed-mp-legend-2025-turnierschlaeger-00607104580000?_pos=112&_fid=3c4b7da3e&_ss=c
Tennis-Point,2026-07-10 21:08:40,rackets,unisex,Head,Speed MP Legend 2025 Turnierschläger,L3,198772121266,194.95,280.0,,€,in_stock,https://www.tennis-point.de/products/head-speed-mp-legend-2025-turnierschlaeger-00607104580000?_pos=112&_fid=3c4b7da3e&_ss=c
Tennis-Point,2026-07-10 21:08:51,rackets,unisex,Wilson,Blade 98 16X19 V9 US Open Turnierschläger,L2,0097512932202,217.95,280.0,,€,in_stock,https://www.tennis-point.de/products/wilson-blade-98-16x19-v9-us-open-turnierschlaeger-00707104261000?_pos=111&_fid=3c4b7da3e&_ss=c
Tennis-Point,2026-07-10 21:08:51,rackets,unisex,Wilson,Blade 98 16X19 V9 US Open Turnierschläger,L3,0097512932172,217.95,280.0,,€,in_stock,https://www.tennis-point.de/products/wilson-blade-98-16x19-v9-us-open-turnierschlaeger-00707104261000?_pos=111&_fid=3c4b7da3e&_ss=c
Tennis-Point,2026-07-10 21:09:00,rackets,unisex,Wilson,Clash 100 V3.0 Reverse Turnierschläger unbesaitet,L2,199073010877,195.95,250.0,,€,in_stock,https://www.tennis-point.de/products/wilson-clash-100-v30-reverse-turnierschlaeger-unbesaitet-00707604324000?_pos=110&_fid=3c4b7da3e&_ss=c
Tennis-Point,2026-07-10 21:09:00,rackets,unisex,Wilson,Clash 100 V3.0 Reverse Turnierschläger unbesaitet,L3,199073010860,195.95,250.0,,€,in_stock,https://www.tennis-point.de/products/wilson-clash-100-v30-reverse-turnierschlaeger-unbesaitet-00707604324000?_pos=110&_fid=3c4b7da3e&_ss=c
Tennis-Point,2026-07-10 21:09:11,rackets,unisex,Wilson,Ultra 99 Pro V5 Turnierschläger,L2,00097512932097,178.95,260.0,,€,in_stock,https://www.tennis-point.de/products/wilson-ultra-99-pro-v5-turnierschlaeger-00707104221000?_pos=109&_fid=3c4b7da3e&_ss=c
Tennis-Point,2026-07-10 21:09:11,rackets,unisex,Wilson,Ultra 99 Pro V5 Turnierschläger,L3,00097512932080,178.95,260.0,,€,in_stock,https://www.tennis-point.de/products/wilson-ultra-99-pro-v5-turnierschlaeger-00707104221000?_pos=109&_fid=3c4b7da3e&_ss=c
Tennis-Point,2026-07-10 21:09:28,rackets,unisex,Head,Radical Team 2025 Turnierschläger,L2,726423385080,174.95,250.0,,€,in_stock,https://www.tennis-point.de/products/head-radical-team-2025-turnierschlaeger-00607504505000?_pos=107&_fid=3c4b7da3e&_ss=c
Tennis-Point,2026-07-10 21:09:28,rackets,unisex,Head,Radical Team 2025 Turnierschläger,L3,726423385097,174.95,250.0,,€,in_stock,https://www.tennis-point.de/products/head-radical-team-2025-turnierschlaeger-00607504505000?_pos=107&_fid=3c4b7da3e&_ss=c
Tennis-Point,2026-07-10 21:09:43,rackets,unisex,Head,Speed Pro 2026 Turnierschläger unbesaitet,L2,198772134990,235.95,300.0,,€,in_stock,https://www.tennis-point.de/products/head-speed-pro-2026-turnierschlaeger-unbesaitet-p0000001850701?_pos=105&_fid=3c4b7da3e&_ss=c
Tennis-Point,2026-07-10 21:09:43,rackets,unisex,Head,Speed Pro 2026 Turnierschläger unbesaitet,L3,198772135003,235.95,300.0,,€,in_stock,https://www.tennis-point.de/products/head-speed-pro-2026-turnierschlaeger-unbesaitet-p0000001850701?_pos=105&_fid=3c4b7da3e&_ss=c
Tennis-Point,2026-07-10 21:10:00,rackets,unisex,Head,Boom Pro 2024 Turnierschläger unbesaitet,L2,724794924846,117.95,280.0,,€,in_stock,https://www.tennis-point.de/products/head-boom-pro-2024-turnierschlaeger-unbesaitet-00606604330000?_pos=103&_fid=3c4b7da3e&_ss=c
Tennis-Point,2026-07-10 21:10:00,rackets,unisex,Head,Boom Pro 2024 Turnierschläger unbesaitet,L3,724794924853,117.95,280.0,,€,in_stock,https://www.tennis-point.de/products/head-boom-pro-2024-turnierschlaeger-unbesaitet-00606604330000?_pos=103&_fid=3c4b7da3e&_ss=c
Tennis-Point,2026-07-10 21:10:08,shoes,women,K-Swiss,"Ultrashot 4 Sandplatzschuh Damen - weiß, lavendel",EU 39,196483941579,89.95,189.99,,€,in_stock,https://www.tennis-point.de/products/k-swiss-ultrashot-4-sandplatzschuh-damen-weiss-lavendel-a0000004301501
Tennis-Point,2026-07-10 21:13:27,shoes,women,K-Swiss,"Ultrashot Team 2 Sandplatzschuh Damen - weiß, lavendel",EU 39,196483942057,69.95,129.99,,€,in_stock,https://www.tennis-point.de/products/k-swiss-ultrashot-team-2-sandplatzschuh-damen-weiss-lavendel-p0000004310701
Tennis-Point,2026-07-10 21:13:34,shoes,women,Head,"Sprint Team 4.0  Sandplatzschuh Damen-weiß, hellgrau",EU 39,0198772064631,69.95,110.0,,€,in_stock,https://www.tennis-point.de/products/head-sprint-team-40-sandplatzschuh-damen-weiss-hellgrau-p0000004220901
Tennis-Point,2026-07-10 21:14:03,shoes,women,K-Swiss,"Hypercourt Express 2 Sandplatzschuh Damen-Weiß,Mehrfarbig",EU 39,0196483823509,79.95,139.99,,€,in_stock,https://www.tennis-point.de/products/k-swiss-hypercourt-express-2-sandplatzschuh-damen-weissmehrfarbig-01417102452000
Tennis-Point,2026-07-10 21:14:17,shoes,women,K-Swiss,"COURT EXPRESS 2  AC Allcourtschuh Damen-weiß, lavendel",EU 39,196483940732,44.95,79.99,,€,in_stock,https://www.tennis-point.de/products/k-swiss-court-express-2-ac-allcourtschuh-damen-weiss-lavendel-p0000004300501
Tennis-Point,2026-07-10 21:15:06,rackets,unisex,Wilson,Ultra 100L V4.0 Bright Neon Blue Turnierschläger,L2,00097512768580,129.95,220.0,,€,in_stock,https://www.tennis-point.de/products/wilson-ultra-100l-v40-bright-neon-blue-turnierschlaeger-00706404006000?_pos=102&_fid=6dbe398bd&_ss=c
Tennis-Point,2026-07-10 21:15:06,rackets,unisex,Wilson,Ultra 100L V4.0 Bright Neon Blue Turnierschläger,L3,00097512768597,129.95,220.0,,€,in_stock,https://www.tennis-point.de/products/wilson-ultra-100l-v40-bright-neon-blue-turnierschlaeger-00706404006000?_pos=102&_fid=6dbe398bd&_ss=c
Tennis-Point,2026-07-10 21:15:17,rackets,unisex,Wilson,Triad Three Komfortschläger,L2,00097512451130,164.95,240.0,,€,in_stock,https://www.tennis-point.de/products/wilson-triad-three-komfortschlaeger-00705503705000?_pos=101&_fid=6dbe398bd&_ss=c&variant=43962332643370
Tennis-Point,2026-07-10 21:15:17,rackets,unisex,Wilson,Triad Three Komfortschläger,L3,00097512451147,164.95,240.0,,€,in_stock,https://www.tennis-point.de/products/wilson-triad-three-komfortschlaeger-00705503705000?_pos=101&_fid=6dbe398bd&_ss=c&variant=43962332643370
Tennis-Point,2026-07-10 21:15:24,rackets,unisex,Dunlop,FX 500 Turnierschläger,L2,0045566179678,89.95,219.99,,€,in_stock,https://www.tennis-point.de/products/dunlop-fx-500-turnierschlaeger-01606202307000?_pos=100&_fid=6dbe398bd&_ss=c
Tennis-Point,2026-07-10 21:15:24,rackets,unisex,Dunlop,FX 500 Turnierschläger,L3,0045566179685,89.95,219.99,,€,in_stock,https://www.tennis-point.de/products/dunlop-fx-500-turnierschlaeger-01606202307000?_pos=100&_fid=6dbe398bd&_ss=c
Tennis-Point,2026-07-10 21:15:31,rackets,unisex,Yonex,VCORE 95 (2026) Turnierschläger unbesaitet,L2,4550675389116,309.95,,,€,in_stock,https://www.tennis-point.de/products/yonex-vcore-95-2026-turnierschlaeger-unbesaitet-p0000004731101?_pos=99&_fid=6dbe398bd&_ss=c
Tennis-Point,2026-07-10 21:15:31,rackets,unisex,Yonex,VCORE 95 (2026) Turnierschläger unbesaitet,L3,4550675389123,309.95,,,€,in_stock,https://www.tennis-point.de/products/yonex-vcore-95-2026-turnierschlaeger-unbesaitet-p0000004731101?_pos=99&_fid=6dbe398bd&_ss=c
Tennis-Point,2026-07-10 21:15:46,rackets,unisex,Head,Boom MP L 2026 Turnierschläger unbesaitet,L2,198772136130,182.95,230.0,,€,in_stock,https://www.tennis-point.de/products/head-boom-mp-l-2026-turnierschlaeger-unbesaitet-p0000001850601?_pos=97&_fid=6dbe398bd&_ss=c
Tennis-Point,2026-07-10 21:15:46,rackets,unisex,Head,Boom MP L 2026 Turnierschläger unbesaitet,L3,198772136147,182.95,230.0,,€,in_stock,https://www.tennis-point.de/products/head-boom-mp-l-2026-turnierschlaeger-unbesaitet-p0000001850601?_pos=97&_fid=6dbe398bd&_ss=c
Tennis-Point,2026-07-10 21:16:23,rackets,unisex,Head,Boom MP L 2024 Turnierschläger,L2,724794925089,119.95,230.0,,€,in_stock,https://www.tennis-point.de/products/head-boom-mp-l-2024-turnierschlaeger-00606604332000?_pos=93&_fid=6dbe398bd&_ss=c
Tennis-Point,2026-07-10 21:16:23,rackets,unisex,Head,Boom MP L 2024 Turnierschläger,L3,724794925096,119.95,230.0,,€,in_stock,https://www.tennis-point.de/products/head-boom-mp-l-2024-turnierschlaeger-00606604332000?_pos=93&_fid=6dbe398bd&_ss=c
Tennis-Point,2026-07-10 21:16:29,rackets,unisex,Dunlop,FX 500 LS Turnierschläger,L2,0045566179715,99.95,209.99,,€,in_stock,https://www.tennis-point.de/products/dunlop-fx-500-ls-turnierschlaeger-01606202308000?_pos=92&_fid=6dbe398bd&_ss=c
Tennis-Point,2026-07-10 21:16:29,rackets,unisex,Dunlop,FX 500 LS Turnierschläger,L3,0045566179722,99.95,209.99,,€,in_stock,https://www.tennis-point.de/products/dunlop-fx-500-ls-turnierschlaeger-01606202308000?_pos=92&_fid=6dbe398bd&_ss=c
Tennis-Point,2026-07-10 21:16:39,rackets,unisex,Wilson,Pro Staff Team Classic Turnierschläger besaitet,L2,00097512975520,123.95,170.0,,€,in_stock,https://www.tennis-point.de/products/wilson-pro-staff-team-classic-turnierschlaeger-besaitet-00707604292000?_pos=91&_fid=6dbe398bd&_ss=c
Tennis-Point,2026-07-10 21:16:39,rackets,unisex,Wilson,Pro Staff Team Classic Turnierschläger besaitet,L3,00097512975513,123.95,170.0,,€,in_stock,https://www.tennis-point.de/products/wilson-pro-staff-team-classic-turnierschlaeger-besaitet-00707604292000?_pos=91&_fid=6dbe398bd&_ss=c
Tennis-Point,2026-07-10 21:17:20,rackets,unisex,Wilson,Blade 104 V9 Turnierschläger,L2,00097512791946,184.95,240.0,,€,in_stock,https://www.tennis-point.de/products/wilson-blade-104-v9-turnierschlaeger-00706604031000?_pos=86&_fid=6dbe398bd&_ss=c
Tennis-Point,2026-07-10 21:17:20,rackets,unisex,Wilson,Blade 104 V9 Turnierschläger,L3,00097512791977,184.95,240.0,,€,in_stock,https://www.tennis-point.de/products/wilson-blade-104-v9-turnierschlaeger-00706604031000?_pos=86&_fid=6dbe398bd&_ss=c
Tennis-Point,2026-07-10 21:17:26,rackets,unisex,Yonex,Muse 100 Allroundschläger,L2,4550675529130,199.95,249.95,,€,out_of_stock,https://www.tennis-point.de/products/yonex-muse-100-allroundschlaeger-p0000007160401?_pos=85&_fid=6dbe398bd&_ss=c
Tennis-Point,2026-07-10 21:17:26,rackets,unisex,Yonex,Muse 100 Allroundschläger,L3,4550675529147,199.95,249.95,,€,out_of_stock,https://www.tennis-point.de/products/yonex-muse-100-allroundschlaeger-p0000007160401?_pos=85&_fid=6dbe398bd&_ss=c
Tennis-Point,2026-07-10 21:17:36,rackets,unisex,Wilson,Shift 99L V1 Turnierschläger,L2,00097512728058,197.95,250.0,,€,in_stock,https://www.tennis-point.de/products/wilson-shift-99l-v1-turnierschlaeger-00706403998000?_pos=84&_fid=6dbe398bd&_ss=c
Tennis-Point,2026-07-10 21:17:36,rackets,unisex,Wilson,Shift 99L V1 Turnierschläger,L3,00097512728096,197.95,250.0,,€,in_stock,https://www.tennis-point.de/products/wilson-shift-99l-v1-turnierschlaeger-00706403998000?_pos=84&_fid=6dbe398bd&_ss=c
Tennis-Point,2026-07-10 21:17:42,rackets,unisex,Head,Gravity Tour 2025 Turnierschläger unbesaitet,L2,726423385462,194.95,280.0,,€,in_stock,https://www.tennis-point.de/products/head-gravity-tour-2025-turnierschlaeger-unbesaitet-00607504509000?_pos=83&_fid=6dbe398bd&_ss=c
Tennis-Point,2026-07-10 21:17:42,rackets,unisex,Head,Gravity Tour 2025 Turnierschläger unbesaitet,L3,726423385479,194.95,280.0,,€,in_stock,https://www.tennis-point.de/products/head-gravity-tour-2025-turnierschlaeger-unbesaitet-00607504509000?_pos=83&_fid=6dbe398bd&_ss=c
Tennis-Point,2026-07-10 21:17:52,rackets,unisex,Wilson,Ultra 100L V4.0 Turnierschläger,L2,00097512640299,124.95,220.0,,€,in_stock,https://www.tennis-point.de/products/wilson-ultra-100l-v40-turnierschlaeger-00706003841000?_pos=82&_fid=6dbe398bd&_ss=c
Tennis-Point,2026-07-10 21:17:52,rackets,unisex,Wilson,Ultra 100L V4.0 Turnierschläger,L3,00097512640305,124.95,220.0,,€,in_stock,https://www.tennis-point.de/products/wilson-ultra-100l-v40-turnierschlaeger-00706003841000?_pos=82&_fid=6dbe398bd&_ss=c
Tennis-Point,2026-07-10 21:18:00,rackets,unisex,Wilson,Blade 98S V9 Turnierschläger,L2,00097512792394,192.95,280.0,,€,in_stock,https://www.tennis-point.de/products/wilson-blade-98s-v9-turnierschlaeger-00706604026000?_pos=81&_fid=6dbe398bd&_ss=c
Tennis-Point,2026-07-10 21:18:00,rackets,unisex,Wilson,Blade 98S V9 Turnierschläger,L3,00097512792431,192.95,280.0,,€,in_stock,https://www.tennis-point.de/products/wilson-blade-98s-v9-turnierschlaeger-00706604026000?_pos=81&_fid=6dbe398bd&_ss=c
Tennis-Point,2026-07-10 21:18:20,rackets,unisex,Wilson,Ultra 100 V5 RG Turnierschläger unbesaitet,L2,00097512975438,164.95,240.0,,€,in_stock,https://www.tennis-point.de/products/wilson-ultra-100-v5-rg-turnierschlaeger-unbesaitet-00707604296000?_pos=79&_fid=6dbe398bd&_ss=c
Tennis-Point,2026-07-10 21:18:20,rackets,unisex,Wilson,Ultra 100 V5 RG Turnierschläger unbesaitet,L3,00097512975445,164.95,240.0,,€,in_stock,https://www.tennis-point.de/products/wilson-ultra-100-v5-rg-turnierschlaeger-unbesaitet-00707604296000?_pos=79&_fid=6dbe398bd&_ss=c
Tennis-Point,2026-07-10 21:18:38,rackets,unisex,Yonex,VCORE 100 (2026) Turnierschläger unbesaitet,L2,4550675355227,299.95,,,€,in_stock,https://www.tennis-point.de/products/yonex-vcore-100-2026-turnierschlaeger-unbesaitet-p0000004731201?_pos=77&_fid=6dbe398bd&_ss=c
Tennis-Point,2026-07-10 21:18:38,rackets,unisex,Yonex,VCORE 100 (2026) Turnierschläger unbesaitet,L3,4550675355234,299.95,,,€,out_of_stock,https://www.tennis-point.de/products/yonex-vcore-100-2026-turnierschlaeger-unbesaitet-p0000004731201?_pos=77&_fid=6dbe398bd&_ss=c
Tennis-Point,2026-07-10 21:18:44,rackets,unisex,Wilson,Pro Staff 97 L Classic Turnierschläger unbesaitet,L2,00097512974578,159.95,240.0,,€,in_stock,https://www.tennis-point.de/products/wilson-pro-staff-97-l-classic-turnierschlaeger-unbesaitet-00707604290000?_pos=76&_fid=6dbe398bd&_ss=c
Tennis-Point,2026-07-10 21:18:44,rackets,unisex,Wilson,Pro Staff 97 L Classic Turnierschläger unbesaitet,L3,00097512974561,159.95,240.0,,€,in_stock,https://www.tennis-point.de/products/wilson-pro-staff-97-l-classic-turnierschlaeger-unbesaitet-00707604290000?_pos=76&_fid=6dbe398bd&_ss=c
Tennis-Point,2026-07-10 21:18:48,rackets,unisex,Head,Boom Team Alternate 2026 Turnierschläger unbesaitet,L2,198772140335,149.95,210.0,,€,in_stock,https://www.tennis-point.de/products/head-boom-team-alternate-2026-turnierschlaeger-unbesaitet-p0000001852901?_pos=75&_fid=6dbe398bd&_ss=c
Tennis-Point,2026-07-10 21:18:48,rackets,unisex,Head,Boom Team Alternate 2026 Turnierschläger unbesaitet,L3,198772140342,149.95,210.0,,€,in_stock,https://www.tennis-point.de/products/head-boom-team-alternate-2026-turnierschlaeger-unbesaitet-p0000001852901?_pos=75&_fid=6dbe398bd&_ss=c
Tennis-Point,2026-07-10 21:18:56,rackets,unisex,Wilson,Blade 98 Pro 18X20 V10 Turnierschläger unbesaitet,L2,00097512975117,259.95,290.0,,€,in_stock,https://www.tennis-point.de/products/wilson-blade-98-pro-18x20-v10-turnierschlaeger-unbesaitet-00707604285000?_pos=74&_fid=6dbe398bd&_ss=c
Tennis-Point,2026-07-10 21:18:56,rackets,unisex,Wilson,Blade 98 Pro 18X20 V10 Turnierschläger unbesaitet,L3,00097512975148,259.95,290.0,,€,in_stock,https://www.tennis-point.de/products/wilson-blade-98-pro-18x20-v10-turnierschlaeger-unbesaitet-00707604285000?_pos=74&_fid=6dbe398bd&_ss=c
Tennis-Point,2026-07-10 21:19:03,rackets,unisex,Yonex,Muse 100 L  Allroundschläger,L2,4550675529185,173.95,239.95,,€,out_of_stock,https://www.tennis-point.de/products/yonex-muse-100-l-allroundschlaeger-p0000007160201?_pos=73&_fid=6dbe398bd&_ss=c
Tennis-Point,2026-07-10 21:19:03,rackets,unisex,Yonex,Muse 100 L  Allroundschläger,L3,4550675529192,173.95,239.95,,€,in_stock,https://www.tennis-point.de/products/yonex-muse-100-l-allroundschlaeger-p0000007160201?_pos=73&_fid=6dbe398bd&_ss=c
Tennis-Point,2026-07-10 21:19:22,rackets,unisex,Yonex,Muse 107 Allroundschläger,L2,4550675529284,229.95,,,€,in_stock,https://www.tennis-point.de/products/yonex-muse-107-allroundschlaeger-p0000007160301?_pos=71&_fid=6dbe398bd&_ss=c
Tennis-Point,2026-07-10 21:19:22,rackets,unisex,Yonex,Muse 107 Allroundschläger,L3,4550675529291,229.95,,,€,in_stock,https://www.tennis-point.de/products/yonex-muse-107-allroundschlaeger-p0000007160301?_pos=71&_fid=6dbe398bd&_ss=c
Tennis-Point,2026-07-10 21:19:50,shoes,women,K-Swiss,"Court Express 2 Sandplatzschuh Damen - schwarz, weiß",EU 39,196483940855,49.95,79.99,,€,in_stock,https://www.tennis-point.de/products/k-swiss-court-express-2-sandplatzschuh-damen-schwarz-weiss-a0000004300601
Tennis-Point,2026-07-10 21:20:00,shoes,women,K-Swiss,"Court Express 2 Sandplatzschuh Damen - weiß, schwarz",EU 39,0196483822069,39.95,79.99,,€,in_stock,https://www.tennis-point.de/products/k-swiss-court-express-2-sandplatzschuh-damen-weiss-schwarz-01417102457000
Tennis-Point,2026-07-10 21:20:08,shoes,women,Head,"Sprint Pro 4.0  Sandplatzschuh Damen-weiß, hellgrau",EU 39,0198772063191,95.95,160.0,,€,in_stock,https://www.tennis-point.de/products/head-sprint-pro-40-sandplatzschuh-damen-weiss-hellgrau-p0000004220201
Tennis-Point,2026-07-10 21:20:47,shoes,women,K-Swiss,"Court Express Sandplatzschuh Damen - weiß, pink",EU 39,0199286149890,55.95,79.99,,€,in_stock,https://www.tennis-point.de/products/k-swiss-court-express-sandplatzschuh-damen-weiss-pink-p0000004910501
Tennis-Point,2026-07-10 21:21:05,shoes,women,Wilson,"Intrigue Pro Sandplatzschuh Damen-weiß, türkis",EU 39,97512992794,79.95,130.0,,€,out_of_stock,https://www.tennis-point.de/products/wilson-intrigue-pro-sandplatzschuh-damen-weiss-tuerkis-p0000004130501
Tennis-Point,2026-07-10 21:21:21,shoes,women,K-Swiss,"Ultrashot Light Sandplatzschuh Damen - weiß, lavendel",EU 39,199286041644,54.95,100.0,,€,in_stock,https://www.tennis-point.de/products/k-swiss-ultrashot-light-sandplatzschuh-damen-weiss-lavendel-p0000004300701
Tennis-Point,2026-07-10 21:24:58,rackets,unisex,Wilson,Clash 100L V2.0 Turnierschläger,L2,00097512605212,129.95,230.0,,€,out_of_stock,https://www.tennis-point.de/products/wilson-clash-100l-v20-turnierschlaeger-00705503745000?_pos=67&_fid=4404fad9f&_ss=c
Tennis-Point,2026-07-10 21:24:58,rackets,unisex,Wilson,Clash 100L V2.0 Turnierschläger,L3,00097512605229,129.95,230.0,,€,in_stock,https://www.tennis-point.de/products/wilson-clash-100l-v20-turnierschlaeger-00705503745000?_pos=67&_fid=4404fad9f&_ss=c
Tennis-Point,2026-07-10 21:25:04,rackets,unisex,Head,Boom MP L Alternate 2026 Turnierschläger unbesaitet,L2,198772140090,184.95,230.0,,€,in_stock,https://www.tennis-point.de/products/head-boom-mp-l-alternate-2026-turnierschlaeger-unbesaitet-p0000001852001?_pos=66&_fid=4404fad9f&_ss=c
Tennis-Point,2026-07-10 21:25:04,rackets,unisex,Head,Boom MP L Alternate 2026 Turnierschläger unbesaitet,L3,198772140106,184.95,230.0,,€,out_of_stock,https://www.tennis-point.de/products/head-boom-mp-l-alternate-2026-turnierschlaeger-unbesaitet-p0000001852001?_pos=66&_fid=4404fad9f&_ss=c
Tennis-Point,2026-07-10 21:25:14,rackets,unisex,Head,Boom MP 2026 Turnierschläger unbesaitet,L2,198772136017,177.95,260.0,,€,in_stock,https://www.tennis-point.de/products/head-boom-mp-2026-turnierschlaeger-unbesaitet-p0000001853001?_pos=65&_fid=4404fad9f&_ss=c
Tennis-Point,2026-07-10 21:25:14,rackets,unisex,Head,Boom MP 2026 Turnierschläger unbesaitet,L3,198772136024,177.95,260.0,,€,in_stock,https://www.tennis-point.de/products/head-boom-mp-2026-turnierschlaeger-unbesaitet-p0000001853001?_pos=65&_fid=4404fad9f&_ss=c
Tennis-Point,2026-07-10 21:25:24,rackets,unisex,Wilson,Clash 100 Pro V2.0 Turnierschläger,L2,00097512592147,119.95,250.0,,€,in_stock,https://www.tennis-point.de/products/wilson-clash-100-pro-v20-turnierschlaeger-00705503743000?_pos=64&_fid=4404fad9f&_ss=c
Tennis-Point,2026-07-10 21:25:24,rackets,unisex,Wilson,Clash 100 Pro V2.0 Turnierschläger,L3,00097512592161,119.95,250.0,,€,in_stock,https://www.tennis-point.de/products/wilson-clash-100-pro-v20-turnierschlaeger-00705503743000?_pos=64&_fid=4404fad9f&_ss=c
Tennis-Point,2026-07-10 21:25:32,rackets,unisex,Head,Radical Team Turnierschläger,L2,724794624265,123.95,250.0,,€,in_stock,https://www.tennis-point.de/products/head-radical-team-turnierschlaeger-00606204254000?_pos=63&_fid=4404fad9f&_ss=c
Tennis-Point,2026-07-10 21:25:32,rackets,unisex,Head,Radical Team Turnierschläger,L3,724794624272,123.95,250.0,,€,in_stock,https://www.tennis-point.de/products/head-radical-team-turnierschlaeger-00606204254000?_pos=63&_fid=4404fad9f&_ss=c
Tennis-Point,2026-07-10 21:25:41,rackets,unisex,Head,Boom MP Alternate 2026 Turnierschläger unbesaitet,L2,198772139971,207.95,260.0,,€,in_stock,https://www.tennis-point.de/products/head-boom-mp-alternate-2026-turnierschlaeger-unbesaitet-p0000001850301?_pos=62&_fid=4404fad9f&_ss=c
Tennis-Point,2026-07-10 21:25:41,rackets,unisex,Head,Boom MP Alternate 2026 Turnierschläger unbesaitet,L3,198772139988,207.95,260.0,,€,in_stock,https://www.tennis-point.de/products/head-boom-mp-alternate-2026-turnierschlaeger-unbesaitet-p0000001850301?_pos=62&_fid=4404fad9f&_ss=c
Tennis-Point,2026-07-10 21:25:47,rackets,unisex,Wilson,RF 01 Pro Turnierschläger,L2,00097512849708,203.95,300.0,,€,in_stock,https://www.tennis-point.de/products/wilson-rf-01-pro-turnierschlaeger-00706704086000?_pos=61&_fid=4404fad9f&_ss=c
Tennis-Point,2026-07-10 21:25:47,rackets,unisex,Wilson,RF 01 Pro Turnierschläger,L3,00097512849746,203.95,300.0,,€,in_stock,https://www.tennis-point.de/products/wilson-rf-01-pro-turnierschlaeger-00706704086000?_pos=61&_fid=4404fad9f&_ss=c
Tennis-Point,2026-07-10 21:25:59,rackets,unisex,Wilson,Clash 100L V3.0 Reverse Turnierschläger unbesaitet,L2,199073010839,177.95,230.0,,€,in_stock,https://www.tennis-point.de/products/wilson-clash-100l-v30-reverse-turnierschlaeger-unbesaitet-00707604325000?_pos=60&_fid=4404fad9f&_ss=c
Tennis-Point,2026-07-10 21:25:59,rackets,unisex,Wilson,Clash 100L V3.0 Reverse Turnierschläger unbesaitet,L3,199073010846,177.95,230.0,,€,in_stock,https://www.tennis-point.de/products/wilson-clash-100l-v30-reverse-turnierschlaeger-unbesaitet-00707604325000?_pos=60&_fid=4404fad9f&_ss=c
Tennis-Point,2026-07-10 21:26:05,rackets,unisex,Wilson,Ultra 100 V4.0 Turnierschläger,L2,00097512640244,147.95,250.0,,€,in_stock,https://www.tennis-point.de/products/wilson-ultra-100-v40-turnierschlaeger-00706003840000?_pos=59&_fid=4404fad9f&_ss=c
Tennis-Point,2026-07-10 21:26:05,rackets,unisex,Wilson,Ultra 100 V4.0 Turnierschläger,L3,00097512640251,147.95,250.0,,€,out_of_stock,https://www.tennis-point.de/products/wilson-ultra-100-v40-turnierschlaeger-00706003840000?_pos=59&_fid=4404fad9f&_ss=c
Tennis-Point,2026-07-10 21:26:15,rackets,unisex,Wilson,Noir Shift 99 V1 Turnierschläger,L2,00097512928526,151.95,270.0,,€,in_stock,https://www.tennis-point.de/products/wilson-noir-shift-99-v1-turnierschlaeger-00707504143000?_pos=58&_fid=4404fad9f&_ss=c
Tennis-Point,2026-07-10 21:26:15,rackets,unisex,Wilson,Noir Shift 99 V1 Turnierschläger,L3,00097512928533,151.95,270.0,,€,in_stock,https://www.tennis-point.de/products/wilson-noir-shift-99-v1-turnierschlaeger-00707504143000?_pos=58&_fid=4404fad9f&_ss=c
Tennis-Point,2026-07-10 21:26:24,rackets,unisex,Yonex,Percept 97 (310g) Turnierschläger,L2,4550675268763,216.95,309.95,,€,in_stock,https://www.tennis-point.de/products/yonex-percept-97-310g-turnierschlaeger-01907101986000?_pos=57&_fid=4404fad9f&_ss=c
Tennis-Point,2026-07-10 21:26:24,rackets,unisex,Yonex,Percept 97 (310g) Turnierschläger,L3,4550675268770,216.95,309.95,,€,in_stock,https://www.tennis-point.de/products/yonex-percept-97-310g-turnierschlaeger-01907101986000?_pos=57&_fid=4404fad9f&_ss=c
Tennis-Point,2026-07-10 21:26:32,rackets,unisex,Wilson,Ultra 100UL V5 Turnierschläger,L2,00097512942003,137.95,200.0,,€,out_of_stock,https://www.tennis-point.de/products/wilson-ultra-100ul-v5-turnierschlaeger-00707104225000?_pos=56&_fid=4404fad9f&_ss=c
Tennis-Point,2026-07-10 21:26:32,rackets,unisex,Wilson,Ultra 100UL V5 Turnierschläger,L3,00097512941990,137.95,200.0,,€,in_stock,https://www.tennis-point.de/products/wilson-ultra-100ul-v5-turnierschlaeger-00707104225000?_pos=56&_fid=4404fad9f&_ss=c
Tennis-Point,2026-07-10 21:26:52,rackets,unisex,Yonex,Percept 100L (280g) Turnierschläger,L2,4550675268558,205.95,299.95,,€,in_stock,https://www.tennis-point.de/products/yonex-percept-100l-280g-turnierschlaeger-01907101988000?_pos=54&_fid=4404fad9f&_ss=c
Tennis-Point,2026-07-10 21:26:52,rackets,unisex,Yonex,Percept 100L (280g) Turnierschläger,L3,4550675268565,205.95,299.95,,€,in_stock,https://www.tennis-point.de/products/yonex-percept-100l-280g-turnierschlaeger-01907101988000?_pos=54&_fid=4404fad9f&_ss=c
Tennis-Point,2026-07-10 21:27:09,rackets,unisex,Head,Radical MP 2025 Turnierschläger,L2,726423384960,193.95,280.0,,€,in_stock,https://www.tennis-point.de/products/head-radical-mp-2025-turnierschlaeger-00607504503000?_pos=52&_fid=4404fad9f&_ss=c
Tennis-Point,2026-07-10 21:27:09,rackets,unisex,Head,Radical MP 2025 Turnierschläger,L3,726423384977,193.95,280.0,,€,out_of_stock,https://www.tennis-point.de/products/head-radical-mp-2025-turnierschlaeger-00607504503000?_pos=52&_fid=4404fad9f&_ss=c
Tennis-Point,2026-07-10 21:27:14,rackets,unisex,Head,Gravity MP 2025 Turnierschläger,L2,726423385561,225.95,280.0,,€,in_stock,https://www.tennis-point.de/products/head-gravity-mp-2025-turnierschlaeger-00607504510000?_pos=51&_fid=4404fad9f&_ss=c
Tennis-Point,2026-07-10 21:27:14,rackets,unisex,Head,Gravity MP 2025 Turnierschläger,L3,726423385578,225.95,280.0,,€,in_stock,https://www.tennis-point.de/products/head-gravity-mp-2025-turnierschlaeger-00607504510000?_pos=51&_fid=4404fad9f&_ss=c
Tennis-Point,2026-07-10 21:27:29,rackets,unisex,Wilson,Ultra 100 L V5 RG Turnierschläger unbesaitet,L2,00097512975339,149.95,220.0,,€,in_stock,https://www.tennis-point.de/products/wilson-ultra-100-l-v5-rg-turnierschlaeger-unbesaitet-00707604297000?_pos=49&_fid=4404fad9f&_ss=c
Tennis-Point,2026-07-10 21:27:29,rackets,unisex,Wilson,Ultra 100 L V5 RG Turnierschläger unbesaitet,L3,00097512975322,149.95,220.0,,€,in_stock,https://www.tennis-point.de/products/wilson-ultra-100-l-v5-rg-turnierschlaeger-unbesaitet-00707604297000?_pos=49&_fid=4404fad9f&_ss=c
Tennis-Point,2026-07-10 21:27:39,rackets,unisex,Head,Squared Allroundschläger unbesaitet,L2,198772137298,203.95,260.0,,€,in_stock,https://www.tennis-point.de/products/head-squared-allroundschlaeger-unbesaitet-p0000001850501?_pos=48&_fid=4404fad9f&_ss=c
Tennis-Point,2026-07-10 21:27:39,rackets,unisex,Head,Squared Allroundschläger unbesaitet,L3,198772137304,203.95,260.0,,€,in_stock,https://www.tennis-point.de/products/head-squared-allroundschlaeger-unbesaitet-p0000001850501?_pos=48&_fid=4404fad9f&_ss=c
Tennis-Point,2026-07-10 21:27:47,rackets,unisex,Wilson,Clash 100 Pro V3.0 Turnierschläger,L2,00097512892223,171.95,250.0,,€,out_of_stock,https://www.tennis-point.de/products/wilson-clash-100-pro-v30-turnierschlaeger-00707504146000?_pos=47&_fid=4404fad9f&_ss=c
Tennis-Point,2026-07-10 21:27:47,rackets,unisex,Wilson,Clash 100 Pro V3.0 Turnierschläger,L3,00097512892230,171.95,250.0,,€,in_stock,https://www.tennis-point.de/products/wilson-clash-100-pro-v30-turnierschlaeger-00707504146000?_pos=47&_fid=4404fad9f&_ss=c
Tennis-Point,2026-07-10 21:28:05,rackets,unisex,Wilson,Ultra 100 V5 Turnierschläger,L2,00097512932028,189.95,240.0,,€,in_stock,https://www.tennis-point.de/products/wilson-ultra-100-v5-turnierschlaeger-00707104222000?_pos=45&_fid=4404fad9f&_ss=c
Tennis-Point,2026-07-10 21:28:05,rackets,unisex,Wilson,Ultra 100 V5 Turnierschläger,L3,00097512932035,189.95,240.0,,€,in_stock,https://www.tennis-point.de/products/wilson-ultra-100-v5-turnierschlaeger-00707104222000?_pos=45&_fid=4404fad9f&_ss=c
Tennis-Point,2026-07-10 21:28:11,rackets,unisex,Head,Boom MP UL Alternate 2026 Turnierschläger unbesaitet,L2,198772140212,159.95,230.0,,€,in_stock,https://www.tennis-point.de/products/head-boom-mp-ul-alternate-2026-turnierschlaeger-unbesaitet-p0000001851001?_pos=44&_fid=4404fad9f&_ss=c
Tennis-Point,2026-07-10 21:28:11,rackets,unisex,Head,Boom MP UL Alternate 2026 Turnierschläger unbesaitet,L3,198772140229,159.95,230.0,,€,in_stock,https://www.tennis-point.de/products/head-boom-mp-ul-alternate-2026-turnierschlaeger-unbesaitet-p0000001851001?_pos=44&_fid=4404fad9f&_ss=c
Tennis-Point,2026-07-10 21:28:35,rackets,unisex,Wilson,Pink Ultra 100L V4.0 Turnierschläger unbesaitet,L2,00097512928489,184.95,220.0,,€,out_of_stock,https://www.tennis-point.de/products/wilson-pink-ultra-100l-v40-turnierschlaeger-unbesaitet-00707504144000?_pos=41&_fid=4404fad9f&_ss=c
Tennis-Point,2026-07-10 21:28:35,rackets,unisex,Wilson,Pink Ultra 100L V4.0 Turnierschläger unbesaitet,L3,00097512928502,184.95,220.0,,€,in_stock,https://www.tennis-point.de/products/wilson-pink-ultra-100l-v40-turnierschlaeger-unbesaitet-00707504144000?_pos=41&_fid=4404fad9f&_ss=c
Tennis-Point,2026-07-10 21:28:43,rackets,unisex,Wilson,Blade 98S V10 Turnierschläger unbesaitet,L2,00097512974950,231.95,290.0,,€,in_stock,https://www.tennis-point.de/products/wilson-blade-98s-v10-turnierschlaeger-unbesaitet-00707604276000?_pos=40&_fid=4404fad9f&_ss=c
Tennis-Point,2026-07-10 21:28:43,rackets,unisex,Wilson,Blade 98S V10 Turnierschläger unbesaitet,L3,00097512974967,231.95,290.0,,€,in_stock,https://www.tennis-point.de/products/wilson-blade-98s-v10-turnierschlaeger-unbesaitet-00707604276000?_pos=40&_fid=4404fad9f&_ss=c
Tennis-Point,2026-07-10 21:28:53,rackets,unisex,Head,Speed MP L 2026 Turnierschläger unbesaitet,L2,198772135317,172.95,250.0,,€,in_stock,https://www.tennis-point.de/products/head-speed-mp-l-2026-turnierschlaeger-unbesaitet-p0000001853301?_pos=39&_fid=4404fad9f&_ss=c
Tennis-Point,2026-07-10 21:28:53,rackets,unisex,Head,Speed MP L 2026 Turnierschläger unbesaitet,L3,198772135324,172.95,250.0,,€,in_stock,https://www.tennis-point.de/products/head-speed-mp-l-2026-turnierschlaeger-unbesaitet-p0000001853301?_pos=39&_fid=4404fad9f&_ss=c
Tennis-Point,2026-07-10 21:29:02,rackets,unisex,Wilson,Clash 100L V3.0 Turnierschläger,L2,00097512893602,157.95,230.0,,€,in_stock,https://www.tennis-point.de/products/wilson-clash-100l-v30-turnierschlaeger-00707504152000?_pos=38&_fid=4404fad9f&_ss=c
Tennis-Point,2026-07-10 21:29:02,rackets,unisex,Wilson,Clash 100L V3.0 Turnierschläger,L3,00097512893572,157.95,230.0,,€,in_stock,https://www.tennis-point.de/products/wilson-clash-100l-v30-turnierschlaeger-00707504152000?_pos=38&_fid=4404fad9f&_ss=c
Tennis-Point,2026-07-10 21:29:19,rackets,unisex,Head,Speed Pro 2024 Turnierschläger,L2,724794926024,134.95,300.0,,€,in_stock,https://www.tennis-point.de/products/head-speed-pro-2024-turnierschlaeger-00606604347000?_pos=36&_fid=4404fad9f&_ss=c
Tennis-Point,2026-07-10 21:29:19,rackets,unisex,Head,Speed Pro 2024 Turnierschläger,L3,724794926031,134.95,300.0,,€,in_stock,https://www.tennis-point.de/products/head-speed-pro-2024-turnierschlaeger-00606604347000?_pos=36&_fid=4404fad9f&_ss=c
Tennis-Point,2026-07-10 21:29:30,rackets,unisex,Wilson,Blade 98 16X19 V9 Turnierschläger,L2,00097512791854,179.95,280.0,,€,out_of_stock,https://www.tennis-point.de/products/wilson-blade-98-16x19-v9-turnierschlaeger-00706604024000?_pos=35&_fid=4404fad9f&_ss=c
Tennis-Point,2026-07-10 21:29:30,rackets,unisex,Wilson,Blade 98 16X19 V9 Turnierschläger,L3,00097512791847,179.95,280.0,,€,out_of_stock,https://www.tennis-point.de/products/wilson-blade-98-16x19-v9-turnierschlaeger-00706604024000?_pos=35&_fid=4404fad9f&_ss=c
Tennis-Point,2026-07-10 21:30:27,shoes,women,K-Swiss,"Hypercourt Express 2 Sandplatzschuh Damen-Weiß,Koralle",EU 39,0196483713633,79.95,139.99,,€,in_stock,https://www.tennis-point.de/products/k-swiss-hypercourt-express-2-sandplatzschuh-damen-weisskoralle-01417502423000
Tennis-Point,2026-07-10 21:33:05,shoes,women,Wilson,"Intrigue Pro Sandplatzschuh Damen - weiß, rosa",EU 39,97512997287,89.95,130.0,,€,in_stock,https://www.tennis-point.de/products/wilson-intrigue-pro-sandplatzschuh-damen-weiss-rosa-p0000004130502
Tennis-Point,2026-07-10 21:34:55,rackets,unisex,Wilson,Clash 100 V3.0 RG Turnierschläger unbesaitet,L2,00097512975353,201.95,240.0,,€,out_of_stock,https://www.tennis-point.de/products/wilson-clash-100-v30-rg-turnierschlaeger-unbesaitet-00707604294000?_pos=34&_fid=552dafabc&_ss=c
Tennis-Point,2026-07-10 21:34:55,rackets,unisex,Wilson,Clash 100 V3.0 RG Turnierschläger unbesaitet,L3,00097512975346,201.95,240.0,,€,in_stock,https://www.tennis-point.de/products/wilson-clash-100-v30-rg-turnierschlaeger-unbesaitet-00707604294000?_pos=34&_fid=552dafabc&_ss=c
Tennis-Point,2026-07-10 21:35:03,rackets,unisex,Wilson,Blade 100 Pro V10 Turnierschläger unbesaitet,L2,00097512974912,259.95,290.0,,€,in_stock,https://www.tennis-point.de/products/wilson-blade-100-pro-v10-turnierschlaeger-unbesaitet-00707604286000?_pos=33&_fid=552dafabc&_ss=c
Tennis-Point,2026-07-10 21:35:03,rackets,unisex,Wilson,Blade 100 Pro V10 Turnierschläger unbesaitet,L3,00097512974905,259.95,290.0,,€,in_stock,https://www.tennis-point.de/products/wilson-blade-100-pro-v10-turnierschlaeger-unbesaitet-00707604286000?_pos=33&_fid=552dafabc&_ss=c
Tennis-Point,2026-07-10 21:35:08,rackets,unisex,Wilson,Ultra 100 V4.0 Noir Turnierschläger,L2,00097512718134,146.95,250.0,,€,out_of_stock,https://www.tennis-point.de/products/wilson-ultra-100-v40-noir-turnierschlaeger-00706403964000?_pos=32&_fid=552dafabc&_ss=c
Tennis-Point,2026-07-10 21:35:08,rackets,unisex,Wilson,Ultra 100 V4.0 Noir Turnierschläger,L3,00097512718103,146.95,250.0,,€,in_stock,https://www.tennis-point.de/products/wilson-ultra-100-v40-noir-turnierschlaeger-00706403964000?_pos=32&_fid=552dafabc&_ss=c
Tennis-Point,2026-07-10 21:35:19,rackets,unisex,Wilson,Blade 98 18X20 V10 Turnierschläger unbesaitet,L2,00097512974981,259.95,290.0,,€,in_stock,https://www.tennis-point.de/products/wilson-blade-98-18x20-v10-turnierschlaeger-unbesaitet-00707604275000?_pos=31&_fid=552dafabc&_ss=c
Tennis-Point,2026-07-10 21:35:19,rackets,unisex,Wilson,Blade 98 18X20 V10 Turnierschläger unbesaitet,L3,00097512975032,259.95,290.0,,€,in_stock,https://www.tennis-point.de/products/wilson-blade-98-18x20-v10-turnierschlaeger-unbesaitet-00707604275000?_pos=31&_fid=552dafabc&_ss=c
Tennis-Point,2026-07-10 21:35:28,rackets,unisex,Wilson,Blade 104 V10 Turnierschläger unbesaitet,L2,00097512974684,207.95,260.0,,€,in_stock,https://www.tennis-point.de/products/wilson-blade-104-v10-turnierschlaeger-unbesaitet-00707604282000?_pos=30&_fid=552dafabc&_ss=c
Tennis-Point,2026-07-10 21:35:28,rackets,unisex,Wilson,Blade 104 V10 Turnierschläger unbesaitet,L3,00097512974691,207.95,260.0,,€,in_stock,https://www.tennis-point.de/products/wilson-blade-104-v10-turnierschlaeger-unbesaitet-00707604282000?_pos=30&_fid=552dafabc&_ss=c
Tennis-Point,2026-07-10 21:35:38,rackets,unisex,Wilson,Pro Staff 97 Classic Turnierschläger unbesaitet,L2,00097512975698,199.95,260.0,,€,in_stock,https://www.tennis-point.de/products/wilson-pro-staff-97-classic-turnierschlaeger-unbesaitet-00707604289000?_pos=29&_fid=552dafabc&_ss=c
Tennis-Point,2026-07-10 21:35:38,rackets,unisex,Wilson,Pro Staff 97 Classic Turnierschläger unbesaitet,L3,00097512975728,199.95,260.0,,€,in_stock,https://www.tennis-point.de/products/wilson-pro-staff-97-classic-turnierschlaeger-unbesaitet-00707604289000?_pos=29&_fid=552dafabc&_ss=c
Tennis-Point,2026-07-10 21:35:44,rackets,unisex,Wilson,RF 01 Turnierschläger,L2,00097512849715,189.95,280.0,,€,in_stock,https://www.tennis-point.de/products/wilson-rf-01-turnierschlaeger-00706704087000?_pos=28&_fid=552dafabc&_ss=c
Tennis-Point,2026-07-10 21:35:44,rackets,unisex,Wilson,RF 01 Turnierschläger,L3,00097512849685,189.95,280.0,,€,in_stock,https://www.tennis-point.de/products/wilson-rf-01-turnierschlaeger-00706704087000?_pos=28&_fid=552dafabc&_ss=c
Tennis-Point,2026-07-10 21:35:50,rackets,unisex,Yonex,Percept 100 (300g) Turnierschläger,L2,4550675268602,229.95,309.95,,€,in_stock,https://www.tennis-point.de/products/yonex-percept-100-300g-turnierschlaeger-01907101987000?_pos=27&_fid=552dafabc&_ss=c
Tennis-Point,2026-07-10 21:35:50,rackets,unisex,Yonex,Percept 100 (300g) Turnierschläger,L3,4550675268619,229.95,309.95,,€,in_stock,https://www.tennis-point.de/products/yonex-percept-100-300g-turnierschlaeger-01907101987000?_pos=27&_fid=552dafabc&_ss=c
Tennis-Point,2026-07-10 21:36:00,rackets,unisex,Wilson,Blade 100L V9 Turnierschläger,L2,00097512962520,159.95,240.0,,€,in_stock,https://www.tennis-point.de/products/wilson-blade-100l-v9-turnierschlaeger-00707004259000?_pos=26&_fid=552dafabc&_ss=c
Tennis-Point,2026-07-10 21:36:00,rackets,unisex,Wilson,Blade 100L V9 Turnierschläger,L3,00097512962544,159.95,240.0,,€,in_stock,https://www.tennis-point.de/products/wilson-blade-100l-v9-turnierschlaeger-00707004259000?_pos=26&_fid=552dafabc&_ss=c
Tennis-Point,2026-07-10 21:36:05,rackets,unisex,Wilson,Pro Staff 97 V14 Turnierschläger,L2,00097512683944,159.95,320.0,,€,in_stock,https://www.tennis-point.de/products/wilson-pro-staff-97-v14-turnierschlaeger-00706203875000?_pos=25&_fid=552dafabc&_ss=c
Tennis-Point,2026-07-10 21:36:05,rackets,unisex,Wilson,Pro Staff 97 V14 Turnierschläger,L3,00097512683937,159.95,320.0,,€,in_stock,https://www.tennis-point.de/products/wilson-pro-staff-97-v14-turnierschlaeger-00706203875000?_pos=25&_fid=552dafabc&_ss=c
Tennis-Point,2026-07-10 21:36:17,rackets,unisex,Wilson,Clash 100L V2.0 Bright Neon Yellow Turnierschläger,L2,00097512742405,139.9,270.0,,€,in_stock,https://www.tennis-point.de/products/wilson-clash-100l-v20-bright-neon-yellow-turnierschlaeger-00706404004000?_pos=24&_fid=552dafabc&_ss=c
Tennis-Point,2026-07-10 21:36:17,rackets,unisex,Wilson,Clash 100L V2.0 Bright Neon Yellow Turnierschläger,L3,00097512742399,139.9,270.0,,€,in_stock,https://www.tennis-point.de/products/wilson-clash-100l-v20-bright-neon-yellow-turnierschlaeger-00706404004000?_pos=24&_fid=552dafabc&_ss=c
Tennis-Point,2026-07-10 21:36:27,rackets,unisex,Wilson,Blade 98 Pro 16X19 V10 Turnierschläger unbesaitet,L2,00097512975193,259.95,290.0,,€,in_stock,https://www.tennis-point.de/products/wilson-blade-98-pro-16x19-v10-turnierschlaeger-unbesaitet-00707604284000?_pos=23&_fid=552dafabc&_ss=c
Tennis-Point,2026-07-10 21:36:27,rackets,unisex,Wilson,Blade 98 Pro 16X19 V10 Turnierschläger unbesaitet,L3,00097512975186,259.95,290.0,,€,in_stock,https://www.tennis-point.de/products/wilson-blade-98-pro-16x19-v10-turnierschlaeger-unbesaitet-00707604284000?_pos=23&_fid=552dafabc&_ss=c
Tennis-Point,2026-07-10 21:36:37,rackets,unisex,Wilson,Noir Blade 98 V9 16X19 Turnierschläger unbesaitet,L2,00097512928540,239.95,280.0,,€,in_stock,https://www.tennis-point.de/products/wilson-noir-blade-98-v9-16x19-turnierschlaeger-unbesaitet-00707504142000?_pos=22&_fid=552dafabc&_ss=c
Tennis-Point,2026-07-10 21:36:37,rackets,unisex,Wilson,Noir Blade 98 V9 16X19 Turnierschläger unbesaitet,L3,00097512928564,239.95,280.0,,€,in_stock,https://www.tennis-point.de/products/wilson-noir-blade-98-v9-16x19-turnierschlaeger-unbesaitet-00707504142000?_pos=22&_fid=552dafabc&_ss=c
Tennis-Point,2026-07-10 21:36:57,rackets,unisex,Wilson,Ultra 100L V5 Turnierschläger unbesaitet,L2,00097512931953,174.95,220.0,,€,in_stock,https://www.tennis-point.de/products/wilson-ultra-100l-v5-turnierschlaeger-unbesaitet-00707104224000?_pos=20&_fid=552dafabc&_ss=c
Tennis-Point,2026-07-10 21:36:57,rackets,unisex,Wilson,Ultra 100L V5 Turnierschläger unbesaitet,L3,00097512931984,174.95,220.0,,€,in_stock,https://www.tennis-point.de/products/wilson-ultra-100l-v5-turnierschlaeger-unbesaitet-00707104224000?_pos=20&_fid=552dafabc&_ss=c
Tennis-Point,2026-07-10 21:37:04,rackets,unisex,Head,Boom MP 2024 Turnierschläger,L2,724794924969,119.95,260.0,,€,in_stock,https://www.tennis-point.de/products/head-boom-mp-2024-turnierschlaeger-00606604331000?_pos=19&_fid=552dafabc&_ss=c
Tennis-Point,2026-07-10 21:37:04,rackets,unisex,Head,Boom MP 2024 Turnierschläger,L3,724794924976,119.95,260.0,,€,out_of_stock,https://www.tennis-point.de/products/head-boom-mp-2024-turnierschlaeger-00606604331000?_pos=19&_fid=552dafabc&_ss=c
Tennis-Point,2026-07-10 21:37:11,rackets,unisex,Wilson,Pro Staff X V14 Turnierschläger unbesaitet,L2,00097512683685,141.95,300.0,,€,in_stock,https://www.tennis-point.de/products/wilson-pro-staff-x-v14-turnierschlaeger-unbesaitet-00706203876000?_pos=18&_fid=552dafabc&_ss=c
Tennis-Point,2026-07-10 21:37:11,rackets,unisex,Wilson,Pro Staff X V14 Turnierschläger unbesaitet,L3,00097512683692,141.95,300.0,,€,in_stock,https://www.tennis-point.de/products/wilson-pro-staff-x-v14-turnierschlaeger-unbesaitet-00706203876000?_pos=18&_fid=552dafabc&_ss=c
Tennis-Point,2026-07-10 21:37:33,rackets,unisex,Wilson,Blade BLADE 98L V9 Turnierschläger,L2,00097512818773,156.95,280.0,,€,in_stock,https://www.tennis-point.de/products/wilson-blade-blade-98l-v9-turnierschlaeger-00706704140000?_pos=15&_fid=552dafabc&_ss=c
Tennis-Point,2026-07-10 21:37:33,rackets,unisex,Wilson,Blade BLADE 98L V9 Turnierschläger,L3,00097512818827,156.95,280.0,,€,in_stock,https://www.tennis-point.de/products/wilson-blade-blade-98l-v9-turnierschlaeger-00706704140000?_pos=15&_fid=552dafabc&_ss=c
Tennis-Point,2026-07-10 21:37:42,rackets,unisex,Yonex,EZONE 98 (2025) Turnierschläger,L2,4550468976202,235.95,279.95,,€,in_stock,https://www.tennis-point.de/products/yonex-ezone-98-2025-turnierschlaeger-01907501958000?_pos=14&_fid=552dafabc&_ss=c
Tennis-Point,2026-07-10 21:37:42,rackets,unisex,Yonex,EZONE 98 (2025) Turnierschläger,L3,4550468976219,235.95,279.95,,€,out_of_stock,https://www.tennis-point.de/products/yonex-ezone-98-2025-turnierschlaeger-01907501958000?_pos=14&_fid=552dafabc&_ss=c
Tennis-Point,2026-07-10 21:37:52,rackets,unisex,Wilson,Blade 100L V10 Turnierschläger unbesaitet,L2,00097512974806,224.95,250.0,,€,out_of_stock,https://www.tennis-point.de/products/wilson-blade-100l-v10-turnierschlaeger-unbesaitet-00707604279000?_pos=13&_fid=552dafabc&_ss=c
Tennis-Point,2026-07-10 21:37:52,rackets,unisex,Wilson,Blade 100L V10 Turnierschläger unbesaitet,L3,00097512974813,224.95,250.0,,€,in_stock,https://www.tennis-point.de/products/wilson-blade-100l-v10-turnierschlaeger-unbesaitet-00707604279000?_pos=13&_fid=552dafabc&_ss=c
Tennis-Point,2026-07-10 21:38:01,rackets,unisex,Wilson,Clash 100 V3.0 Turnierschläger,L2,00097512892544,198.95,250.0,,€,in_stock,https://www.tennis-point.de/products/wilson-clash-100-v30-turnierschlaeger-00707504149000?_pos=12&_fid=552dafabc&_ss=c
Tennis-Point,2026-07-10 21:38:01,rackets,unisex,Wilson,Clash 100 V3.0 Turnierschläger,L3,00097512892537,198.95,250.0,,€,in_stock,https://www.tennis-point.de/products/wilson-clash-100-v30-turnierschlaeger-00707504149000?_pos=12&_fid=552dafabc&_ss=c
Tennis-Point,2026-07-10 21:38:18,rackets,unisex,Wilson,Blade 98 18X20 V9 Turnierschläger,L2,00097512791915,165.95,280.0,,€,out_of_stock,https://www.tennis-point.de/products/wilson-blade-98-18x20-v9-turnierschlaeger-00706604025000?_pos=10&_fid=552dafabc&_ss=c
Tennis-Point,2026-07-10 21:38:18,rackets,unisex,Wilson,Blade 98 18X20 V9 Turnierschläger,L3,00097512791922,165.95,280.0,,€,in_stock,https://www.tennis-point.de/products/wilson-blade-98-18x20-v9-turnierschlaeger-00706604025000?_pos=10&_fid=552dafabc&_ss=c
Tennis-Point,2026-07-10 21:38:28,rackets,unisex,Wilson,Clash 100 V2.0 Turnierschläger,L2,00097512592109,132.95,250.0,,€,in_stock,https://www.tennis-point.de/products/wilson-clash-100-v20-turnierschlaeger-00705503744000?_pos=9&_fid=552dafabc&_ss=c
Tennis-Point,2026-07-10 21:38:28,rackets,unisex,Wilson,Clash 100 V2.0 Turnierschläger,L3,00097512592116,132.95,250.0,,€,in_stock,https://www.tennis-point.de/products/wilson-clash-100-v20-turnierschlaeger-00705503744000?_pos=9&_fid=552dafabc&_ss=c
Tennis-Point,2026-07-10 21:38:37,rackets,unisex,Wilson,Blade 98 16X19 V10 Turnierschläger unbesaitet,L2,00097512975087,259.95,290.0,,€,in_stock,https://www.tennis-point.de/products/wilson-blade-98-16x19-v10-turnierschlaeger-unbesaitet-00707604274000?_pos=8&_fid=552dafabc&_ss=c
Tennis-Point,2026-07-10 21:38:37,rackets,unisex,Wilson,Blade 98 16X19 V10 Turnierschläger unbesaitet,L3,00097512975094,259.95,290.0,,€,in_stock,https://www.tennis-point.de/products/wilson-blade-98-16x19-v10-turnierschlaeger-unbesaitet-00707604274000?_pos=8&_fid=552dafabc&_ss=c
Tennis-Point,2026-07-10 21:38:54,rackets,unisex,Wilson,Blade 100 V10 Turnierschläger unbesaitet,L2,00097512974820,249.95,280.0,,€,in_stock,https://www.tennis-point.de/products/wilson-blade-100-v10-turnierschlaeger-unbesaitet-00707604278000?_pos=6&_fid=552dafabc&_ss=c
Tennis-Point,2026-07-10 21:38:54,rackets,unisex,Wilson,Blade 100 V10 Turnierschläger unbesaitet,L3,00097512974875,249.95,280.0,,€,in_stock,https://www.tennis-point.de/products/wilson-blade-100-v10-turnierschlaeger-unbesaitet-00707604278000?_pos=6&_fid=552dafabc&_ss=c
Tennis-Point,2026-07-10 21:39:06,rackets,unisex,Wilson,Ultra 100L V5 Turnierschläger unbesaitet,L2,00199073010723,219.95,,,€,in_stock,https://www.tennis-point.de/products/wilson-ultra-100l-v5-turnierschlaeger-unbesaitet-p0000003290201?_pos=5&_fid=552dafabc&_ss=c
Tennis-Point,2026-07-10 21:39:06,rackets,unisex,Wilson,Ultra 100L V5 Turnierschläger unbesaitet,L3,00199073010709,219.95,,,€,out_of_stock,https://www.tennis-point.de/products/wilson-ultra-100l-v5-turnierschlaeger-unbesaitet-p0000003290201?_pos=5&_fid=552dafabc&_ss=c
Tennis-Point,2026-07-10 21:39:20,rackets,unisex,Head,Speed MP 2026 Turnierschläger unbesaitet,L2,198772135195,192.95,280.0,,€,in_stock,https://www.tennis-point.de/products/head-speed-mp-2026-turnierschlaeger-unbesaitet-p0000001851601?_pos=3&_fid=552dafabc&_ss=c
Tennis-Point,2026-07-10 21:39:20,rackets,unisex,Head,Speed MP 2026 Turnierschläger unbesaitet,L3,198772135201,192.95,280.0,,€,in_stock,https://www.tennis-point.de/products/head-speed-mp-2026-turnierschlaeger-unbesaitet-p0000001851601?_pos=3&_fid=552dafabc&_ss=c
Tennis-Point,2026-07-10 21:39:29,rackets,unisex,Wilson,Defyer 100 V1 Turnierschläger unbesaitet,L2,00199073066799,279.95,280.0,,€,in_stock,https://www.tennis-point.de/products/wilson-defyer-100-v1-turnierschlaeger-unbesaitet-p0000009761501?_pos=2&_fid=552dafabc&_ss=c
Tennis-Point,2026-07-10 21:39:29,rackets,unisex,Wilson,Defyer 100 V1 Turnierschläger unbesaitet,L3,00199073066805,279.95,280.0,,€,in_stock,https://www.tennis-point.de/products/wilson-defyer-100-v1-turnierschlaeger-unbesaitet-p0000009761501?_pos=2&_fid=552dafabc&_ss=c
Tennis-Point,2026-07-10 21:39:38,rackets,unisex,Wilson,Defyer 98 Pro V1 Turnierschläger unbesaitet,L2,00199073043486,289.95,290.0,,€,out_of_stock,https://www.tennis-point.de/products/wilson-defyer-98-pro-v1-turnierschlaeger-unbesaitet-p0000009760201?_pos=1&_fid=552dafabc&_ss=c
Tennis-Point,2026-07-10 21:39:38,rackets,unisex,Wilson,Defyer 98 Pro V1 Turnierschläger unbesaitet,L3,00199073043479,289.95,290.0,,€,in_stock,https://www.tennis-point.de/products/wilson-defyer-98-pro-v1-turnierschlaeger-unbesaitet-p0000009760201?_pos=1&_fid=552dafabc&_ss=c
Tennis-Point,2026-07-10 21:47:16,shoes,men,Head,"Revolt Pro 5.0  Allcourtschuh Herren-weiß, dunkelblau",EU 43,0198772057688,112.95,160.0,,€,out_of_stock,https://www.tennis-point.de/products/head-revolt-pro-50-allcourtschuh-herren-weiss-dunkelblau-p0000004221101
Tennis-Point,2026-07-10 21:52:10,strings,unisex,Head,Reflex MLT Saitenrolle 200m-Nude,1.25 mm,0726424106509,139.95,220.0,,€,in_stock,https://www.tennis-point.de/products/head-reflex-mlt-saitenrolle-200m-nude-00653002274000
Tennis-Point,2026-07-10 21:52:25,strings,unisex,Wilson,Sensation Plus Saitenrolle 200m-Schwarz,1.25 mm,0887768757977,108.95,150.0,,€,in_stock,https://www.tennis-point.de/products/wilson-sensation-plus-saitenrolle-200m-schwarz-00754602019000
Tennis-Point,2026-07-10 21:54:28,shoes,men,K-Swiss,"ULTRASHOT LIGHT  AC Allcourtschuh Herren-weiß, blau",EU 43,199286039535,61.95,99.99,,€,in_stock,https://www.tennis-point.de/products/k-swiss-ultrashot-light-ac-allcourtschuh-herren-weiss-blau-p0000004301401
Tennis-Point,2026-07-10 21:54:36,shoes,men,K-Swiss,"Receiver V Allcourtschuh Herren-Weiß,Dunkelblau",EU 43,192935722383,81.95,109.99,,€,out_of_stock,https://www.tennis-point.de/products/k-swiss-receiver-v-allcourtschuh-herren-weissdunkelblau-01415802141000
Tennis-Point,2026-07-10 21:54:46,shoes,men,Head,"Revolt Pro 5.0  Sandplatzschuh Herren-dunkelblau, türkis",EU 43,0198772070328,99.95,160.0,,€,out_of_stock,https://www.tennis-point.de/products/head-revolt-pro-50-sandplatzschuh-herren-dunkelblau-tuerkis-p0000004231101
Tennis-Point,2026-07-10 21:55:19,shoes,men,K-Swiss,"Hypercourt Pinnacle Allcourtschuh Herren - weiß, blau",EU 43,196483933369,116.95,189.99,,€,out_of_stock,https://www.tennis-point.de/products/k-swiss-hypercourt-pinnacle-allcourtschuh-herren-weiss-blau-p0000004311001
Tennis-Point,2026-07-10 21:55:29,shoes,men,K-Swiss,"ULTRASHOT LIGHT Clay Sandplatzschuh Herren-weiß, schwarz",EU 43,199286034455,54.95,99.99,,€,out_of_stock,https://www.tennis-point.de/products/k-swiss-ultrashot-light-clay-sandplatzschuh-herren-weiss-schwarz-p0000004301301
Tennis-Point,2026-07-10 21:56:22,shoes,men,Head,"Sprint EVO 4.0  Allcourtschuh Herren-weiß, schwarz",EU 43,0198772058487,103.95,130.0,,€,out_of_stock,https://www.tennis-point.de/products/head-sprint-evo-40-allcourtschuh-herren-weiss-schwarz-p0000004230901
Tennis-Point,2026-07-10 21:56:45,shoes,men,K-Swiss,Express Light 3 Sandplatzschuh Herren - hellblau,EU 43,0196483715453,73.95,119.99,,€,out_of_stock,https://www.tennis-point.de/products/k-swiss-express-light-3-sandplatzschuh-herren-hellblau-01417502442000
Tennis-Point,2026-07-10 21:57:01,shoes,men,K-Swiss,"HYPERCOURT SUPREME 2 Clay Sandplatzschuh Herren-blau, weiß",EU 43,196483937510,93.95,169.99,,€,out_of_stock,https://www.tennis-point.de/products/k-swiss-hypercourt-supreme-2-clay-sandplatzschuh-herren-blau-weiss-a0000004310601
Tennis-Point,2026-07-10 21:58:29,shoes,men,Head,"Sprint Team 4.0  Sandplatzschuh Herren-dunkelblau, hellgrün",EU 43,0198772059125,69.95,110.0,,€,out_of_stock,https://www.tennis-point.de/products/head-sprint-team-40-sandplatzschuh-herren-dunkelblau-hellgruen-p0000004231001
Tennis-Point,2026-07-10 21:59:56,strings,unisex,Wilson,Revolve Twist Saitenrolle 200m-Rot,1.25 mm,00887768758134,143.95,180.0,,€,in_stock,https://www.tennis-point.de/products/wilson-revolve-twist-saitenrolle-200m-rot-00754602023000
Tennis-Point,2026-07-10 22:00:06,strings,unisex,Yonex,Poly Tour Rev Saitenrolle 200m-Lila,1.25 mm,4550468075967,179.95,259.9,,€,out_of_stock,https://www.tennis-point.de/products/yonex-poly-tour-rev-saitenrolle-200m-lila-01956701273000
Tennis-Point,2026-07-10 22:00:29,strings,unisex,Head,Hawk Touch Rough Saitenrolle 200m - schwarz,1.25 mm,0198772020712,124.95,200.0,,€,in_stock,https://www.tennis-point.de/products/head-hawk-touch-rough-saitenrolle-200m-schwarz-p0000005470201
Tennis-Point,2026-07-10 22:00:39,strings,unisex,Head,Sonic Pro Touch Saitenrolle 200m - anthrazit,1.25 mm,724794418581,74.95,100.0,,€,in_stock,https://www.tennis-point.de/products/head-sonic-pro-touch-saitenrolle-200m-anthrazit-00655802334000
Tennis-Point,2026-07-10 22:04:23,shoes,men,Head,"Endure Pro  Sandplatzschuh Herren-dunkelblau, dunkelblau",EU 43,0198772055264,103.95,180.0,,€,in_stock,https://www.tennis-point.de/products/head-endure-pro-sandplatzschuh-herren-dunkelblau-dunkelblau-p0000004230501
Tennis-Point,2026-07-10 22:04:41,shoes,men,Head,"Sprint Pro 4.0  Sandplatzschuh Herren-hellgrau, lila",EU 43,0198772056544,102.95,160.0,,€,out_of_stock,https://www.tennis-point.de/products/head-sprint-pro-40-sandplatzschuh-herren-hellgrau-lila-p0000004230201
Tennis-Point,2026-07-10 22:04:51,shoes,men,K-Swiss,"ULTRASHOT LIGHT Clay Sandplatzschuh Herren-weiß, blau",EU 43,199286039405,54.95,99.99,,€,out_of_stock,https://www.tennis-point.de/products/k-swiss-ultrashot-light-clay-sandplatzschuh-herren-weiss-blau-p0000004301302
Tennis-Point,2026-07-10 22:06:18,shoes,men,K-Swiss,"K-Frame Speed Rublo Allcourtschuh Herren - beige, dunkelblau",EU 43,196483937640,113.95,179.99,,€,out_of_stock,https://www.tennis-point.de/products/k-swiss-k-frame-speed-rublo-allcourtschuh-herren-beige-dunkelblau-p0000004311201
Tennis-Point,2026-07-10 22:07:02,shoes,men,Head,"Sprint Pro 4.0  Sandplatzschuh Herren-rot, dunkelrot",EU 43,0198772056223,99.95,160.0,,€,out_of_stock,https://www.tennis-point.de/products/head-sprint-pro-40-sandplatzschuh-herren-rot-dunkelrot-p0000004231501
Tennis-Point,2026-07-10 22:11:22,strings,unisex,Head,Velocity MLT Power Saitenrolle 200m - nude,1.25 mm,0726423228363,86.95,130.0,,€,in_stock,https://www.tennis-point.de/products/head-velocity-mlt-power-saitenrolle-200m-nude-p0000005490201
Tennis-Point,2026-07-10 22:11:47,strings,unisex,Head,RIP Control Saitenrolle 200m-Nude,1.25 mm,0724794484265,91.95,160.0,,€,in_stock,https://www.tennis-point.de/products/head-rip-control-saitenrolle-200m-nude-00650002189000
Tennis-Point,2026-07-10 22:12:04,strings,unisex,Head,Lynx Saitenrolle 200m-Grün,1.25 mm,726424791897,85.95,150.0,,€,in_stock,https://www.tennis-point.de/products/head-lynx-saitenrolle-200m-gruen-00655402322000
Tennis-Point,2026-07-10 22:12:30,strings,unisex,Solinco,Revolution Saitenrolle 200m-Blau,1.25 mm,812753010324,92.95,150.0,,€,in_stock,https://www.tennis-point.de/products/solinco-revolution-saitenrolle-200m-blau-05550201207000
Tennis-Point,2026-07-10 22:13:04,strings,unisex,Wilson,Repel Saitenrolle 200m-Nude,1.25 mm,097512920841,112.95,190.0,,€,in_stock,https://www.tennis-point.de/products/wilson-repel-saitenrolle-200m-nude-00757002047000
Tennis-Point,2026-07-10 22:13:21,strings,unisex,Head,IntelliTour Saitenrolle 200m-Beige,1.25 mm,0724794184998,109.95,180.0,,€,in_stock,https://www.tennis-point.de/products/head-intellitour-saitenrolle-200m-beige-00650002132000
Tennis-Point,2026-07-10 22:13:30,strings,unisex,Luxilon,Eco Power Saitenrolle 200m-Petrol,1.25 mm,00097512655705,115.95,170.0,,€,in_stock,https://www.tennis-point.de/products/luxilon-eco-power-saitenrolle-200m-petrol-02756201350000
Tennis-Point,2026-07-10 22:13:40,strings,unisex,Wilson,Revolve Saitenrolle 200m-Grau,1.25 mm,00887768277727,109.95,170.0,,€,in_stock,https://www.tennis-point.de/products/wilson-revolve-saitenrolle-200m-grau-00753002001000
Tennis-Point,2026-07-10 22:13:48,strings,unisex,Head,Hawk Saitenrolle 200m-Weiß,1.25 mm,0726423882398,128.95,200.0,,€,in_stock,https://www.tennis-point.de/products/head-hawk-saitenrolle-200m-weiss-00652602256000
Tennis-Point,2026-07-10 22:13:57,strings,unisex,Yonex,Pro Poly Tour Pro Saitenrolle 200m-Blau,1.25 mm,4550086615392,121.95,169.95,,€,out_of_stock,https://www.tennis-point.de/products/yonex-pro-poly-tour-pro-saitenrolle-200m-blau-01955001250000
Tennis-Point,2026-07-10 22:14:07,strings,unisex,Luxilon,Eco Rough Saitenrolle 200m-Grau,1.25 mm,0097512718943,115.95,170.0,,€,in_stock,https://www.tennis-point.de/products/luxilon-eco-rough-saitenrolle-200m-grau-02756401352000
Tennis-Point,2026-07-10 22:14:34,strings,unisex,Solinco,Barb Wire Saitenrolle 200m-Schwarz,1.25 mm,812753010768,119.95,185.0,,€,in_stock,https://www.tennis-point.de/products/solinco-barb-wire-saitenrolle-200m-schwarz-05550201205000
Tennis-Point,2026-07-10 22:16:27,shoes,men,K-Swiss,"Court Express 2 Sandplatzschuh Herren-Schwarz,Weiß",EU 43,0196483816099,49.95,79.99,,€,in_stock,https://www.tennis-point.de/products/k-swiss-court-express-2-sandplatzschuh-herren-schwarzweiss-01417102472000
Tennis-Point,2026-07-10 22:16:34,shoes,men,K-Swiss,"ULTRASHOT TEAM 2 Clay Sandplatzschuh Herren-weiß, blau",EU 43,196483934649,71.95,129.99,,€,in_stock,https://www.tennis-point.de/products/k-swiss-ultrashot-team-2-clay-sandplatzschuh-herren-weiss-blau-p0000004310901
Tennis-Point,2026-07-10 22:27:47,shoes,men,Head,"Revolt Pro 5.0  Sandplatzschuh Herren-weiß, dunkelblau",EU 43,0198772057848,89.95,160.0,,€,out_of_stock,https://www.tennis-point.de/products/head-revolt-pro-50-sandplatzschuh-herren-weiss-dunkelblau-p0000004230301
Tennis-Point,2026-07-10 22:28:28,shoes,men,Head,"Sprint Pro 4.0  Sandplatzschuh Herren-dunkelblau, türkis",EU 43,0198772055905,99.95,160.0,,€,in_stock,https://www.tennis-point.de/products/head-sprint-pro-40-sandplatzschuh-herren-dunkelblau-tuerkis-p0000004231201
Tennis-Point,2026-07-10 22:28:47,shoes,men,Head,"Sprint Evo 4.0 Sandplatzschuh Herren-creme, rot",EU 43,0198772153038,94.95,130.0,,€,in_stock,https://www.tennis-point.de/products/head-sprint-evo-40-sandplatzschuh-herren-creme-rot-p0000004650201
Tennis-Point,2026-07-10 22:29:33,shoes,men,Head,"Endure Pro BOA Sandplatzschuh Herren-Weiß,Gelb",EU 43,0198772054410,99.95,220.0,,€,out_of_stock,https://www.tennis-point.de/products/head-endure-pro-boa-sandplatzschuh-herren-weissgelb-00617002019000
Tennis-Point,2026-07-10 22:29:42,shoes,men,K-Swiss,"Express Light 3 Sandplatzschuh Herren - weiß, grün",EU 43,0199286149319,119.95,119.99,,€,in_stock,https://www.tennis-point.de/products/k-swiss-express-light-3-sandplatzschuh-herren-weiss-gruen-a0000004910301
Tennis-Point,2026-07-10 22:30:05,strings,unisex,Wilson,Revolve Spin Saitenrolle 200m-Grün,1.25 mm,00887768515393,117.95,180.0,,€,in_stock,https://www.tennis-point.de/products/wilson-revolve-spin-saitenrolle-200m-gruen-00753802014000
Tennis-Point,2026-07-10 22:30:42,strings,unisex,Solinco,Tour Bite Diamond Rough Saitenrolle 200m-Silber,1.25 mm,812753012144,119.95,185.0,,€,in_stock,https://www.tennis-point.de/products/solinco-tour-bite-diamond-rough-saitenrolle-200m-silber-05553101223000
Tennis-Point,2026-07-10 22:31:01,strings,unisex,Head,Hawk Power Saitenrolle 200m-Anthrazit,1.25 mm,724794418505,133.95,200.0,,€,in_stock,https://www.tennis-point.de/products/head-hawk-power-saitenrolle-200m-anthrazit-00655802329000
Tennis-Point,2026-07-10 22:31:28,strings,unisex,Yonex,Poly Tour Fire Saitenrolle 200m-Rot,1.25 mm,4549317433898,129.95,229.9,,€,out_of_stock,https://www.tennis-point.de/products/yonex-poly-tour-fire-saitenrolle-200m-rot-01953101226000
Tennis-Point,2026-07-10 22:31:42,strings,unisex,Head,Lynx Saitenrolle 200m (Special Edition)-Nude,1.25 mm,0724794242827,129.95,150.0,,€,in_stock,https://www.tennis-point.de/products/head-lynx-saitenrolle-200m-special-edition-nude-00654602305000
Tennis-Point,2026-07-10 22:33:21,strings,unisex,Head,Velocity MLT Saitenrolle 200m-Nude,1.25 mm,0726424106585,86.95,130.0,,€,in_stock,https://www.tennis-point.de/products/head-velocity-mlt-saitenrolle-200m-nude-00653002268000
Tennis-Point,2026-07-10 22:33:44,strings,unisex,Wilson,Revolve Saitenrolle 200m-Orange,1.25 mm,00887768318024,101.95,170.0,,€,in_stock,https://www.tennis-point.de/products/wilson-revolve-saitenrolle-200m-orange-00753002000000
Tennis-Point,2026-07-10 22:33:52,strings,unisex,Luxilon,Alu Power Ocean Saitenrolle 200m-Blau,1.25 mm,00097512658461,223.95,330.0,,€,in_stock,https://www.tennis-point.de/products/luxilon-alu-power-ocean-saitenrolle-200m-blau-02756201351000
Tennis-Point,2026-07-10 22:34:00,strings,unisex,Wilson,Poly Pro Saitenrolle 200m-Silber,1.25 mm,00887768236328,57.95,85.0,,€,in_stock,https://www.tennis-point.de/products/wilson-poly-pro-saitenrolle-200m-silber-00753002004000
Tennis-Point,2026-07-10 22:34:44,strings,unisex,Solinco,Confidential Soft  Saitenrolle 200m - pink,1.25 mm,812753017897,124.95,185.0,,€,in_stock,https://www.tennis-point.de/products/solinco-confidential-soft-saitenrolle-200m-pink-p0000007710201
Tennis-Point,2026-07-10 22:34:51,strings,unisex,Head,Sonic Pro Saitenrolle 200m-Weiß,1.25 mm,0724794848142,66.95,100.0,,€,in_stock,https://www.tennis-point.de/products/head-sonic-pro-saitenrolle-200m-weiss-00650002112000
