retailer,timestamp,category,gender,brand,name,reference_variant,ean,current_price,regular_price,msrp_price,currency,availability,url
Tennis-Heine,2026-07-16 18:59:48,rackets,unisex,Wilson,Wilson Blade 100 V10 Tennisschläger,L3,097512974875,227.9,280.0,280.0,€,in_stock,https://www.tennis-heine.de/wilson-blade-100-v10-tennisschlaeger-5229?c=12
Tennis-Heine,2026-07-16 18:59:48,rackets,unisex,Wilson,Wilson Blade 100L V10 Tennisschläger,L3,097512974813,207.5,250.0,250.0,€,in_stock,https://www.tennis-heine.de/wilson-blade-100l-v10-tennisschlaeger-5231?c=12
Tennis-Heine,2026-07-16 18:59:49,rackets,unisex,Wilson,Wilson Blade 98 16x19 V10 Tennisschläger,L3,097512975094,227.8,290.0,290.0,€,in_stock,https://www.tennis-heine.de/wilson-blade-98-16x19-v10-tennisschlaeger-5222?c=12
Tennis-Heine,2026-07-16 18:59:49,rackets,unisex,Wilson,Wilson Blade 98 18x20 V10 Tennisschläger,L3,097512975032,227.85,290.0,290.0,€,in_stock,https://www.tennis-heine.de/wilson-blade-98-18x20-v10-tennisschlaeger-5223?c=12
Tennis-Heine,2026-07-16 18:59:50,rackets,unisex,Wilson,Wilson Blade 98S V10 Tennisschläger,L3,097512974967,227.85,290.0,290.0,€,in_stock,https://www.tennis-heine.de/wilson-blade-98s-v10-tennisschlaeger-5226?c=12
Tennis-Heine,2026-07-16 19:00:05,rackets,unisex,Wilson,Wilson Ultra 100L V5 desert Tennisschläger,L2,199073012994,192.5,220.0,220.0,€,in_stock,https://www.tennis-heine.de/wilson-ultra-100l-v5-desert-tennisschlaeger-5082?c=12
Tennis-Heine,2026-07-16 19:00:07,rackets,unisex,Wilson,Wilson Ultra 100 V5 Desert Tennisschläger,L3,199073013045,197.5,240.0,240.0,€,in_stock,https://www.tennis-heine.de/wilson-ultra-100-v5-desert-tennisschlaeger-5083?c=12
Tennis-Heine,2026-07-16 19:00:10,rackets,unisex,Head,Head Speed Pro 2026 Tennisschläger,L3,198772135003,183.84,300.0,300.0,€,out_of_stock,https://www.tennis-heine.de/head-speed-pro-2026-tennisschlaeger-4997?c=12
Tennis-Heine,2026-07-16 19:00:11,rackets,unisex,Head,Head Speed Team 2026 Tennisschläger,L3,198772135560,167.8,250.0,250.0,€,in_stock,https://www.tennis-heine.de/head-speed-team-2026-tennisschlaeger-4994?c=12
Tennis-Heine,2026-07-16 19:00:11,rackets,unisex,Wilson,Wilson Pro Staff 97L Classic Tennisschläger,L3,097512974561,154.8,240.0,240.0,€,in_stock,https://www.tennis-heine.de/wilson-pro-staff-97l-classic-tennisschlaeger-4970?c=12
Tennis-Heine,2026-07-16 19:00:12,rackets,unisex,Wilson,Wilson Pro Staff 97L Classic Tennisschläger,L2,097512974578,154.8,240.0,240.0,€,in_stock,https://www.tennis-heine.de/wilson-pro-staff-97l-classic-tennisschlaeger-4970?c=12
Tennis-Heine,2026-07-16 19:00:12,rackets,unisex,Wilson,Wilson Clash 100 V3 Reverse Tennisschläger,L3,199073010860,164.8,250.0,250.0,€,in_stock,https://www.tennis-heine.de/wilson-clash-100-v3-reverse-tennisschlaeger-4965?c=12
Tennis-Heine,2026-07-16 19:00:13,rackets,unisex,Wilson,Wilson Clash 100 V3 Reverse Tennisschläger,L2,199073010877,164.8,250.0,250.0,€,in_stock,https://www.tennis-heine.de/wilson-clash-100-v3-reverse-tennisschlaeger-4965?c=12
Tennis-Heine,2026-07-16 19:00:23,rackets,unisex,Dunlop,Dunlop FX 500 Super Lite 2026 Tennisschläger,L2,0045566185198,137.84,209.99,209.99,€,in_stock,https://www.tennis-heine.de/dunlop-fx-500-super-lite-2026-tennisschlaeger-4912?c=12
Tennis-Heine,2026-07-16 19:00:24,rackets,unisex,Dunlop,Dunlop FX 500 2026 Tennisschläger,L3,0045566185082,139.84,239.99,239.99,€,in_stock,https://www.tennis-heine.de/dunlop-fx-500-2026-tennisschlaeger-4908?c=12
Tennis-Heine,2026-07-16 19:00:24,rackets,unisex,Dunlop,Dunlop FX 500 2026 Tennisschläger,L2,0045566185075,139.84,239.99,239.99,€,in_stock,https://www.tennis-heine.de/dunlop-fx-500-2026-tennisschlaeger-4908?c=12
Tennis-Heine,2026-07-16 19:00:33,rackets,unisex,Head,Head PWR 115 2025 Tennisschläger,L3,198772071219,143.5,200.0,200.0,€,in_stock,https://www.tennis-heine.de/head-pwr-115-2025-tennisschlaeger-4891?c=12
Tennis-Heine,2026-07-16 19:00:33,rackets,unisex,Head,Head PWR 110 2025 Tennisschläger,L3,198772071417,147.9,200.0,200.0,€,in_stock,https://www.tennis-heine.de/head-pwr-110-2025-tennisschlaeger-4892?c=12
Tennis-Heine,2026-07-16 19:00:33,rackets,unisex,Head,Head PWR 110 2025 Tennisschläger,L2,198772071400,147.9,200.0,200.0,€,in_stock,https://www.tennis-heine.de/head-pwr-110-2025-tennisschlaeger-4892?c=12
Tennis-Heine,2026-07-16 19:00:34,rackets,unisex,Head,Head PWR 115 2025 Tennisschläger,L2,198772071202,143.5,200.0,200.0,€,in_stock,https://www.tennis-heine.de/head-pwr-115-2025-tennisschlaeger-4891?c=12
Tennis-Heine,2026-07-16 19:00:36,rackets,unisex,Wilson,Wilson Clash 108 V3 Tennisschläger,L3,097512946629,130.59,230.0,230.0,€,out_of_stock,https://www.tennis-heine.de/wilson-clash-108-v3-tennisschlaeger-4817?c=12
Tennis-Heine,2026-07-16 19:00:36,rackets,unisex,Wilson,Wilson Shift 99L US Open 2025 Tennisschläger,L3,097512941143,147.0,250.0,250.0,€,out_of_stock,https://www.tennis-heine.de/wilson-shift-99l-us-open-2025-tennisschlaeger-4826?c=12
Tennis-Heine,2026-07-16 19:00:37,rackets,unisex,Wilson,Wilson Blade 100L V9 US Open Tennisschläger,L3,097512931632,152.5,240.0,240.0,€,out_of_stock,https://www.tennis-heine.de/wilson-blade-100l-v9-us-open-tennisschlaeger-4825?c=12
Tennis-Heine,2026-07-16 19:00:37,rackets,unisex,Wilson,Wilson Blade 100L V9 US Open Tennisschläger,L2,097512931649,152.5,240.0,240.0,€,out_of_stock,https://www.tennis-heine.de/wilson-blade-100l-v9-us-open-tennisschlaeger-4825?c=12
Tennis-Heine,2026-07-16 19:00:37,rackets,unisex,Wilson,Wilson Shift 99L US Open 2025 Tennisschläger,L2,097512932110,147.0,250.0,250.0,€,out_of_stock,https://www.tennis-heine.de/wilson-shift-99l-us-open-2025-tennisschlaeger-4826?c=12
Tennis-Heine,2026-07-16 19:00:38,rackets,unisex,Wilson,Wilson Clash 108 V3 Tennisschläger,L2,097512946643,130.59,230.0,230.0,€,in_stock,https://www.tennis-heine.de/wilson-clash-108-v3-tennisschlaeger-4817?c=12
Tennis-Heine,2026-07-16 19:00:49,rackets,unisex,Yonex,Yonex Ezone Alpha SL (245g) Blast Blue Tennisschläger,L2,4550675057572,129.0,159.9,159.9,€,in_stock,https://www.tennis-heine.de/yonex-ezone-alpha-sl-245g-blast-blue-tennisschlaeger-4715?c=12
Tennis-Heine,2026-07-16 19:01:00,rackets,unisex,Head,Head Radical Team 2025 Tennisschläger,L3,726423385097,155.4,250.0,250.0,€,in_stock,https://www.tennis-heine.de/head-radical-team-2025-tennisschlaeger-4484?c=12
Tennis-Heine,2026-07-16 19:01:00,rackets,unisex,Head,Head Radical Team 2025 Tennisschläger,L2,726423385080,155.4,250.0,250.0,€,in_stock,https://www.tennis-heine.de/head-radical-team-2025-tennisschlaeger-4484?c=12
Tennis-Heine,2026-07-16 19:01:05,rackets,unisex,Yonex,Yonex Ezone 100L Blast Blue 2025 Tennisschläger,L3,4550468975908,209.9,259.9,259.9,€,out_of_stock,https://www.tennis-heine.de/yonex-ezone-100l-blast-blue-2025-tennisschlaeger-4591?c=12
Tennis-Heine,2026-07-16 19:01:06,rackets,unisex,Wilson,Wilson Clash 100 V3.0 Tennisschläger,L3,0097512892537,156.5,250.0,250.0,€,in_stock,https://www.tennis-heine.de/wilson-clash-100-v3.0-tennisschlaeger-4499?c=12
Tennis-Heine,2026-07-16 19:01:06,rackets,unisex,Wilson,Wilson Clash 100 V3.0 Tennisschläger,L2,0097512892544,156.5,250.0,250.0,€,out_of_stock,https://www.tennis-heine.de/wilson-clash-100-v3.0-tennisschlaeger-4499?c=12
Tennis-Heine,2026-07-16 19:01:07,rackets,unisex,Yonex,Yonex Ezone 100L Blast Blue 2025 Tennisschläger,L2,4550468975892,209.9,259.9,259.9,€,in_stock,https://www.tennis-heine.de/yonex-ezone-100l-blast-blue-2025-tennisschlaeger-4591?c=12
Tennis-Heine,2026-07-16 19:01:15,rackets,unisex,Head,Head Gravity MP 2025 Tennisschläger,L3,726423385578,177.9,280.0,280.0,€,in_stock,https://www.tennis-heine.de/head-gravity-mp-2025-tennisschlaeger-4478?c=12
Tennis-Heine,2026-07-16 19:01:17,rackets,unisex,Head,Head Gravity Pro 2025 Tennisschläger,L3,726423385370,177.9,300.0,300.0,€,out_of_stock,https://www.tennis-heine.de/head-gravity-pro-2025-tennisschlaeger-4476?c=12
Tennis-Heine,2026-07-16 19:01:17,rackets,unisex,Head,Head Gravity Pro 2025 Tennisschläger,L2,726423385363,177.9,300.0,300.0,€,out_of_stock,https://www.tennis-heine.de/head-gravity-pro-2025-tennisschlaeger-4476?c=12
Tennis-Heine,2026-07-16 19:01:21,rackets,unisex,Head,Head Gravity Team 2025 Tennisschläger,L3,726423385813,152.9,250.0,250.0,€,out_of_stock,https://www.tennis-heine.de/head-gravity-team-2025-tennisschlaeger-4481?c=12
Tennis-Heine,2026-07-16 19:01:21,rackets,unisex,Wilson,Wilson Clash 100UL V3.0 Tennisschläger,L3,097512893541,133.9,210.0,210.0,€,out_of_stock,https://www.tennis-heine.de/wilson-clash-100ul-v3.0-tennisschlaeger-4501?c=12
Tennis-Heine,2026-07-16 19:01:22,rackets,unisex,Wilson,Wilson Clash 100UL V3.0 Tennisschläger,L2,097512893534,133.9,210.0,210.0,€,out_of_stock,https://www.tennis-heine.de/wilson-clash-100ul-v3.0-tennisschlaeger-4501?c=12
Tennis-Heine,2026-07-16 19:01:28,rackets,unisex,Dunlop,Dunlop SX 300 Tennisschläger 2025,L3,0045566182661,144.0,239.99,239.99,€,out_of_stock,https://www.tennis-heine.de/dunlop-sx-300-tennisschlaeger-2025-4512?c=12
Tennis-Heine,2026-07-16 19:01:29,rackets,unisex,Dunlop,Dunlop SX 300 Tennisschläger 2025,L2,0045566182654,144.0,239.99,239.99,€,out_of_stock,https://www.tennis-heine.de/dunlop-sx-300-tennisschlaeger-2025-4512?c=12
Tennis-Heine,2026-07-16 19:01:32,rackets,unisex,Wilson,Wilson RF 01 Tennisschläger,L3,097512849685,173.9,280.0,280.0,€,in_stock,https://www.tennis-heine.de/wilson-rf-01-tennisschlaeger-4386?c=12
Tennis-Heine,2026-07-16 19:01:32,rackets,unisex,Wilson,Wilson RF 01 Pro Tennisschläger,L3,097512849746,178.9,300.0,300.0,€,in_stock,https://www.tennis-heine.de/wilson-rf-01-pro-tennisschlaeger-4387?c=12
Tennis-Heine,2026-07-16 19:01:33,rackets,unisex,Wilson,Wilson Shift 99L US Open Tennisschläger,L3,097512844048,119.99,250.0,250.0,€,out_of_stock,https://www.tennis-heine.de/wilson-shift-99l-us-open-tennisschlaeger-4384?c=12
Tennis-Heine,2026-07-16 19:01:33,rackets,unisex,Dunlop,Dunlop LX 800 2024 Tennisschläger,L3,0045566182463,112.5,179.95,179.95,€,out_of_stock,https://www.tennis-heine.de/dunlop-lx-800-2024-tennisschlaeger-4425?c=12
Tennis-Heine,2026-07-16 19:01:34,rackets,unisex,Dunlop,Dunlop LX 800 2024 Tennisschläger,L2,0045566182456,112.5,179.95,179.95,€,out_of_stock,https://www.tennis-heine.de/dunlop-lx-800-2024-tennisschlaeger-4425?c=12
Tennis-Heine,2026-07-16 19:01:34,rackets,unisex,Wilson,Wilson Shift 99L US Open Tennisschläger,L2,097512844031,119.99,250.0,250.0,€,out_of_stock,https://www.tennis-heine.de/wilson-shift-99l-us-open-tennisschlaeger-4384?c=12
Tennis-Heine,2026-07-16 19:01:34,rackets,unisex,Dunlop,Dunlop SX 300 Tour Tennisschläger 2025,L3,0045566182623,165.0,249.99,249.99,€,in_stock,https://www.tennis-heine.de/dunlop-sx-300-tour-tennisschlaeger-2025-4513?c=12
Tennis-Heine,2026-07-16 19:01:35,rackets,unisex,Dunlop,Dunlop SX 300 Tour Tennisschläger 2025,L2,0045566182616,165.0,249.99,249.99,€,in_stock,https://www.tennis-heine.de/dunlop-sx-300-tour-tennisschlaeger-2025-4513?c=12
Tennis-Heine,2026-07-16 19:01:44,rackets,unisex,Head,Head Boom MP L 2024 Tennisschläger,L3,724794925096,129.9,230.0,230.0,€,in_stock,https://www.tennis-heine.de/head-boom-mp-l-2024-tennisschlaeger-4177?c=12
Tennis-Heine,2026-07-16 19:01:45,rackets,unisex,Head,Head Boom Team L 2024 Tennisschläger,L3,724794925270,119.9,210.0,210.0,€,out_of_stock,https://www.tennis-heine.de/head-boom-team-l-2024-tennisschlaeger-4175?c=12
Tennis-Heine,2026-07-16 19:01:45,rackets,unisex,Head,Head IG Challenge Team (mint)Tennisschläger,L3,724794890363,82.5,130.0,130.0,€,out_of_stock,https://www.tennis-heine.de/head-ig-challenge-team-mint-tennisschlaeger-4170?c=12
Tennis-Heine,2026-07-16 19:01:45,rackets,unisex,Head,Head Boom Team 2024 Tennisschläger,L3,724794925218,124.9,230.0,230.0,€,in_stock,https://www.tennis-heine.de/head-boom-team-2024-tennisschlaeger-4174?c=12
Tennis-Heine,2026-07-16 19:01:46,rackets,unisex,Head,Head Boom MP 2024 Tennisschläger,L3,724794924976,129.0,260.0,260.0,€,in_stock,https://www.tennis-heine.de/head-boom-mp-2024-tennisschlaeger-4172?c=12
Tennis-Heine,2026-07-16 19:01:46,rackets,unisex,Head,Head Boom MP L 2024 Alternate Tennisschläger,L3,724794925812,129.9,230.0,230.0,€,in_stock,https://www.tennis-heine.de/head-boom-mp-l-2024-alternate-tennisschlaeger-4178?c=12
Tennis-Heine,2026-07-16 19:01:46,rackets,unisex,Head,Head Boom MP L 2024 Alternate Tennisschläger,L2,724794925805,129.9,230.0,230.0,€,out_of_stock,https://www.tennis-heine.de/head-boom-mp-l-2024-alternate-tennisschlaeger-4178?c=12
Tennis-Heine,2026-07-16 19:01:47,rackets,unisex,Wilson,Wilson Shift 99 V1 Session Soire RG Tennisschläger,L3,0097512795586,157.0,270.0,270.0,€,out_of_stock,https://www.tennis-heine.de/wilson-shift-99-v1-session-soire-rg-tennisschlaeger-4238?c=12
Tennis-Heine,2026-07-16 19:01:54,rackets,unisex,Wilson,Wilson Blade 98 18x20 V9 Tennisschläger,L3,00097512791922,177.9,280.0,280.0,€,in_stock,https://www.tennis-heine.de/wilson-blade-98-18x20-v9-tennisschlaeger-4205?c=12
Tennis-Heine,2026-07-16 19:01:54,rackets,unisex,Wilson,Wilson Ultra Power 100 2024 Tennisschläger,L3,0097512729307,89.9,120.0,120.0,€,out_of_stock,https://www.tennis-heine.de/wilson-ultra-power-100-2024-tennisschlaeger-4236?c=12
Tennis-Heine,2026-07-16 19:01:54,rackets,unisex,Wilson,Wilson Blade 98 16x19 V9 Tennisschläger,L3,00097512791847,177.9,280.0,280.0,€,in_stock,https://www.tennis-heine.de/wilson-blade-98-16x19-v9-tennisschlaeger-4203?c=12
Tennis-Heine,2026-07-16 19:01:55,rackets,unisex,Wilson,Wilson Blade 100 V9 Tennisschläger,L3,0097512792240,179.0,270.0,270.0,€,in_stock,https://www.tennis-heine.de/wilson-blade-100-v9-tennisschlaeger-4234?c=12
Tennis-Heine,2026-07-16 19:01:55,rackets,unisex,Wilson,Wilson Blade 100L V9 Tennisschläger,L3,0097512792103,149.9,240.0,240.0,€,out_of_stock,https://www.tennis-heine.de/wilson-blade-100l-v9-tennisschlaeger-4230?c=12
Tennis-Heine,2026-07-16 19:01:55,rackets,unisex,Wilson,Wilson Blade 101L V9 Tennisschläger,L3,0097512795807,109.9,170.0,170.0,€,out_of_stock,https://www.tennis-heine.de/wilson-blade-101l-v9-tennisschlaeger-4233?c=12
Tennis-Heine,2026-07-16 19:01:56,rackets,unisex,Wilson,Wilson Blade 101L V9 Tennisschläger,L2,0097512795814,109.9,170.0,170.0,€,out_of_stock,https://www.tennis-heine.de/wilson-blade-101l-v9-tennisschlaeger-4233?c=12
Tennis-Heine,2026-07-16 19:01:57,rackets,unisex,Wilson,Wilson Blade 100L V9 Tennisschläger,L2,0097512792127,149.9,240.0,240.0,€,in_stock,https://www.tennis-heine.de/wilson-blade-100l-v9-tennisschlaeger-4230?c=12
Tennis-Heine,2026-07-16 19:02:07,rackets,unisex,Head,Head Gravity Team L 2023 Tennisschläger,L3,724794629338,119.5,230.0,230.0,€,in_stock,https://www.tennis-heine.de/head-gravity-team-l-2023-tennisschlaeger-4074?c=12
Tennis-Heine,2026-07-16 19:02:07,rackets,unisex,Head,Head Gravity MP L 2023 Tennisschläger,L3,724794629031,127.5,250.0,250.0,€,in_stock,https://www.tennis-heine.de/head-gravity-mp-l-2023-tennisschlaeger-4067?c=12
Tennis-Heine,2026-07-16 19:02:07,rackets,unisex,Head,Head Gravity Team 2023 Tennisschläger,L3,724794629215,124.5,250.0,250.0,€,out_of_stock,https://www.tennis-heine.de/head-gravity-team-2023-tennisschlaeger-4073?c=12
Tennis-Heine,2026-07-16 19:02:08,rackets,unisex,Head,Head Gravity Tour 2023 Tennisschläger,L3,724794628614,139.0,280.0,280.0,€,in_stock,https://www.tennis-heine.de/head-gravity-tour-2023-tennisschlaeger-4066?c=12
Tennis-Heine,2026-07-16 19:02:08,rackets,unisex,Head,Head Gravity Tour 2023 Tennisschläger,L2,724794628607,139.0,280.0,280.0,€,out_of_stock,https://www.tennis-heine.de/head-gravity-tour-2023-tennisschlaeger-4066?c=12
Tennis-Heine,2026-07-16 19:02:09,rackets,unisex,Wilson,Wilson Shift 99 Pro V1 315g Tennisschläger,L3,097512727983,137.8,270.0,270.0,€,in_stock,https://www.tennis-heine.de/wilson-shift-99-pro-v1-315g-tennisschlaeger-4092?c=12
Tennis-Heine,2026-07-16 19:02:09,rackets,unisex,Wilson,Wilson Shift 99 V1 300g Tennisschläger,L3,097512727952,144.9,270.0,270.0,€,in_stock,https://www.tennis-heine.de/wilson-shift-99-v1-300g-tennisschlaeger-4089?c=12
Tennis-Heine,2026-07-16 19:02:10,rackets,unisex,Dunlop,Dunlop FX Team 260 Tennisschläger,L3,0045566180049,94.9,99.95,99.95,€,in_stock,https://www.tennis-heine.de/dunlop-fx-team-260-tennisschlaeger-4002?c=12
Tennis-Heine,2026-07-16 19:02:11,rackets,unisex,Dunlop,Dunlop FX Team 260 Tennisschläger,L2,0045566180032,94.9,99.95,99.95,€,out_of_stock,https://www.tennis-heine.de/dunlop-fx-team-260-tennisschlaeger-4002?c=12
Tennis-Heine,2026-07-16 19:02:18,rackets,unisex,Head,Head Radical TEAM L 2023 Tennisschläger,L3,724794624395,124.0,230.0,230.0,€,out_of_stock,https://www.tennis-heine.de/head-radical-team-l-2023-tennisschlaeger-3817?c=12
Tennis-Heine,2026-07-16 19:02:19,rackets,unisex,Head,Head Radical TEAM L 2023 Tennisschläger,L2,724794624388,124.0,230.0,230.0,€,in_stock,https://www.tennis-heine.de/head-radical-team-l-2023-tennisschlaeger-3817?c=12
Tennis-Heine,2026-07-16 19:02:19,rackets,unisex,Head,Head Radical TEAM 2023 Tennisschläger,L3,724794624258,124.5,250.0,250.0,€,in_stock,https://www.tennis-heine.de/head-radical-team-2023-tennisschlaeger-3816?c=12
Tennis-Heine,2026-07-16 19:02:19,rackets,unisex,Dunlop,Dunlop FX 500 Tour 2023 Tennisschläger,L3,0045566179647,144.9,229.95,229.95,€,out_of_stock,https://www.tennis-heine.de/dunlop-fx-500-tour-2023-tennisschlaeger-3852?c=12
Tennis-Heine,2026-07-16 19:02:22,rackets,unisex,Head,Head Boom Team L 2022 Tennisschläger,L3,724794366790,119.9,210.0,210.0,€,out_of_stock,https://www.tennis-heine.de/head-boom-team-l-2022-tennisschlaeger-3669?c=12
Tennis-Heine,2026-07-16 19:02:22,rackets,unisex,Head,Head Extreme Team 2022 Tennisschläger,L3,724794483749,110.0,230.0,230.0,€,in_stock,https://www.tennis-heine.de/head-extreme-team-2022-tennisschlaeger-3711?c=12
Tennis-Heine,2026-07-16 19:02:23,rackets,unisex,Head,Head Extreme Tour 2022 Tennisschläger,L3,724794483176,120.0,260.0,260.0,€,out_of_stock,https://www.tennis-heine.de/head-extreme-tour-2022-tennisschlaeger-3708?c=12
Tennis-Heine,2026-07-16 19:02:23,rackets,unisex,Head,Head Extreme Tour 2022 Tennisschläger,L2,724794483169,120.0,260.0,260.0,€,out_of_stock,https://www.tennis-heine.de/head-extreme-tour-2022-tennisschlaeger-3708?c=12
Tennis-Heine,2026-07-16 19:02:24,rackets,unisex,Head,Head Extreme Team 2022 Tennisschläger,L2,724794483732,110.0,230.0,230.0,€,out_of_stock,https://www.tennis-heine.de/head-extreme-team-2022-tennisschlaeger-3711?c=12
Tennis-Heine,2026-07-16 19:02:24,rackets,unisex,Head,Head Boom Team L 2022 Tennisschläger,L2,724794366783,119.9,210.0,210.0,€,out_of_stock,https://www.tennis-heine.de/head-boom-team-l-2022-tennisschlaeger-3669?c=12
Tennis-Heine,2026-07-16 19:02:27,rackets,unisex,Wilson,Wilson Triad Three Tennisschläger,L3,097512451147,148.5,240.0,240.0,€,in_stock,https://www.tennis-heine.de/wilson-triad-three-tennisschlaeger-2967?c=12
Tennis-Heine,2026-07-16 19:02:27,rackets,unisex,Wilson,Wilson Triad Three Tennisschläger,L2,097512451130,148.5,240.0,240.0,€,in_stock,https://www.tennis-heine.de/wilson-triad-three-tennisschlaeger-2967?c=12
Tennis-Heine,2026-07-16 19:02:31,rackets,unisex,Head,Head IG Challenge MP Tennisschläger,L3,726423029557,94.9,125.0,125.0,€,out_of_stock,https://www.tennis-heine.de/head-ig-challenge-mp-tennisschlaeger-3345?c=12
Tennis-Heine,2026-07-16 19:02:31,rackets,unisex,Head,Head IG Challenge MP Tennisschläger,L2,726423029540,94.9,125.0,125.0,€,out_of_stock,https://www.tennis-heine.de/head-ig-challenge-mp-tennisschlaeger-3345?c=12
Tennis-Heine,2026-07-16 19:02:35,rackets,unisex,Dunlop,Dunlop CX Team 285 Tennisschläger,L3,045566169457,99.0,149.9,149.9,€,in_stock,https://www.tennis-heine.de/dunlop-cx-team-285-tennisschlaeger-2830?c=12
Tennis-Heine,2026-07-16 19:02:35,rackets,unisex,Wilson,Wilson Burn 100ULS Tennisschläger V4.0,L3,097512441452,89.0,160.0,160.0,€,out_of_stock,https://www.tennis-heine.de/wilson-burn-100uls-tennisschlaeger-v4.0-2882?c=12
Tennis-Heine,2026-07-16 19:02:35,rackets,unisex,Wilson,Wilson Burn 100ULS Tennisschläger V4.0,L2,097512441445,89.0,160.0,160.0,€,out_of_stock,https://www.tennis-heine.de/wilson-burn-100uls-tennisschlaeger-v4.0-2882?c=12
Tennis-Heine,2026-07-16 19:02:36,rackets,unisex,Head,Head Graphene 360+ Radical Pro 2021 Tennisschläger,L3,724794047330,114.9,270.0,270.0,€,in_stock,https://www.tennis-heine.de/head-graphene-360-radical-pro-2021-tennisschlaeger-2953?c=12
Tennis-Heine,2026-07-16 19:02:37,rackets,unisex,Head,Head Graphene 360+ Radical Pro 2021 Tennisschläger,L2,724794047323,114.9,270.0,270.0,€,out_of_stock,https://www.tennis-heine.de/head-graphene-360-radical-pro-2021-tennisschlaeger-2953?c=12
Tennis-Heine,2026-07-16 19:02:37,rackets,unisex,Head,Head Gravity MP 2023 Tennisschläger,L3,724794628867,139.8,280.0,280.0,€,in_stock,https://www.tennis-heine.de/head-gravity-mp-2023-tennisschlaeger-4065?c=12
Tennis-Heine,2026-07-16 19:02:38,rackets,unisex,Wilson,Wilson Triad Five Tennisschläger,L3,097512446761,133.84,220.0,220.0,€,in_stock,https://www.tennis-heine.de/wilson-triad-five-tennisschlaeger-2968?c=12
Tennis-Heine,2026-07-16 19:02:38,rackets,unisex,Dunlop,Dunlop SX 300 LS Tennisschläger 2022,L3,0045566178800,99.0,229.95,229.95,€,in_stock,https://www.tennis-heine.de/dunlop-sx-300-ls-tennisschlaeger-2022-3419?c=12
Tennis-Heine,2026-07-16 19:02:39,rackets,unisex,Yonex,Yonex Ezone 98 Tennisschläger 2022,L3,4550468198055,164.9,279.9,279.9,€,out_of_stock,https://www.tennis-heine.de/yonex-ezone-98-tennisschlaeger-2022-3500?c=12
Tennis-Heine,2026-07-16 19:02:39,rackets,unisex,Yonex,Yonex Ezone 98 Tennisschläger 2022,L2,4550468198048,164.9,279.9,279.9,€,out_of_stock,https://www.tennis-heine.de/yonex-ezone-98-tennisschlaeger-2022-3500?c=12
Tennis-Heine,2026-07-16 19:02:40,rackets,unisex,Dunlop,Dunlop SX 300 LS Tennisschläger 2022,L2,0045566178794,99.0,229.95,229.95,€,out_of_stock,https://www.tennis-heine.de/dunlop-sx-300-ls-tennisschlaeger-2022-3419?c=12
Tennis-Heine,2026-07-16 19:02:40,rackets,unisex,Wilson,Wilson Triad Five Tennisschläger,L2,097512446730,133.84,220.0,220.0,€,in_stock,https://www.tennis-heine.de/wilson-triad-five-tennisschlaeger-2968?c=12
Tennis-Heine,2026-07-16 19:02:41,rackets,unisex,Head,Head Gravity MP 2023 Tennisschläger,L2,724794628850,139.8,280.0,280.0,€,out_of_stock,https://www.tennis-heine.de/head-gravity-mp-2023-tennisschlaeger-4065?c=12
Tennis-Heine,2026-07-16 19:02:42,rackets,unisex,Dunlop,Dunlop CX Team 285 Tennisschläger,L2,045566169440,99.0,149.9,149.9,€,out_of_stock,https://www.tennis-heine.de/dunlop-cx-team-285-tennisschlaeger-2830?c=12
Tennis-Heine,2026-07-16 19:02:48,rackets,unisex,Dunlop,Dunlop FX 500 Tour 2023 Tennisschläger,L2,0045566179630,144.9,229.95,229.95,€,out_of_stock,https://www.tennis-heine.de/dunlop-fx-500-tour-2023-tennisschlaeger-3852?c=12
Tennis-Heine,2026-07-16 19:02:49,rackets,unisex,Dunlop,Dunlop SX 300 Lite Tennisschläger 2022,L3,0045566178848,99.0,209.95,209.95,€,out_of_stock,https://www.tennis-heine.de/dunlop-sx-300-lite-tennisschlaeger-2022-3517?c=12
Tennis-Heine,2026-07-16 19:02:49,rackets,unisex,Dunlop,Dunlop SX 300 Tour Tennisschläger 2022,L3,0045566178725,104.9,249.95,249.95,€,out_of_stock,https://www.tennis-heine.de/dunlop-sx-300-tour-tennisschlaeger-2022-3516?c=12
Tennis-Heine,2026-07-16 19:02:49,rackets,unisex,Dunlop,Dunlop CX Team 265 Tennisschläger 2022,L2,0045566177582,84.9,109.95,,€,in_stock,https://www.tennis-heine.de/dunlop-cx-team-265-tennisschlaeger-2022-3527?c=12
Tennis-Heine,2026-07-16 19:02:50,rackets,unisex,Dunlop,Dunlop Team 260 Tennisschläger 2022,L2,0045566177674,84.9,89.95,99.95,€,in_stock,https://www.tennis-heine.de/dunlop-team-260-tennisschlaeger-2022-3528?c=12
Tennis-Heine,2026-07-16 19:02:50,rackets,unisex,Wilson,Wilson Clash 100UL V2 Tennisschläger,L3,097512612135,130.0,210.0,210.0,€,out_of_stock,https://www.tennis-heine.de/wilson-clash-100ul-v2-tennisschlaeger-3536?c=12
Tennis-Heine,2026-07-16 19:02:51,rackets,unisex,Wilson,Wilson Clash 100 V2 Tennisschläger,L3,097512592116,134.9,250.0,250.0,€,out_of_stock,https://www.tennis-heine.de/wilson-clash-100-v2-tennisschlaeger-3531?c=12
Tennis-Heine,2026-07-16 19:02:52,rackets,unisex,Wilson,Wilson Clash 100L V2 Tennisschläger,L3,097512605229,129.9,230.0,230.0,€,out_of_stock,https://www.tennis-heine.de/wilson-clash-100l-v2-tennisschlaeger-3534?c=12
Tennis-Heine,2026-07-16 19:02:52,rackets,unisex,Head,Head Speed Pro 2022 Tennisschläger,L3,724794367148,169.9,300.0,300.0,€,out_of_stock,https://www.tennis-heine.de/head-speed-pro-2022-tennisschlaeger-3574?c=12
Tennis-Heine,2026-07-16 19:02:53,rackets,unisex,Head,Head Speed Pro 2022 Tennisschläger,L2,724794367131,169.9,300.0,300.0,€,in_stock,https://www.tennis-heine.de/head-speed-pro-2022-tennisschlaeger-3574?c=12
Tennis-Heine,2026-07-16 19:02:54,rackets,unisex,Wilson,Wilson Clash 100L V2 Tennisschläger,L2,097512605212,129.9,230.0,230.0,€,out_of_stock,https://www.tennis-heine.de/wilson-clash-100l-v2-tennisschlaeger-3534?c=12
Tennis-Heine,2026-07-16 19:02:55,rackets,unisex,Wilson,Wilson Clash 100 V2 Tennisschläger,L2,097512592109,134.9,250.0,250.0,€,in_stock,https://www.tennis-heine.de/wilson-clash-100-v2-tennisschlaeger-3531?c=12
Tennis-Heine,2026-07-16 19:02:55,rackets,unisex,Wilson,Wilson Clash 100UL V2 Tennisschläger,L2,097512612111,130.0,210.0,210.0,€,out_of_stock,https://www.tennis-heine.de/wilson-clash-100ul-v2-tennisschlaeger-3536?c=12
Tennis-Heine,2026-07-16 19:02:56,rackets,unisex,Dunlop,Dunlop SX 300 Tour Tennisschläger 2022,L2,0045566178718,104.9,249.95,249.95,€,out_of_stock,https://www.tennis-heine.de/dunlop-sx-300-tour-tennisschlaeger-2022-3516?c=12
Tennis-Heine,2026-07-16 19:02:57,rackets,unisex,Dunlop,Dunlop SX 300 Lite Tennisschläger 2022,L2,0045566178831,99.0,209.95,209.95,€,in_stock,https://www.tennis-heine.de/dunlop-sx-300-lite-tennisschlaeger-2022-3517?c=12
Tennis-Heine,2026-07-16 19:02:57,rackets,unisex,Head,Head Radical TEAM 2023 Tennisschläger,L2,724794624258,124.5,250.0,250.0,€,out_of_stock,https://www.tennis-heine.de/head-radical-team-2023-tennisschlaeger-3816?c=12
Tennis-Heine,2026-07-16 19:03:04,rackets,unisex,Wilson,Wilson Ultra 100L V4.0 Tennisschläger,L3,097512640305,124.9,220.0,220.0,€,in_stock,https://www.tennis-heine.de/wilson-ultra-100l-v4.0-tennisschlaeger-3743?c=12
Tennis-Heine,2026-07-16 19:03:04,rackets,unisex,Wilson,Wilson Ultra 100UL V4.0 Tennisschläger,L3,097512648967,124.9,200.0,200.0,€,out_of_stock,https://www.tennis-heine.de/wilson-ultra-100ul-v4.0-tennisschlaeger-3744?c=12
Tennis-Heine,2026-07-16 19:03:05,rackets,unisex,Wilson,Wilson Ultra 108 V4.0 Tennisschläger,L3,097512649124,134.9,230.0,230.0,€,out_of_stock,https://www.tennis-heine.de/wilson-ultra-108-v4.0-tennisschlaeger-3746?c=12
Tennis-Heine,2026-07-16 19:03:05,rackets,unisex,Wilson,Wilson Ultra 100 V4.0 Tennisschläger,L3,097512640251,137.9,250.0,250.0,€,in_stock,https://www.tennis-heine.de/wilson-ultra-100-v4.0-tennisschlaeger-3742?c=12
Tennis-Heine,2026-07-16 19:03:06,rackets,unisex,Yonex,Yonex Ezone 110 (255g) Tennisschläger 2022,L3,4550468200574,109.0,269.9,269.9,€,out_of_stock,https://www.tennis-heine.de/yonex-ezone-110-255g-tennisschlaeger-2022-4754?c=12
Tennis-Heine,2026-07-16 19:03:06,rackets,unisex,Yonex,Yonex Ezone 110 (255g) Tennisschläger 2022,L2,4550468200567,109.0,269.9,269.9,€,in_stock,https://www.tennis-heine.de/yonex-ezone-110-255g-tennisschlaeger-2022-4754?c=12
Tennis-Heine,2026-07-16 19:03:07,rackets,unisex,Wilson,Wilson Ultra 100 V4.0 Tennisschläger,L2,097512640244,137.9,250.0,250.0,€,in_stock,https://www.tennis-heine.de/wilson-ultra-100-v4.0-tennisschlaeger-3742?c=12
Tennis-Heine,2026-07-16 19:03:07,rackets,unisex,Wilson,Wilson Ultra 108 V4.0 Tennisschläger,L2,097512649100,134.9,230.0,230.0,€,out_of_stock,https://www.tennis-heine.de/wilson-ultra-108-v4.0-tennisschlaeger-3746?c=12
Tennis-Heine,2026-07-16 19:03:08,rackets,unisex,Dunlop,Dunlop FX 500 2023 Tennisschläger,L3,0045566179685,127.5,219.95,219.95,€,in_stock,https://www.tennis-heine.de/dunlop-fx-500-2023-tennisschlaeger-3853?c=12
Tennis-Heine,2026-07-16 19:03:09,rackets,unisex,Dunlop,Dunlop FX 500 2023 Tennisschläger,L2,0045566179678,127.5,219.95,219.95,€,in_stock,https://www.tennis-heine.de/dunlop-fx-500-2023-tennisschlaeger-3853?c=12
Tennis-Heine,2026-07-16 19:03:09,rackets,unisex,Wilson,Wilson Ultra 100UL V4.0 Tennisschläger,L2,097512648950,124.9,200.0,200.0,€,in_stock,https://www.tennis-heine.de/wilson-ultra-100ul-v4.0-tennisschlaeger-3744?c=12
Tennis-Heine,2026-07-16 19:03:10,rackets,unisex,Wilson,Wilson Ultra 100L V4.0 Tennisschläger,L2,097512640299,124.9,220.0,220.0,€,in_stock,https://www.tennis-heine.de/wilson-ultra-100l-v4.0-tennisschlaeger-3743?c=12
Tennis-Heine,2026-07-16 19:03:13,rackets,unisex,Wilson,Wilson Shift 99 V1 300g Tennisschläger,L2,097512727921,144.9,270.0,270.0,€,in_stock,https://www.tennis-heine.de/wilson-shift-99-v1-300g-tennisschlaeger-4089?c=12
Tennis-Heine,2026-07-16 19:03:14,rackets,unisex,Wilson,Wilson Shift 99 Pro V1 315g Tennisschläger,L2,097512727990,137.8,270.0,270.0,€,out_of_stock,https://www.tennis-heine.de/wilson-shift-99-pro-v1-315g-tennisschlaeger-4092?c=12
Tennis-Heine,2026-07-16 19:03:14,rackets,unisex,Head,Head Gravity Team 2023 Tennisschläger,L2,724794629208,124.5,250.0,250.0,€,out_of_stock,https://www.tennis-heine.de/head-gravity-team-2023-tennisschlaeger-4073?c=12
Tennis-Heine,2026-07-16 19:03:15,rackets,unisex,Head,Head Gravity MP L 2023 Tennisschläger,L2,724794629024,127.5,250.0,250.0,€,out_of_stock,https://www.tennis-heine.de/head-gravity-mp-l-2023-tennisschlaeger-4067?c=12
Tennis-Heine,2026-07-16 19:03:16,rackets,unisex,Dunlop,Dunlop FX 500 LS 2023 Tennisschläger,L3,0045566179722,129.9,209.95,209.95,€,in_stock,https://www.tennis-heine.de/dunlop-fx-500-ls-2023-tennisschlaeger-3854?c=12
Tennis-Heine,2026-07-16 19:03:17,rackets,unisex,Dunlop,Dunlop FX 500 Lite 2023 Tennisschläger,L3,0045566179760,110.0,199.95,199.95,€,out_of_stock,https://www.tennis-heine.de/dunlop-fx-500-lite-2023-tennisschlaeger-3856?c=12
Tennis-Heine,2026-07-16 19:03:17,rackets,unisex,Yonex,Yonex VCore 98 Tennisschläger 2023,L3,4550468409373,194.9,299.9,299.9,€,in_stock,https://www.tennis-heine.de/yonex-vcore-98-tennisschlaeger-2023-3947?c=12
Tennis-Heine,2026-07-16 19:03:17,rackets,unisex,Yonex,Yonex VCore 100 Tennisschläger 2023,L3,4550468409175,194.9,299.9,299.9,€,out_of_stock,https://www.tennis-heine.de/yonex-vcore-100-tennisschlaeger-2023-3946?c=12
Tennis-Heine,2026-07-16 19:03:18,rackets,unisex,Yonex,Yonex VCore 100 Tennisschläger 2023,L2,4550468409168,194.9,299.9,299.9,€,out_of_stock,https://www.tennis-heine.de/yonex-vcore-100-tennisschlaeger-2023-3946?c=12
Tennis-Heine,2026-07-16 19:03:18,rackets,unisex,Yonex,Yonex VCore 98 Tennisschläger 2023,L2,4550468409366,194.9,299.9,299.9,€,out_of_stock,https://www.tennis-heine.de/yonex-vcore-98-tennisschlaeger-2023-3947?c=12
Tennis-Heine,2026-07-16 19:03:19,rackets,unisex,Dunlop,Dunlop FX 500 Lite 2023 Tennisschläger,L2,0045566179753,110.0,199.95,199.95,€,in_stock,https://www.tennis-heine.de/dunlop-fx-500-lite-2023-tennisschlaeger-3856?c=12
Tennis-Heine,2026-07-16 19:03:20,rackets,unisex,Dunlop,Dunlop FX 500 LS 2023 Tennisschläger,L2,0045566179715,129.9,209.95,209.95,€,in_stock,https://www.tennis-heine.de/dunlop-fx-500-ls-2023-tennisschlaeger-3854?c=12
Tennis-Heine,2026-07-16 19:03:20,rackets,unisex,Head,Head Gravity Team L 2023 Tennisschläger,L2,724794629321,119.5,230.0,230.0,€,in_stock,https://www.tennis-heine.de/head-gravity-team-l-2023-tennisschlaeger-4074?c=12
Tennis-Heine,2026-07-16 19:03:29,rackets,unisex,Dunlop,Dunlop FX Team 285 Tennisschläger,L3,0045566179999,104.9,119.95,119.95,€,out_of_stock,https://www.tennis-heine.de/dunlop-fx-team-285-tennisschlaeger-4000?c=12
Tennis-Heine,2026-07-16 19:03:29,rackets,unisex,Dunlop,Dunlop FX Team 285 Tennisschläger,L2,0045566179982,104.9,119.95,119.95,€,out_of_stock,https://www.tennis-heine.de/dunlop-fx-team-285-tennisschlaeger-4000?c=12
Tennis-Heine,2026-07-16 19:03:31,rackets,unisex,Dunlop,Dunlop SX Team 260 Tennisschläger,L2,0045566179111,84.9,109.95,109.95,€,in_stock,https://www.tennis-heine.de/dunlop-sx-team-260-tennisschlaeger-4001?c=12
Tennis-Heine,2026-07-16 19:03:31,rackets,unisex,Wilson,Wilson Pro Staff Team V14.0 Tennisschläger,L3,097512692243,109.5,180.0,180.0,€,out_of_stock,https://www.tennis-heine.de/wilson-pro-staff-team-v14.0-tennisschlaeger-3871?c=12
Tennis-Heine,2026-07-16 19:03:31,rackets,unisex,Wilson,Wilson Pro Staff 97L V14.0 Tennisschläger,L3,097512684040,143.0,280.0,280.0,€,out_of_stock,https://www.tennis-heine.de/wilson-pro-staff-97l-v14.0-tennisschlaeger-3869?c=12
Tennis-Heine,2026-07-16 19:03:32,rackets,unisex,Wilson,Wilson Pro Staff X V14 Tennisschläger,L3,,149.0,300.0,300.0,€,in_stock,https://www.tennis-heine.de/wilson-pro-staff-x-v14-tennisschlaeger-4963?c=12
Tennis-Heine,2026-07-16 19:03:32,rackets,unisex,Wilson,Wilson Pro Staff 97 UL V14.0 Tennisschläger,L3,097512690508,124.8,250.0,250.0,€,out_of_stock,https://www.tennis-heine.de/wilson-pro-staff-97-ul-v14.0-tennisschlaeger-3870?c=12
Tennis-Heine,2026-07-16 19:03:32,rackets,unisex,Wilson,Wilson Pro Staff 97 UL V14.0 Tennisschläger,L2,097512690492,124.8,250.0,250.0,€,out_of_stock,https://www.tennis-heine.de/wilson-pro-staff-97-ul-v14.0-tennisschlaeger-3870?c=12
Tennis-Heine,2026-07-16 19:03:33,rackets,unisex,Wilson,Wilson Pro Staff 97L V14.0 Tennisschläger,L2,097512684026,143.0,280.0,280.0,€,in_stock,https://www.tennis-heine.de/wilson-pro-staff-97l-v14.0-tennisschlaeger-3869?c=12
Tennis-Heine,2026-07-16 19:03:33,rackets,unisex,Wilson,Wilson Pro Staff Team V14.0 Tennisschläger,L2,097512692212,109.5,180.0,180.0,€,out_of_stock,https://www.tennis-heine.de/wilson-pro-staff-team-v14.0-tennisschlaeger-3871?c=12
Tennis-Heine,2026-07-16 19:03:38,rackets,unisex,Wilson,Wilson Blade 100 V9 Tennisschläger,L2,0097512792288,179.0,270.0,270.0,€,out_of_stock,https://www.tennis-heine.de/wilson-blade-100-v9-tennisschlaeger-4234?c=12
Tennis-Heine,2026-07-16 19:03:38,rackets,unisex,Wilson,Wilson Blade 98 16x19 V9 Tennisschläger,L2,00097512791854,177.9,280.0,280.0,€,in_stock,https://www.tennis-heine.de/wilson-blade-98-16x19-v9-tennisschlaeger-4203?c=12
Tennis-Heine,2026-07-16 19:03:38,rackets,unisex,Wilson,Wilson Ultra Power 100 2024 Tennisschläger,L2,0097512729321,89.9,120.0,120.0,€,out_of_stock,https://www.tennis-heine.de/wilson-ultra-power-100-2024-tennisschlaeger-4236?c=12
Tennis-Heine,2026-07-16 19:03:39,rackets,unisex,Wilson,Wilson Blade 98 18x20 V9 Tennisschläger,L2,00097512791915,177.9,280.0,280.0,€,in_stock,https://www.tennis-heine.de/wilson-blade-98-18x20-v9-tennisschlaeger-4205?c=12
Tennis-Heine,2026-07-16 19:03:40,rackets,unisex,Yonex,Yonex Percept 100 Tennisschläger,L3,4550468627661,199.9,309.9,309.9,€,in_stock,https://www.tennis-heine.de/yonex-percept-100-tennisschlaeger-4109?c=12
Tennis-Heine,2026-07-16 19:03:40,rackets,unisex,Wilson,Wilson Shift 99L V1 285g Tennisschläger,L3,097512728096,134.9,250.0,250.0,€,in_stock,https://www.tennis-heine.de/wilson-shift-99l-v1-285g-tennisschlaeger-4114?c=12
Tennis-Heine,2026-07-16 19:03:41,rackets,unisex,Yonex,Yonex Percept 97L Tennisschläger,L3,4550468627791,189.9,299.9,299.9,€,out_of_stock,https://www.tennis-heine.de/yonex-percept-97l-tennisschlaeger-4112?c=12
Tennis-Heine,2026-07-16 19:03:41,rackets,unisex,Yonex,Yonex Percept 97 Tennisschläger,L3,4550468627821,199.5,309.9,309.9,€,in_stock,https://www.tennis-heine.de/yonex-percept-97-tennisschlaeger-4111?c=12
Tennis-Heine,2026-07-16 19:03:42,rackets,unisex,Yonex,Yonex Percept 97 Tennisschläger,L2,4550468627814,199.5,309.9,309.9,€,in_stock,https://www.tennis-heine.de/yonex-percept-97-tennisschlaeger-4111?c=12
Tennis-Heine,2026-07-16 19:03:43,rackets,unisex,Yonex,Yonex Percept 97L Tennisschläger,L2,4550468627784,189.9,299.9,299.9,€,out_of_stock,https://www.tennis-heine.de/yonex-percept-97l-tennisschlaeger-4112?c=12
Tennis-Heine,2026-07-16 19:03:43,rackets,unisex,Wilson,Wilson Shift 99L V1 285g Tennisschläger,L2,097512728058,134.9,250.0,250.0,€,in_stock,https://www.tennis-heine.de/wilson-shift-99l-v1-285g-tennisschlaeger-4114?c=12
Tennis-Heine,2026-07-16 19:03:44,rackets,unisex,Yonex,Yonex Percept 100 Tennisschläger,L2,4550468627654,199.9,309.9,309.9,€,in_stock,https://www.tennis-heine.de/yonex-percept-100-tennisschlaeger-4109?c=12
Tennis-Heine,2026-07-16 19:03:45,rackets,unisex,Yonex,Yonex Percept 100L Tennisschläger,L3,4550468627630,189.0,299.9,299.9,€,in_stock,https://www.tennis-heine.de/yonex-percept-100l-tennisschlaeger-4110?c=12
Tennis-Heine,2026-07-16 19:03:46,rackets,unisex,Yonex,Yonex Percept 100L Tennisschläger,L2,4550468627623,189.0,299.9,299.9,€,out_of_stock,https://www.tennis-heine.de/yonex-percept-100l-tennisschlaeger-4110?c=12
Tennis-Heine,2026-07-16 19:03:53,rackets,unisex,Head,Head Speed MP L 2024 Tennisschläger,L3,724794926253,159.9,250.0,250.0,€,out_of_stock,https://www.tennis-heine.de/head-speed-mp-l-2024-tennisschlaeger-4153?c=12
Tennis-Heine,2026-07-16 19:03:53,rackets,unisex,Head,Head Speed PWR 2024 Tennisschläger,L3,724794926420,127.85,280.0,290.0,€,in_stock,https://www.tennis-heine.de/head-speed-pwr-2024-tennisschlaeger-4155?c=12
Tennis-Heine,2026-07-16 19:03:53,rackets,unisex,Head,Head Speed Team 2024 Tennisschläger,L3,724794926376,129.7,250.0,250.0,€,in_stock,https://www.tennis-heine.de/head-speed-team-2024-tennisschlaeger-4154?c=12
Tennis-Heine,2026-07-16 19:03:54,rackets,unisex,Dunlop,Dunlop CX 200 2024 Tennisschläger,L3,0045566180889,147.0,259.99,259.99,€,out_of_stock,https://www.tennis-heine.de/dunlop-cx-200-2024-tennisschlaeger-4245?c=12
Tennis-Heine,2026-07-16 19:03:54,rackets,unisex,Dunlop,Dunlop CX 400 2024 Tennisschläger,L3,0045566181022,142.8,229.99,229.99,€,out_of_stock,https://www.tennis-heine.de/dunlop-cx-400-2024-tennisschlaeger-4246?c=12
Tennis-Heine,2026-07-16 19:03:55,rackets,unisex,Dunlop,Dunlop CX 200 LS 2024 Tennisschläger,L3,0045566180926,144.8,239.99,239.99,€,out_of_stock,https://www.tennis-heine.de/dunlop-cx-200-ls-2024-tennisschlaeger-4244?c=12
Tennis-Heine,2026-07-16 19:03:55,rackets,unisex,Dunlop,Dunlop CX 200 OS 2024 Tennisschläger,L3,0045566180957,138.8,229.99,229.99,€,out_of_stock,https://www.tennis-heine.de/dunlop-cx-200-os-2024-tennisschlaeger-4243?c=12
Tennis-Heine,2026-07-16 19:03:56,rackets,unisex,Dunlop,Dunlop CX 400 Tour 2024 Tennisschläger,L3,0045566180988,152.5,239.99,239.99,€,out_of_stock,https://www.tennis-heine.de/dunlop-cx-400-tour-2024-tennisschlaeger-4247?c=12
Tennis-Heine,2026-07-16 19:03:56,rackets,unisex,Head,Head Speed MP 2024 Tennisschläger,L3,724794926130,159.9,280.0,280.0,€,out_of_stock,https://www.tennis-heine.de/head-speed-mp-2024-tennisschlaeger-4152?c=12
Tennis-Heine,2026-07-16 19:03:57,rackets,unisex,Head,Head Speed MP 2024 Tennisschläger,L2,724794926123,159.9,280.0,280.0,€,in_stock,https://www.tennis-heine.de/head-speed-mp-2024-tennisschlaeger-4152?c=12
Tennis-Heine,2026-07-16 19:03:57,rackets,unisex,Dunlop,Dunlop CX 400 Tour 2024 Tennisschläger,L2,0045566180971,152.5,239.99,239.99,€,out_of_stock,https://www.tennis-heine.de/dunlop-cx-400-tour-2024-tennisschlaeger-4247?c=12
Tennis-Heine,2026-07-16 19:03:58,rackets,unisex,Dunlop,Dunlop CX 200 OS 2024 Tennisschläger,L2,0045566180940,138.8,229.99,229.99,€,in_stock,https://www.tennis-heine.de/dunlop-cx-200-os-2024-tennisschlaeger-4243?c=12
Tennis-Heine,2026-07-16 19:03:58,rackets,unisex,Dunlop,Dunlop CX 200 LS 2024 Tennisschläger,L2,0045566180919,144.8,239.99,239.99,€,in_stock,https://www.tennis-heine.de/dunlop-cx-200-ls-2024-tennisschlaeger-4244?c=12
Tennis-Heine,2026-07-16 19:03:59,rackets,unisex,Dunlop,Dunlop CX 400 2024 Tennisschläger,L2,0045566181015,142.8,229.99,229.99,€,in_stock,https://www.tennis-heine.de/dunlop-cx-400-2024-tennisschlaeger-4246?c=12
Tennis-Heine,2026-07-16 19:04:00,rackets,unisex,Dunlop,Dunlop CX 200 2024 Tennisschläger,L2,0045566180872,147.0,259.99,259.99,€,out_of_stock,https://www.tennis-heine.de/dunlop-cx-200-2024-tennisschlaeger-4245?c=12
Tennis-Heine,2026-07-16 19:04:00,rackets,unisex,Head,Head Speed Team 2024 Tennisschläger,L2,724794926369,129.7,250.0,250.0,€,in_stock,https://www.tennis-heine.de/head-speed-team-2024-tennisschlaeger-4154?c=12
Tennis-Heine,2026-07-16 19:04:01,rackets,unisex,Head,Head Speed PWR 2024 Tennisschläger,L2,724794926413,127.85,280.0,290.0,€,in_stock,https://www.tennis-heine.de/head-speed-pwr-2024-tennisschlaeger-4155?c=12
Tennis-Heine,2026-07-16 19:04:02,rackets,unisex,Head,Head Speed MP L 2024 Tennisschläger,L2,724794926246,159.9,250.0,250.0,€,in_stock,https://www.tennis-heine.de/head-speed-mp-l-2024-tennisschlaeger-4153?c=12
Tennis-Heine,2026-07-16 19:04:06,rackets,unisex,Wilson,Wilson Shift 99 V1 Session Soire RG Tennisschläger,L2,0097512795616,157.0,270.0,270.0,€,out_of_stock,https://www.tennis-heine.de/wilson-shift-99-v1-session-soire-rg-tennisschlaeger-4238?c=12
Tennis-Heine,2026-07-16 19:04:07,rackets,unisex,Head,Head Boom MP 2024 Tennisschläger,L2,724794924969,129.0,260.0,260.0,€,out_of_stock,https://www.tennis-heine.de/head-boom-mp-2024-tennisschlaeger-4172?c=12
Tennis-Heine,2026-07-16 19:04:07,rackets,unisex,Head,Head Boom Team 2024 Tennisschläger,L2,724794925201,124.9,230.0,230.0,€,out_of_stock,https://www.tennis-heine.de/head-boom-team-2024-tennisschlaeger-4174?c=12
Tennis-Heine,2026-07-16 19:04:08,rackets,unisex,Head,Head IG Challenge Team (mint)Tennisschläger,L2,724794890356,82.5,130.0,130.0,€,out_of_stock,https://www.tennis-heine.de/head-ig-challenge-team-mint-tennisschlaeger-4170?c=12
Tennis-Heine,2026-07-16 19:04:08,rackets,unisex,Head,Head Speed Pro 2024 Tennisschläger,L3,724794926031,120.5,300.0,300.0,€,in_stock,https://www.tennis-heine.de/head-speed-pro-2024-tennisschlaeger-4151?c=12
Tennis-Heine,2026-07-16 19:04:09,rackets,unisex,Wilson,Wilson Blade 100UL V9 Tennisschläger,L3,0097512795845,146.5,230.0,230.0,€,out_of_stock,https://www.tennis-heine.de/wilson-blade-100ul-v9-tennisschlaeger-4231?c=12
Tennis-Heine,2026-07-16 19:04:09,rackets,unisex,Wilson,Wilson Blade 100UL V9 Tennisschläger,L2,0097512795852,146.5,230.0,230.0,€,out_of_stock,https://www.tennis-heine.de/wilson-blade-100ul-v9-tennisschlaeger-4231?c=12
Tennis-Heine,2026-07-16 19:04:10,rackets,unisex,Wilson,Wilson Blade 104 V9 Tennisschläger,L3,0097512791977,149.9,250.0,250.0,€,out_of_stock,https://www.tennis-heine.de/wilson-blade-104-v9-tennisschlaeger-4232?c=12
Tennis-Heine,2026-07-16 19:04:11,rackets,unisex,Wilson,Wilson Blade 104 V9 Tennisschläger,L2,0097512791946,149.9,250.0,250.0,€,in_stock,https://www.tennis-heine.de/wilson-blade-104-v9-tennisschlaeger-4232?c=12
Tennis-Heine,2026-07-16 19:04:11,rackets,unisex,Head,Head Speed Pro 2024 Tennisschläger,L2,724794926024,120.5,300.0,300.0,€,in_stock,https://www.tennis-heine.de/head-speed-pro-2024-tennisschlaeger-4151?c=12
Tennis-Heine,2026-07-16 19:04:12,rackets,unisex,Head,Head Boom Team L 2024 Tennisschläger,L2,724794925263,119.9,210.0,210.0,€,out_of_stock,https://www.tennis-heine.de/head-boom-team-l-2024-tennisschlaeger-4175?c=12
Tennis-Heine,2026-07-16 19:04:13,rackets,unisex,Head,Head Boom MP L 2024 Tennisschläger,L2,724794925089,129.9,230.0,230.0,€,in_stock,https://www.tennis-heine.de/head-boom-mp-l-2024-tennisschlaeger-4177?c=12
Tennis-Heine,2026-07-16 19:04:25,rackets,unisex,Wilson,Wilson RF 01 Pro Tennisschläger,L2,097512849708,178.9,300.0,300.0,€,out_of_stock,https://www.tennis-heine.de/wilson-rf-01-pro-tennisschlaeger-4387?c=12
Tennis-Heine,2026-07-16 19:04:25,rackets,unisex,Wilson,Wilson RF 01 Tennisschläger,L2,097512849715,173.9,280.0,280.0,€,in_stock,https://www.tennis-heine.de/wilson-rf-01-tennisschlaeger-4386?c=12
Tennis-Heine,2026-07-16 19:04:26,rackets,unisex,Head,Head Boom Pro 2024 Tennisschläger,L3,724794924853,119.8,280.0,280.0,€,in_stock,https://www.tennis-heine.de/head-boom-pro-2024-tennisschlaeger-4171?c=12
Tennis-Heine,2026-07-16 19:04:26,rackets,unisex,Head,Head Boom MP 2024 Alternate Tennisschläger,L3,724794925690,139.9,260.0,260.0,€,in_stock,https://www.tennis-heine.de/head-boom-mp-2024-alternate-tennisschlaeger-4173?c=12
Tennis-Heine,2026-07-16 19:04:27,rackets,unisex,Head,Head Boom MP 2024 Alternate Tennisschläger,L2,724794925683,139.9,260.0,260.0,€,in_stock,https://www.tennis-heine.de/head-boom-mp-2024-alternate-tennisschlaeger-4173?c=12
Tennis-Heine,2026-07-16 19:04:27,rackets,unisex,Yonex,Yonex VCore 98L Tennisschläger 2023,L3,4550468409267,194.9,289.9,289.9,€,in_stock,https://www.tennis-heine.de/yonex-vcore-98l-tennisschlaeger-2023-4297?c=12
Tennis-Heine,2026-07-16 19:04:27,rackets,unisex,Head,Head Speed MP Legend Tennisschläger,L3,726423205388,199.0,280.0,280.0,€,in_stock,https://www.tennis-heine.de/head-speed-mp-legend-tennisschlaeger-4339?c=12
Tennis-Heine,2026-07-16 19:04:28,rackets,unisex,Head,Head Speed MP Legend Tennisschläger,L2,726423205371,199.0,280.0,280.0,€,out_of_stock,https://www.tennis-heine.de/head-speed-mp-legend-tennisschlaeger-4339?c=12
Tennis-Heine,2026-07-16 19:04:28,rackets,unisex,Yonex,Yonex VCore 98L Tennisschläger 2023,L2,4550468409250,194.9,289.9,289.9,€,out_of_stock,https://www.tennis-heine.de/yonex-vcore-98l-tennisschlaeger-2023-4297?c=12
Tennis-Heine,2026-07-16 19:04:29,rackets,unisex,Head,Head Boom Pro 2024 Tennisschläger,L2,724794924846,119.8,280.0,280.0,€,in_stock,https://www.tennis-heine.de/head-boom-pro-2024-tennisschlaeger-4171?c=12
Tennis-Heine,2026-07-16 19:04:29,rackets,unisex,Head,Head Extreme Pro 2024 Tennisschläger,L3,726423218029,134.9,260.0,260.0,€,in_stock,https://www.tennis-heine.de/head-extreme-pro-2024-tennisschlaeger-4366?c=12
Tennis-Heine,2026-07-16 19:04:30,rackets,unisex,Head,Head Extreme Pro 2024 Tennisschläger,L2,726423218012,134.9,260.0,260.0,€,in_stock,https://www.tennis-heine.de/head-extreme-pro-2024-tennisschlaeger-4366?c=12
Tennis-Heine,2026-07-16 19:04:37,rackets,unisex,Head,Head Extreme MP 2024 Tennisschläger,L3,726423218128,139.9,260.0,260.0,€,in_stock,https://www.tennis-heine.de/head-extreme-mp-2024-tennisschlaeger-4365?c=12
Tennis-Heine,2026-07-16 19:04:37,rackets,unisex,Head,Head Extreme MP L 2024 Tennisschläger,L3,726423218241,144.9,230.0,230.0,€,in_stock,https://www.tennis-heine.de/head-extreme-mp-l-2024-tennisschlaeger-4367?c=12
Tennis-Heine,2026-07-16 19:04:38,rackets,unisex,Head,Head Extreme MP L 2024 Tennisschläger,L2,726423218234,144.9,230.0,230.0,€,in_stock,https://www.tennis-heine.de/head-extreme-mp-l-2024-tennisschlaeger-4367?c=12
Tennis-Heine,2026-07-16 19:04:38,rackets,unisex,Head,Head Extreme MP 2024 Tennisschläger,L2,726423218111,139.9,260.0,260.0,€,in_stock,https://www.tennis-heine.de/head-extreme-mp-2024-tennisschlaeger-4365?c=12
Tennis-Heine,2026-07-16 19:04:38,rackets,unisex,Head,Head Extreme Elite 2024 Tennisschläger,L3,726423218616,104.9,160.0,160.0,€,out_of_stock,https://www.tennis-heine.de/head-extreme-elite-2024-tennisschlaeger-4377?c=12
Tennis-Heine,2026-07-16 19:04:39,rackets,unisex,Head,Head Extreme Team 2024 Tennisschläger,L3,726423218364,129.9,230.0,230.0,€,in_stock,https://www.tennis-heine.de/head-extreme-team-2024-tennisschlaeger-4376?c=12
Tennis-Heine,2026-07-16 19:04:39,rackets,unisex,Head,Head Extreme Team 2024 Tennisschläger,L2,726423218357,129.9,230.0,230.0,€,in_stock,https://www.tennis-heine.de/head-extreme-team-2024-tennisschlaeger-4376?c=12
Tennis-Heine,2026-07-16 19:04:40,rackets,unisex,Head,Head Extreme Elite 2024 Tennisschläger,L2,726423218609,104.9,160.0,160.0,€,in_stock,https://www.tennis-heine.de/head-extreme-elite-2024-tennisschlaeger-4377?c=12
Tennis-Heine,2026-07-16 19:04:48,rackets,unisex,Head,Head Gravity Team 2025 Tennisschläger,L2,726423385806,152.9,250.0,250.0,€,in_stock,https://www.tennis-heine.de/head-gravity-team-2025-tennisschlaeger-4481?c=12
Tennis-Heine,2026-07-16 19:04:50,rackets,unisex,Wilson,Wilson RF 01 Future Tennisschläger,L3,097512849654,168.9,260.0,260.0,€,in_stock,https://www.tennis-heine.de/wilson-rf-01-future-tennisschlaeger-4385?c=12
Tennis-Heine,2026-07-16 19:04:50,rackets,unisex,Wilson,Wilson RF 01 Future Tennisschläger,L2,097512849678,168.9,260.0,260.0,€,in_stock,https://www.tennis-heine.de/wilson-rf-01-future-tennisschlaeger-4385?c=12
Tennis-Heine,2026-07-16 19:04:53,rackets,unisex,Dunlop,Dunlop SX 300 Lite Tennisschläger 2025,L3,0045566182746,119.5,209.99,209.95,€,in_stock,https://www.tennis-heine.de/dunlop-sx-300-lite-tennisschlaeger-2025-4515?c=12
Tennis-Heine,2026-07-16 19:04:54,rackets,unisex,Dunlop,Dunlop SX 300 Lite Tennisschläger 2025,L2,0045566182739,119.5,209.99,209.95,€,in_stock,https://www.tennis-heine.de/dunlop-sx-300-lite-tennisschlaeger-2025-4515?c=12
Tennis-Heine,2026-07-16 19:04:55,rackets,unisex,Dunlop,Dunlop SX 300 LS Tennisschläger 2025,L3,0045566182708,142.0,229.99,229.99,€,out_of_stock,https://www.tennis-heine.de/dunlop-sx-300-ls-tennisschlaeger-2025-4514?c=12
Tennis-Heine,2026-07-16 19:04:56,rackets,unisex,Dunlop,Dunlop SX 300 LS Tennisschläger 2025,L2,0045566182692,142.0,229.99,229.99,€,out_of_stock,https://www.tennis-heine.de/dunlop-sx-300-ls-tennisschlaeger-2025-4514?c=12
Tennis-Heine,2026-07-16 19:04:57,rackets,unisex,Wilson,Wilson Clash 100 Pro V3.0 Tennisschläger,L3,0097512892230,159.9,250.0,250.0,€,in_stock,https://www.tennis-heine.de/wilson-clash-100-pro-v3.0-tennisschlaeger-4498?c=12
Tennis-Heine,2026-07-16 19:04:57,rackets,unisex,Wilson,Wilson Clash 100 Pro V3.0 Tennisschläger,L2,0097512892223,159.9,250.0,250.0,€,in_stock,https://www.tennis-heine.de/wilson-clash-100-pro-v3.0-tennisschlaeger-4498?c=12
Tennis-Heine,2026-07-16 19:05:00,rackets,unisex,Head,Head Gravity MP 2025 Tennisschläger,L2,726423385561,177.9,280.0,280.0,€,in_stock,https://www.tennis-heine.de/head-gravity-mp-2025-tennisschlaeger-4478?c=12
Tennis-Heine,2026-07-16 19:05:06,rackets,unisex,Yonex,Yonex Ezone 98 Blast Blue 2025 Tennisschläger,L3,4550468976219,224.9,279.9,279.9,€,in_stock,https://www.tennis-heine.de/yonex-ezone-98-blast-blue-2025-tennisschlaeger-4590?c=12
Tennis-Heine,2026-07-16 19:05:06,rackets,unisex,Wilson,Wilson Clash Team 103 V3.0 Tennisschläger,L3,097512893374,106.5,170.0,170.0,€,out_of_stock,https://www.tennis-heine.de/wilson-clash-team-103-v3.0-tennisschlaeger-4545?c=12
Tennis-Heine,2026-07-16 19:05:07,rackets,unisex,Head,Head Gravity Tour 98 2025 Tennisschläger,L3,726423385479,175.0,280.0,280.0,€,in_stock,https://www.tennis-heine.de/head-gravity-tour-98-2025-tennisschlaeger-4477?c=12
Tennis-Heine,2026-07-16 19:05:07,rackets,unisex,Head,Head Gravity Tour 98 2025 Tennisschläger,L2,726423385462,175.0,280.0,280.0,€,in_stock,https://www.tennis-heine.de/head-gravity-tour-98-2025-tennisschlaeger-4477?c=12
Tennis-Heine,2026-07-16 19:05:08,rackets,unisex,Wilson,Wilson Clash Team 103 V3.0 Tennisschläger,L2,097512893411,106.5,170.0,170.0,€,in_stock,https://www.tennis-heine.de/wilson-clash-team-103-v3.0-tennisschlaeger-4545?c=12
Tennis-Heine,2026-07-16 19:05:08,rackets,unisex,Yonex,Yonex Ezone 100 Blast Blue 2025 Tennisschläger,L3,4550468976011,224.5,279.9,279.9,€,out_of_stock,https://www.tennis-heine.de/yonex-ezone-100-blast-blue-2025-tennisschlaeger-4589?c=12
Tennis-Heine,2026-07-16 19:05:08,rackets,unisex,Wilson,Wilson Intrigue SE pink Tennisschläger,L2,097512852616,99.84,140.0,140.0,€,out_of_stock,https://www.tennis-heine.de/wilson-intrigue-se-pink-tennisschlaeger-4546?c=12
Tennis-Heine,2026-07-16 19:05:09,rackets,unisex,Yonex,Yonex Ezone 100 Blast Blue 2025 Tennisschläger,L2,4550468976004,224.5,279.9,279.9,€,in_stock,https://www.tennis-heine.de/yonex-ezone-100-blast-blue-2025-tennisschlaeger-4589?c=12
Tennis-Heine,2026-07-16 19:05:09,rackets,unisex,Wilson,Wilson Clash 100L V3.0 Tennisschläger,L3,0097512893572,139.95,230.0,230.0,€,out_of_stock,https://www.tennis-heine.de/wilson-clash-100l-v3.0-tennisschlaeger-4500?c=12
Tennis-Heine,2026-07-16 19:05:10,rackets,unisex,Wilson,Wilson Clash 100L V3.0 Tennisschläger,L2,0097512893602,139.95,230.0,230.0,€,in_stock,https://www.tennis-heine.de/wilson-clash-100l-v3.0-tennisschlaeger-4500?c=12
Tennis-Heine,2026-07-16 19:05:10,rackets,unisex,Yonex,Yonex Ezone 98 Blast Blue 2025 Tennisschläger,L2,4550468976202,224.9,279.9,279.9,€,in_stock,https://www.tennis-heine.de/yonex-ezone-98-blast-blue-2025-tennisschlaeger-4590?c=12
Tennis-Heine,2026-07-16 19:05:19,rackets,unisex,Head,Head Gravity MP L 2025 Tennisschläger,L3,726423385691,157.9,250.0,250.0,€,out_of_stock,https://www.tennis-heine.de/head-gravity-mp-l-2025-tennisschlaeger-4480?c=12
Tennis-Heine,2026-07-16 19:05:20,rackets,unisex,Yonex,Yonex Ezone 100SL Blast Blue 2025 Tennisschläger,L3,4550468975984,189.9,249.9,249.9,€,out_of_stock,https://www.tennis-heine.de/yonex-ezone-100sl-blast-blue-2025-tennisschlaeger-4767?c=12
Tennis-Heine,2026-07-16 19:05:20,rackets,unisex,Yonex,Yonex Ezone 100SL Blast Blue 2025 Tennisschläger,L2,4550468975977,189.9,249.9,249.9,€,out_of_stock,https://www.tennis-heine.de/yonex-ezone-100sl-blast-blue-2025-tennisschlaeger-4767?c=12
Tennis-Heine,2026-07-16 19:05:20,rackets,unisex,Head,Head Gravity MP L 2025 Tennisschläger,L2,726423385684,157.9,250.0,250.0,€,in_stock,https://www.tennis-heine.de/head-gravity-mp-l-2025-tennisschlaeger-4480?c=12
Tennis-Heine,2026-07-16 19:05:21,rackets,unisex,Yonex,Yonex Ezone ACE Blast Blue Tennisschläger,L2,4550675057060,124.9,149.9,149.9,€,out_of_stock,https://www.tennis-heine.de/yonex-ezone-ace-blast-blue-tennisschlaeger-4595?c=12
Tennis-Heine,2026-07-16 19:05:21,rackets,unisex,Head,Head Instinct PWR 115 2025 Tennisschläger,L3,726423348825,119.9,190.0,190.0,€,out_of_stock,https://www.tennis-heine.de/head-instinct-pwr-115-2025-tennisschlaeger-4701?c=12
Tennis-Heine,2026-07-16 19:05:22,rackets,unisex,Head,Head Speed MP 2026 Tennisschläger,L3,198772135201,169.9,280.0,280.0,€,in_stock,https://www.tennis-heine.de/head-speed-mp-2026-tennisschlaeger-4995?c=12
Tennis-Heine,2026-07-16 19:05:22,rackets,unisex,Head,Head Speed Tour 2026 Tennisschläger,L3,198772135102,184.9,280.0,280.0,€,in_stock,https://www.tennis-heine.de/head-speed-tour-2026-tennisschlaeger-4996?c=12
Tennis-Heine,2026-07-16 19:05:22,rackets,unisex,Head,Head Instinct Team L 2025 Tennisschläger,L3,726423348627,99.0,140.0,140.0,€,out_of_stock,https://www.tennis-heine.de/head-instinct-team-l-2025-tennisschlaeger-4622?c=12
Tennis-Heine,2026-07-16 19:05:23,rackets,unisex,Head,Head Instinct Team L 2025 Tennisschläger,L2,726423348610,99.0,140.0,140.0,€,in_stock,https://www.tennis-heine.de/head-instinct-team-l-2025-tennisschlaeger-4622?c=12
Tennis-Heine,2026-07-16 19:05:24,rackets,unisex,Head,Head Speed Tour 2026 Tennisschläger,L2,198772135096,184.9,280.0,280.0,€,in_stock,https://www.tennis-heine.de/head-speed-tour-2026-tennisschlaeger-4996?c=12
Tennis-Heine,2026-07-16 19:05:24,rackets,unisex,Head,Head Speed MP 2026 Tennisschläger,L2,198772135195,169.9,280.0,280.0,€,in_stock,https://www.tennis-heine.de/head-speed-mp-2026-tennisschlaeger-4995?c=12
Tennis-Heine,2026-07-16 19:05:25,rackets,unisex,Head,Head Instinct PWR 115 2025 Tennisschläger,L2,726423348818,119.9,190.0,190.0,€,out_of_stock,https://www.tennis-heine.de/head-instinct-pwr-115-2025-tennisschlaeger-4701?c=12
Tennis-Heine,2026-07-16 19:05:32,rackets,unisex,Wilson,Wilson Roland Garros Team 102 2025 Tennisschläger,L3,097512862714,98.8,145.0,145.0,€,out_of_stock,https://www.tennis-heine.de/wilson-roland-garros-team-102-2025-tennisschlaeger-4654?c=12
Tennis-Heine,2026-07-16 19:05:32,rackets,unisex,Wilson,Wilson Roland Garros Team 102 2025 Tennisschläger,L2,097512862691,98.8,145.0,145.0,€,out_of_stock,https://www.tennis-heine.de/wilson-roland-garros-team-102-2025-tennisschlaeger-4654?c=12
Tennis-Heine,2026-07-16 19:05:33,rackets,unisex,Head,Head Radical Team L 2025 Tennisschläger,L3,726423385158,143.9,230.0,230.0,€,out_of_stock,https://www.tennis-heine.de/head-radical-team-l-2025-tennisschlaeger-4485?c=12
Tennis-Heine,2026-07-16 19:05:33,rackets,unisex,Wilson,Wilson Blade 98 16x19 V9 Roland Garros Tennisschläger,L3,097512892186,177.5,280.0,280.0,€,out_of_stock,https://www.tennis-heine.de/wilson-blade-98-16x19-v9-roland-garros-tennisschlaeger-4519?c=12
Tennis-Heine,2026-07-16 19:05:33,rackets,unisex,Wilson,Wilson RF 01 Future Lite Tennisschläger,L2,097512852982,144.85,240.0,240.0,€,in_stock,https://www.tennis-heine.de/wilson-rf-01-future-lite-tennisschlaeger-4740?c=12
Tennis-Heine,2026-07-16 19:05:34,rackets,unisex,Wilson,Wilson Blade 98 16x19 V9 Roland Garros Tennisschläger,L2,097512892179,177.5,280.0,280.0,€,out_of_stock,https://www.tennis-heine.de/wilson-blade-98-16x19-v9-roland-garros-tennisschlaeger-4519?c=12
Tennis-Heine,2026-07-16 19:05:34,rackets,unisex,Head,Head Radical Team L 2025 Tennisschläger,L2,726423385141,143.9,230.0,230.0,€,in_stock,https://www.tennis-heine.de/head-radical-team-l-2025-tennisschlaeger-4485?c=12
Tennis-Heine,2026-07-16 19:05:47,strings,unisex,Head,Head Sonic Pro 200m weiß Saitenrolle,1.25 mm,724794848142,54.9,100.0,,€,in_stock,https://www.tennis-heine.de/head-sonic-pro-200m-weiss-saitenrolle-166?c=8
Tennis-Heine,2026-07-16 19:05:49,strings,unisex,Head,Head Rip Control 200m natur Saitenrolle,1.25 mm,724794484265,94.9,160.0,,€,in_stock,https://www.tennis-heine.de/head-rip-control-200m-natur-saitenrolle-230?c=8
Tennis-Heine,2026-07-16 19:05:51,rackets,unisex,Head,Head Radical Elite 2025 Tennisschläger,L3,724794766620,104.98,170.0,170.0,€,out_of_stock,https://www.tennis-heine.de/head-radical-elite-2025-tennisschlaeger-4764?c=12
Tennis-Heine,2026-07-16 19:05:51,rackets,unisex,Head,Head Radical Elite 2025 Tennisschläger,L2,724794766613,104.98,170.0,170.0,€,out_of_stock,https://www.tennis-heine.de/head-radical-elite-2025-tennisschlaeger-4764?c=12
Tennis-Heine,2026-07-16 19:05:53,rackets,unisex,Wilson,Wilson Ultra 99 Pro V5 Tennisschläger,L3,097512932080,164.9,260.0,260.0,€,in_stock,https://www.tennis-heine.de/wilson-ultra-99-pro-v5-tennisschlaeger-4789?c=12
Tennis-Heine,2026-07-16 19:05:53,rackets,unisex,Wilson,Wilson Ultra 99 Pro V5 Tennisschläger,L2,097512932097,164.9,260.0,260.0,€,in_stock,https://www.tennis-heine.de/wilson-ultra-99-pro-v5-tennisschlaeger-4789?c=12
Tennis-Heine,2026-07-16 19:05:53,rackets,unisex,Wilson,Wilson Ultra 100UL V5 Tennisschläger,L3,097512941990,129.8,200.0,200.0,€,out_of_stock,https://www.tennis-heine.de/wilson-ultra-100ul-v5-tennisschlaeger-4795?c=12
Tennis-Heine,2026-07-16 19:05:54,rackets,unisex,Wilson,Wilson Ultra 100UL V5 Tennisschläger,L2,097512942003,129.8,200.0,200.0,€,in_stock,https://www.tennis-heine.de/wilson-ultra-100ul-v5-tennisschlaeger-4795?c=12
Tennis-Heine,2026-07-16 19:05:58,rackets,unisex,Wilson,Wilson Ultra 100L V5 Tennisschläger,L3,097512931984,143.5,220.0,220.0,€,in_stock,https://www.tennis-heine.de/wilson-ultra-100l-v5-tennisschlaeger-4791?c=12
Tennis-Heine,2026-07-16 19:05:58,rackets,unisex,Wilson,Wilson Ultra 100L V5 Tennisschläger,L2,097512931953,143.5,220.0,220.0,€,in_stock,https://www.tennis-heine.de/wilson-ultra-100l-v5-tennisschlaeger-4791?c=12
Tennis-Heine,2026-07-16 19:06:01,rackets,unisex,Wilson,Wilson Ultra 100 V5 Tennisschläger,L3,097512932035,154.9,240.0,240.0,€,in_stock,https://www.tennis-heine.de/wilson-ultra-100-v5-tennisschlaeger-4790?c=12
Tennis-Heine,2026-07-16 19:06:01,rackets,unisex,Wilson,Wilson Ultra 100 V5 Tennisschläger,L2,097512932028,154.9,240.0,240.0,€,in_stock,https://www.tennis-heine.de/wilson-ultra-100-v5-tennisschlaeger-4790?c=12
Tennis-Heine,2026-07-16 19:06:02,strings,unisex,Luxilon,Luxilon 4G 200m Saitenrolle,1.25 mm,883813850990,199.0,350.0,,€,in_stock,https://www.tennis-heine.de/luxilon-4g-200m-saitenrolle-555?c=8
Tennis-Heine,2026-07-16 19:06:11,strings,unisex,Wilson,Wilson Revolve Saitenrolle weiß 200m,1.25 mm,887768318024,101.8,170.0,,€,in_stock,https://www.tennis-heine.de/wilson-revolve-saitenrolle-weiss-200m-47?c=8
Tennis-Heine,2026-07-16 19:06:11,strings,unisex,Wilson,Wilson Revolve Saitenrolle orange 200m,1.25 mm,887768318024,101.8,170.0,,€,in_stock,https://www.tennis-heine.de/wilson-revolve-saitenrolle-orange-200m-56?c=8
Tennis-Heine,2026-07-16 19:06:11,strings,unisex,Wilson,Wilson Revolve Spin Saitenrolle grün 200m,1.25 mm,887768515393,99.7,180.0,,€,in_stock,https://www.tennis-heine.de/wilson-revolve-spin-saitenrolle-gruen-200m-1131?c=8
Tennis-Heine,2026-07-16 19:06:12,strings,unisex,Wilson,Wilson Revolve Spin Saitenrolle schwarz 200m,1.25 mm,887768515409,107.5,180.0,,€,in_stock,https://www.tennis-heine.de/wilson-revolve-spin-saitenrolle-schwarz-200m-1366?c=8
Tennis-Heine,2026-07-16 19:06:13,rackets,unisex,Head,Head Boom MP L Neon 2025 Tennisschläger,L3,198772103705,135.8,230.0,230.0,€,in_stock,https://www.tennis-heine.de/head-boom-mp-l-neon-2025-tennisschlaeger-4830?c=12
Tennis-Heine,2026-07-16 19:06:14,rackets,unisex,Yonex,Yonex Percept 100 Tennisschläger midnight navy,L3,4550675268619,219.0,309.9,309.9,€,in_stock,https://www.tennis-heine.de/yonex-percept-100-tennisschlaeger-midnight-navy-4840?c=12
Tennis-Heine,2026-07-16 19:06:14,rackets,unisex,Head,Head Boom MP Neon 2025 Tennisschläger,L3,198772103583,129.84,260.0,260.0,€,out_of_stock,https://www.tennis-heine.de/head-boom-mp-neon-2025-tennisschlaeger-4829?c=12
Tennis-Heine,2026-07-16 19:06:14,rackets,unisex,Yonex,Yonex Percept 100L midnight navy Tennisschläger,L3,4550675268565,209.9,299.9,299.9,€,in_stock,https://www.tennis-heine.de/yonex-percept-100l-midnight-navy-tennisschlaeger-4849?c=12
Tennis-Heine,2026-07-16 19:06:15,rackets,unisex,Yonex,Yonex Percept 100L midnight navy Tennisschläger,L2,4550675268558,209.9,299.9,299.9,€,in_stock,https://www.tennis-heine.de/yonex-percept-100l-midnight-navy-tennisschlaeger-4849?c=12
Tennis-Heine,2026-07-16 19:06:15,rackets,unisex,Head,Head Boom MP Neon 2025 Tennisschläger,L2,198772103576,129.84,260.0,260.0,€,in_stock,https://www.tennis-heine.de/head-boom-mp-neon-2025-tennisschlaeger-4829?c=12
Tennis-Heine,2026-07-16 19:06:16,rackets,unisex,Yonex,Yonex Percept 100 Tennisschläger midnight navy,L2,4550675268602,219.0,309.9,309.9,€,in_stock,https://www.tennis-heine.de/yonex-percept-100-tennisschlaeger-midnight-navy-4840?c=12
Tennis-Heine,2026-07-16 19:06:16,rackets,unisex,Head,Head Boom MP L Neon 2025 Tennisschläger,L2,198772103699,135.8,230.0,230.0,€,in_stock,https://www.tennis-heine.de/head-boom-mp-l-neon-2025-tennisschlaeger-4830?c=12
Tennis-Heine,2026-07-16 19:06:17,rackets,unisex,Yonex,Yonex Percept 97 Tennisschläger midnight navy,L3,4550675268770,199.9,309.9,309.9,€,in_stock,https://www.tennis-heine.de/yonex-percept-97-tennisschlaeger-midnight-navy-4839?c=12
Tennis-Heine,2026-07-16 19:06:17,rackets,unisex,Yonex,Yonex Percept 97 Tennisschläger midnight navy,L2,4550675268763,199.9,309.9,309.9,€,in_stock,https://www.tennis-heine.de/yonex-percept-97-tennisschlaeger-midnight-navy-4839?c=12
Tennis-Heine,2026-07-16 19:06:25,rackets,unisex,Yonex,Yonex Percept Game (270g) midnight navy Tennisschläger,L3,4550675322670,153.84,229.9,229.9,€,in_stock,https://www.tennis-heine.de/yonex-percept-game-270g-midnight-navy-tennisschlaeger-4871?c=12
Tennis-Heine,2026-07-16 19:06:25,rackets,unisex,Head,Head Speed MP Legend 2025 Tennisschläger,L3,198772121266,189.5,280.0,280.0,€,in_stock,https://www.tennis-heine.de/head-speed-mp-legend-2025-tennisschlaeger-4862?c=12
Tennis-Heine,2026-07-16 19:06:26,rackets,unisex,Head,Head Speed Pro Legend 2025 Tennisschläger,L3,198772121167,179.9,300.0,300.0,€,out_of_stock,https://www.tennis-heine.de/head-speed-pro-legend-2025-tennisschlaeger-4865?c=12
Tennis-Heine,2026-07-16 19:06:26,strings,unisex,Wilson,Wilson Revolve Saitenrolle schwarz 200m,1.25 mm,887768277727,98.8,170.0,,€,in_stock,https://www.tennis-heine.de/wilson-revolve-saitenrolle-schwarz-200m-707?c=8
Tennis-Heine,2026-07-16 19:06:26,rackets,unisex,Head,Head Speed Pro Legend 2025 Tennisschläger,L2,198772121150,179.9,300.0,300.0,€,in_stock,https://www.tennis-heine.de/head-speed-pro-legend-2025-tennisschlaeger-4865?c=12
Tennis-Heine,2026-07-16 19:06:27,rackets,unisex,Head,Head Speed MP Legend 2025 Tennisschläger,L2,198772121259,189.5,280.0,280.0,€,in_stock,https://www.tennis-heine.de/head-speed-mp-legend-2025-tennisschlaeger-4862?c=12
Tennis-Heine,2026-07-16 19:06:27,rackets,unisex,Yonex,Yonex Percept Game (270g) midnight navy Tennisschläger,L2,4550675322663,153.84,229.9,229.9,€,in_stock,https://www.tennis-heine.de/yonex-percept-game-270g-midnight-navy-tennisschlaeger-4871?c=12
Tennis-Heine,2026-07-16 19:06:28,strings,unisex,Head,Head Lynx gelb Saitenrolle 200m,1.25 mm,726423942337,72.5,150.0,,€,in_stock,https://www.tennis-heine.de/head-lynx-gelb-saitenrolle-200m-792?c=8
Tennis-Heine,2026-07-16 19:06:34,strings,unisex,Head,Head Lynx anthrazit Saitenrolle 200m,1.25 mm,726423942306,72.5,150.0,,€,in_stock,https://www.tennis-heine.de/head-lynx-anthrazit-saitenrolle-200m-637?c=8
Tennis-Heine,2026-07-16 19:06:34,strings,unisex,Head,Head Hawk weiß Saitenrolle 200m,1.25 mm,726423882398,119.0,200.0,,€,in_stock,https://www.tennis-heine.de/head-hawk-weiss-saitenrolle-200m-866?c=8
Tennis-Heine,2026-07-16 19:06:35,strings,unisex,Luxilon,Luxilon Element 200m Saitenrolle,1.25 mm,887768269586,154.9,270.0,,€,in_stock,https://www.tennis-heine.de/luxilon-element-200m-saitenrolle-607?c=8
Tennis-Heine,2026-07-16 19:06:36,strings,unisex,Head,Head Hawk grau 200m Saitenrolle,1.25 mm,726423882381,119.0,200.0,,€,in_stock,https://www.tennis-heine.de/head-hawk-grau-200m-saitenrolle-277?c=8
Tennis-Heine,2026-07-16 19:06:36,strings,unisex,Head,Head Hawk schwarz 200m Saitenrolle,1.25 mm,724794338575,119.0,200.0,,€,in_stock,https://www.tennis-heine.de/head-hawk-schwarz-200m-saitenrolle-3059?c=8
Tennis-Heine,2026-07-16 19:06:36,strings,unisex,Head,Head Lynx Rot Saitenrolle 200m,1.25 mm,726424460038,72.5,150.0,,€,out_of_stock,https://www.tennis-heine.de/head-lynx-rot-saitenrolle-200m-29?c=8
Tennis-Heine,2026-07-16 19:06:46,rackets,unisex,Dunlop,Dunlop FX 500 Tour 2026 Tennisschläger,L3,0045566185044,159.84,249.99,249.99,€,in_stock,https://www.tennis-heine.de/dunlop-fx-500-tour-2026-tennisschlaeger-4909?c=12
Tennis-Heine,2026-07-16 19:06:47,rackets,unisex,Dunlop,Dunlop FX 500 LS 2026 Tennisschläger,L3,0045566185129,146.5,229.99,229.99,€,in_stock,https://www.tennis-heine.de/dunlop-fx-500-ls-2026-tennisschlaeger-4910?c=12
Tennis-Heine,2026-07-16 19:06:47,strings,unisex,Head,Head Rip Control Saitenrolle 200m schwarz,1.25 mm,724794523629,94.9,160.0,,€,out_of_stock,https://www.tennis-heine.de/head-rip-control-saitenrolle-200m-schwarz-612?c=8
Tennis-Heine,2026-07-16 19:06:47,strings,unisex,Yonex,Yonex Poly Tour Pro Saitenrolle gelb 200m,1.25 mm,4547656570205,109.9,169.9,,€,in_stock,https://www.tennis-heine.de/yonex-poly-tour-pro-saitenrolle-gelb-200m-1200?c=8
Tennis-Heine,2026-07-16 19:06:48,rackets,unisex,Dunlop,Dunlop FX 500 LS 2026 Tennisschläger,L2,0045566185112,146.5,229.99,229.99,€,in_stock,https://www.tennis-heine.de/dunlop-fx-500-ls-2026-tennisschlaeger-4910?c=12
Tennis-Heine,2026-07-16 19:06:48,rackets,unisex,Dunlop,Dunlop FX 500 Tour 2026 Tennisschläger,L2,0045566185037,159.84,249.99,249.99,€,in_stock,https://www.tennis-heine.de/dunlop-fx-500-tour-2026-tennisschlaeger-4909?c=12
Tennis-Heine,2026-07-16 19:07:00,strings,unisex,Head,Head Lynx grün Saitenrolle 200m,1.25 mm,726424791897,72.5,150.0,,€,in_stock,https://www.tennis-heine.de/head-lynx-gruen-saitenrolle-200m-2026?c=8
Tennis-Heine,2026-07-16 19:07:02,shoes,men,K-Swiss,K-Swiss Receiver V Herren Tennisschuhe weiß,EU 43,0192935722383,89.9,109.99,109.99,€,out_of_stock,https://www.tennis-heine.de/k-swiss-receiver-v-herren-tennisschuhe-weiss-3553?c=7
Tennis-Heine,2026-07-16 19:07:06,rackets,unisex,Wilson,Wilson Pro Staff 97UL Classic Tennisschläger,L3,199073012925,139.9,220.0,220.0,€,in_stock,https://www.tennis-heine.de/wilson-pro-staff-97ul-classic-tennisschlaeger-4945?c=12
Tennis-Heine,2026-07-16 19:07:07,rackets,unisex,Wilson,Wilson Pro Staff 97UL Classic Tennisschläger,L2,199073012918,139.9,220.0,220.0,€,in_stock,https://www.tennis-heine.de/wilson-pro-staff-97ul-classic-tennisschlaeger-4945?c=12
Tennis-Heine,2026-07-16 19:07:07,rackets,unisex,Yonex,Yonex VCore 98 ruby red Tennisschläger,L3,4550675355265,247.0,309.9,309.9,€,in_stock,https://www.tennis-heine.de/yonex-vcore-98-ruby-red-tennisschlaeger-4979?c=12
Tennis-Heine,2026-07-16 19:07:08,rackets,unisex,Yonex,Yonex VCore 98 ruby red Tennisschläger,L2,4550675355258,247.0,309.9,309.9,€,in_stock,https://www.tennis-heine.de/yonex-vcore-98-ruby-red-tennisschlaeger-4979?c=12
Tennis-Heine,2026-07-16 19:07:10,strings,unisex,Head,Head Velocity MLT 200m Saitenrolle gelb,1.25 mm,726424946013,89.9,130.0,,€,in_stock,https://www.tennis-heine.de/head-velocity-mlt-200m-saitenrolle-gelb-4291?c=8
Tennis-Heine,2026-07-16 19:07:10,strings,unisex,Head,Head Velocity MLT 200m Saitenrolle,1.25 mm,726424106585,75.0,130.0,,€,out_of_stock,https://www.tennis-heine.de/head-velocity-mlt-200m-saitenrolle-2242?c=8
Tennis-Heine,2026-07-16 19:07:10,strings,unisex,Head,Head Velocity MLT 200m Saitenrolle schwarz,1.25 mm,726424106578,84.9,130.0,,€,in_stock,https://www.tennis-heine.de/head-velocity-mlt-200m-saitenrolle-schwarz-2616?c=8
Tennis-Heine,2026-07-16 19:07:18,strings,unisex,Head,Head Lynx Tour Saitenrolle 200m grau,1.25 mm,724794338629,89.0,150.0,,€,in_stock,https://www.tennis-heine.de/head-lynx-tour-saitenrolle-200m-grau-2849?c=8
Tennis-Heine,2026-07-16 19:07:19,strings,unisex,Head,Head Lynx Tour Saitenrolle champagne 200m,1.25 mm,724794245880,89.0,150.0,,€,in_stock,https://www.tennis-heine.de/head-lynx-tour-saitenrolle-champagne-200m-2735?c=8
Tennis-Heine,2026-07-16 19:07:20,shoes,men,K-Swiss,K-Swiss Receiver V Carpet Herren Tennisschuhe,EU 43,0192935857658,99.0,119.99,119.99,€,out_of_stock,https://www.tennis-heine.de/k-swiss-receiver-v-carpet-herren-tennisschuhe-3766?c=7
Tennis-Heine,2026-07-16 19:07:22,shoes,men,Head,Head Sprint Pro 3.5 Clay Tennisschuhe Herren grün gelb,EU 43,724794584613,99.9,160.0,160.0,€,in_stock,https://www.tennis-heine.de/head-sprint-pro-3.5-clay-tennisschuhe-herren-gruen-gelb-3827?c=7
Tennis-Heine,2026-07-16 19:07:23,rackets,unisex,Head,Head Speed Team 2026 Tennisschläger,L2,198772135553,167.8,250.0,250.0,€,in_stock,https://www.tennis-heine.de/head-speed-team-2026-tennisschlaeger-4994?c=12
Tennis-Heine,2026-07-16 19:07:24,rackets,unisex,Head,Head Speed Pro 2026 Tennisschläger,L2,198772134990,183.84,300.0,300.0,€,in_stock,https://www.tennis-heine.de/head-speed-pro-2026-tennisschlaeger-4997?c=12
Tennis-Heine,2026-07-16 19:07:31,rackets,unisex,Yonex,Yonex VCore 100L ruby red Tennisschläger,L3,4550675389260,228.5,289.9,289.9,€,in_stock,https://www.tennis-heine.de/yonex-vcore-100l-ruby-red-tennisschlaeger-4980?c=12
Tennis-Heine,2026-07-16 19:07:32,rackets,unisex,Yonex,Yonex VCore 100 ruby red Tennisschläger,L3,4550675355234,239.9,299.9,299.9,€,in_stock,https://www.tennis-heine.de/yonex-vcore-100-ruby-red-tennisschlaeger-4948?c=12
Tennis-Heine,2026-07-16 19:07:32,rackets,unisex,Wilson,Wilson Roland Garros Team 102 2026 Tennisschläger,L3,097512933445,114.5,150.0,150.0,€,in_stock,https://www.tennis-heine.de/wilson-roland-garros-team-102-2026-tennisschlaeger-4967?c=12
Tennis-Heine,2026-07-16 19:07:32,rackets,unisex,Wilson,Wilson Burn 100S V6 Tennisschläger,L3,097512971157,124.8,200.0,200.0,€,in_stock,https://www.tennis-heine.de/wilson-burn-100s-v6-tennisschlaeger-4977?c=12
Tennis-Heine,2026-07-16 19:07:33,rackets,unisex,Wilson,Wilson Burn 100LS V6 Tennisschläger,L3,097512971072,119.8,180.0,180.0,€,in_stock,https://www.tennis-heine.de/wilson-burn-100ls-v6-tennisschlaeger-4976?c=12
Tennis-Heine,2026-07-16 19:07:33,rackets,unisex,Wilson,Wilson Burn 100ULS V6 Tennisschläger,L3,097512971058,109.9,160.0,160.0,€,in_stock,https://www.tennis-heine.de/wilson-burn-100uls-v6-tennisschlaeger-4972?c=12
Tennis-Heine,2026-07-16 19:07:34,rackets,unisex,Wilson,Wilson Burn 100ULS V6 Tennisschläger,L2,097512971041,109.9,160.0,160.0,€,in_stock,https://www.tennis-heine.de/wilson-burn-100uls-v6-tennisschlaeger-4972?c=12
Tennis-Heine,2026-07-16 19:07:34,rackets,unisex,Wilson,Wilson Burn 100LS V6 Tennisschläger,L2,097512971089,119.8,180.0,180.0,€,in_stock,https://www.tennis-heine.de/wilson-burn-100ls-v6-tennisschlaeger-4976?c=12
Tennis-Heine,2026-07-16 19:07:34,rackets,unisex,Wilson,Wilson Burn 100S V6 Tennisschläger,L2,097512971140,124.8,200.0,200.0,€,in_stock,https://www.tennis-heine.de/wilson-burn-100s-v6-tennisschlaeger-4977?c=12
Tennis-Heine,2026-07-16 19:07:35,rackets,unisex,Wilson,Wilson Roland Garros Team 102 2026 Tennisschläger,L2,097512933438,114.5,150.0,150.0,€,in_stock,https://www.tennis-heine.de/wilson-roland-garros-team-102-2026-tennisschlaeger-4967?c=12
Tennis-Heine,2026-07-16 19:07:35,rackets,unisex,Yonex,Yonex VCore 100 ruby red Tennisschläger,L2,4550675355227,239.9,299.9,299.9,€,in_stock,https://www.tennis-heine.de/yonex-vcore-100-ruby-red-tennisschlaeger-4948?c=12
Tennis-Heine,2026-07-16 19:07:35,rackets,unisex,Yonex,Yonex VCore 100L ruby red Tennisschläger,L2,4550675389253,228.5,289.9,289.9,€,in_stock,https://www.tennis-heine.de/yonex-vcore-100l-ruby-red-tennisschlaeger-4980?c=12
Tennis-Heine,2026-07-16 19:07:47,strings,unisex,Head,Head Lynx Tour Saitenrolle 200m orange,1.25 mm,724794057513,89.0,150.0,,€,in_stock,https://www.tennis-heine.de/head-lynx-tour-saitenrolle-200m-orange-2952?c=8
Tennis-Heine,2026-07-16 19:07:47,strings,unisex,Head,Head Hawk Touch 200m Saitenrolle,1.25 mm,724794328934,117.5,200.0,,€,in_stock,https://www.tennis-heine.de/head-hawk-touch-200m-saitenrolle-3058?c=8
Tennis-Heine,2026-07-16 19:07:50,strings,unisex,Yonex,Yonex Poly Tour Strike Saitenrolle 200m schwarz,1.25 mm,4550086139379,139.5,259.9,,€,out_of_stock,https://www.tennis-heine.de/yonex-poly-tour-strike-saitenrolle-200m-schwarz-3375?c=8
Tennis-Heine,2026-07-16 19:07:50,strings,unisex,Yonex,Yonex Poly Tour Rev Saitenrolle 200m lila,1.25 mm,4550468075967,141.8,259.9,,€,out_of_stock,https://www.tennis-heine.de/yonex-poly-tour-rev-saitenrolle-200m-lila-3377?c=8
Tennis-Heine,2026-07-16 19:07:51,strings,unisex,Yonex,Yonex Poly Tour Fire Saitenrolle 200m rot,1.25 mm,4549317433898,125.88,229.9,,€,out_of_stock,https://www.tennis-heine.de/yonex-poly-tour-fire-saitenrolle-200m-rot-3372?c=8
Tennis-Heine,2026-07-16 19:07:51,strings,unisex,Yonex,Yonex Poly Tour Strike Saitenrolle 200m grau,1.25 mm,4550086117728,139.5,259.9,,€,out_of_stock,https://www.tennis-heine.de/yonex-poly-tour-strike-saitenrolle-200m-grau-3367?c=8
Tennis-Heine,2026-07-16 19:07:52,strings,unisex,Yonex,Yonex Poly Tour Pro Saitenrolle 200m graphite,1.25 mm,4547656745016,119.0,159.9,,€,in_stock,https://www.tennis-heine.de/yonex-poly-tour-pro-saitenrolle-200m-graphite-3366?c=8
Tennis-Heine,2026-07-16 19:07:53,shoes,men,K-Swiss,K-Swiss Bigshot Light 4 Tennisschuhe weiß 2023,EU 43,0196483280296,79.9,129.99,129.99,€,out_of_stock,https://www.tennis-heine.de/k-swiss-bigshot-light-4-tennisschuhe-weiss-2023-4097?c=7
Tennis-Heine,2026-07-16 19:07:53,shoes,men,Wilson,Wilson Rush Pro 4.0 Hope NYC Tennisschuhe Herren,EU 43,0097512739634,105.0,150.0,150.0,€,in_stock,https://www.tennis-heine.de/wilson-rush-pro-4.0-hope-nyc-tennisschuhe-herren-4127?c=7
Tennis-Heine,2026-07-16 19:07:54,shoes,men,K-Swiss,K-Swiss Express Light 3 HB Tennisschuhe Herren blau,EU 43,0196483475708,74.9,119.99,119.99,€,out_of_stock,https://www.tennis-heine.de/k-swiss-express-light-3-hb-tennisschuhe-herren-blau-4214?c=7
Tennis-Heine,2026-07-16 19:07:55,shoes,men,Wilson,Wilson Rush Pro Extra Duty Tennisschuhe Herren 2024,EU 43,0097512750943,109.0,160.0,160.0,€,out_of_stock,https://www.tennis-heine.de/wilson-rush-pro-extra-duty-tennisschuhe-herren-2024-4255?c=7
Tennis-Heine,2026-07-16 19:07:58,shoes,men,Wilson,Wilson Rush Pro 4.0 Clay Tennisschuhe Herren blau 2024,EU 43,0097512747653,89.9,140.0,140.0,€,out_of_stock,https://www.tennis-heine.de/wilson-rush-pro-4.0-clay-tennisschuhe-herren-blau-2024-4253?c=7
Tennis-Heine,2026-07-16 19:07:58,rackets,unisex,Wilson,Wilson Ultra 100 V5 Desert Tennisschläger,L2,199073013038,197.5,240.0,240.0,€,in_stock,https://www.tennis-heine.de/wilson-ultra-100-v5-desert-tennisschlaeger-5083?c=12
Tennis-Heine,2026-07-16 19:08:02,shoes,men,Head,Head Sprint Pro 3.5 SF Clay 2024 Herren Tennisschuhe,EU 43,726423852483,104.9,180.0,180.0,€,out_of_stock,https://www.tennis-heine.de/head-sprint-pro-3.5-sf-clay-2024-herren-tennisschuhe-4353?c=7
Tennis-Heine,2026-07-16 19:08:03,shoes,men,Wilson,Wilson Rush Pro 4.5 Clay Tennisschuhe blau Herren 2024,EU 43,0097512804806,89.9,140.0,140.0,€,out_of_stock,https://www.tennis-heine.de/wilson-rush-pro-4.5-clay-tennisschuhe-blau-herren-2024-4356?c=7
Tennis-Heine,2026-07-16 19:08:04,shoes,men,Wilson,Wilson Rush Pro 4.5 Clay Tennisschuhe rot Herren 2024,EU 43,0097512804745,89.9,140.0,140.0,€,out_of_stock,https://www.tennis-heine.de/wilson-rush-pro-4.5-clay-tennisschuhe-rot-herren-2024-4355?c=7
Tennis-Heine,2026-07-16 19:08:07,rackets,unisex,Wilson,Wilson Clash 100 Pro V3 Reverse Tennisschläger,L3,199073010907,159.0,250.0,250.0,€,in_stock,https://www.tennis-heine.de/wilson-clash-100-pro-v3-reverse-tennisschlaeger-4966?c=12
Tennis-Heine,2026-07-16 19:08:07,rackets,unisex,Wilson,Wilson Pro Staff 97 Classic Tennisschläger,L3,097512975728,181.5,260.0,260.0,€,in_stock,https://www.tennis-heine.de/wilson-pro-staff-97-classic-tennisschlaeger-4969?c=12
Tennis-Heine,2026-07-16 19:08:08,rackets,unisex,Wilson,Wilson Clash 100L V3 Reverse Tennisschläger,L3,199073010846,153.84,230.0,230.0,€,in_stock,https://www.tennis-heine.de/wilson-clash-100l-v3-reverse-tennisschlaeger-4964?c=12
Tennis-Heine,2026-07-16 19:08:08,rackets,unisex,Wilson,Wilson Clash 100L V3 Reverse Tennisschläger,L2,199073010839,153.84,230.0,230.0,€,in_stock,https://www.tennis-heine.de/wilson-clash-100l-v3-reverse-tennisschlaeger-4964?c=12
Tennis-Heine,2026-07-16 19:08:08,rackets,unisex,Wilson,Wilson Pro Staff 97 Classic Tennisschläger,L2,097512975698,181.5,260.0,260.0,€,in_stock,https://www.tennis-heine.de/wilson-pro-staff-97-classic-tennisschlaeger-4969?c=12
Tennis-Heine,2026-07-16 19:08:09,rackets,unisex,Wilson,Wilson Pro Staff Team Classic Tennisschläger,L3,097512975513,114.9,170.0,170.0,€,in_stock,https://www.tennis-heine.de/wilson-pro-staff-team-classic-tennisschlaeger-4971?c=12
Tennis-Heine,2026-07-16 19:08:09,rackets,unisex,Wilson,Wilson Pro Staff Team Classic Tennisschläger,L2,097512975520,114.9,170.0,170.0,€,in_stock,https://www.tennis-heine.de/wilson-pro-staff-team-classic-tennisschlaeger-4971?c=12
Tennis-Heine,2026-07-16 19:08:10,rackets,unisex,Wilson,Wilson Clash 100 Pro V3 Reverse Tennisschläger,L2,199073010891,159.0,250.0,250.0,€,in_stock,https://www.tennis-heine.de/wilson-clash-100-pro-v3-reverse-tennisschlaeger-4966?c=12
Tennis-Heine,2026-07-16 19:08:10,rackets,unisex,Head,Head Speed MP UL 2026 Tennisschläger,L3,198772135447,159.0,230.0,230.0,€,in_stock,https://www.tennis-heine.de/head-speed-mp-ul-2026-tennisschlaeger-4998?c=12
Tennis-Heine,2026-07-16 19:08:11,rackets,unisex,Head,Head Speed MP UL 2026 Tennisschläger,L2,198772135430,159.0,230.0,230.0,€,in_stock,https://www.tennis-heine.de/head-speed-mp-ul-2026-tennisschlaeger-4998?c=12
Tennis-Heine,2026-07-16 19:08:20,rackets,unisex,Head,Head Speed MP L 2026 Tennisschläger,L3,198772135324,159.84,250.0,250.0,€,in_stock,https://www.tennis-heine.de/head-speed-mp-l-2026-tennisschlaeger-4993?c=12
Tennis-Heine,2026-07-16 19:08:21,rackets,unisex,Head,Head Speed MP L 2026 Tennisschläger,L2,198772135317,159.84,250.0,250.0,€,in_stock,https://www.tennis-heine.de/head-speed-mp-l-2026-tennisschlaeger-4993?c=12
Tennis-Heine,2026-07-16 19:08:25,strings,unisex,Luxilon,Luxilon 4G 200m Black Saitenrolle,1.25 mm,0097512627863,198.0,350.0,,€,in_stock,https://www.tennis-heine.de/luxilon-4g-200m-black-saitenrolle-3732?c=8
Tennis-Heine,2026-07-16 19:08:27,strings,unisex,Yonex,Yonex Poly Tour Pro Saitenrolle 200m blau,1.25 mm,4550086615392,109.0,169.9,,€,in_stock,https://www.tennis-heine.de/yonex-poly-tour-pro-saitenrolle-200m-blau-3788?c=8
Tennis-Heine,2026-07-16 19:08:28,strings,unisex,Head,Head Lynx Tour Saitenrolle 200m schwarz,1.25 mm,724794482377,89.0,150.0,,€,out_of_stock,https://www.tennis-heine.de/head-lynx-tour-saitenrolle-200m-schwarz-3999?c=8
Tennis-Heine,2026-07-16 19:08:28,shoes,men,Head,Head Sprint Pro 3.5 Carpet 2024 Tennisschuhe Herren,EU 43,726423227236,109.9,130.0,130.0,€,out_of_stock,https://www.tennis-heine.de/head-sprint-pro-3.5-carpet-2024-tennisschuhe-herren-4394?c=7
Tennis-Heine,2026-07-16 19:08:29,shoes,men,K-Swiss,K-Swiss Hypercourt Express 2 Carpet Tennisschuhe Herren,EU 43,0196483544756,124.9,149.99,149.99,€,out_of_stock,https://www.tennis-heine.de/k-swiss-hypercourt-express-2-carpet-tennisschuhe-herren-4398?c=7
Tennis-Heine,2026-07-16 19:08:29,shoes,men,K-Swiss,K-Swiss Hypercourt Express 2 HB Tennisschuhe Herren 2024,EU 43,196483544626,99.9,149.99,149.99,€,out_of_stock,https://www.tennis-heine.de/k-swiss-hypercourt-express-2-hb-tennisschuhe-herren-2024-4397?c=7
Tennis-Heine,2026-07-16 19:08:30,shoes,men,K-Swiss,K-Swiss Express Light 3 Carpet Tennisschuhe Herren 2024,EU 43,0196483546316,99.9,119.99,119.99,€,out_of_stock,https://www.tennis-heine.de/k-swiss-express-light-3-carpet-tennisschuhe-herren-2024-4412?c=7
Tennis-Heine,2026-07-16 19:08:30,shoes,men,K-Swiss,K-Swiss Express Light 3 HB Tennisschuhe Herren rot,EU 43,0196483546187,99.9,119.99,119.99,€,out_of_stock,https://www.tennis-heine.de/k-swiss-express-light-3-hb-tennisschuhe-herren-rot-4396?c=7
Tennis-Heine,2026-07-16 19:08:31,shoes,men,K-Swiss,K-Swiss Express Light 3 Clay Tennisschuhe Herren schwarz,EU 43,0196483819205,99.9,119.99,119.99,€,out_of_stock,https://www.tennis-heine.de/k-swiss-express-light-3-clay-tennisschuhe-herren-schwarz-4793?c=7
Tennis-Heine,2026-07-16 19:08:32,shoes,men,K-Swiss,K-Swiss Express Light 3 Clay Tennisschuhe Herren white,EU 43,0196483819335,99.9,119.99,119.99,€,out_of_stock,https://www.tennis-heine.de/k-swiss-express-light-3-clay-tennisschuhe-herren-white-4794?c=7
Tennis-Heine,2026-07-16 19:08:35,shoes,men,K-Swiss,K-Swiss Express Light 3 Clay Tennisschuhe Herren arctic,EU 43,0196483715453,79.9,119.99,119.99,€,out_of_stock,https://www.tennis-heine.de/k-swiss-express-light-3-clay-tennisschuhe-herren-arctic-4616?c=7
Tennis-Heine,2026-07-16 19:08:37,shoes,men,K-Swiss,K-Swiss Hypercourt Express 2 Clay blue Tennisschuhe Herren,EU 43,0196483817911,119.0,139.99,139.99,€,out_of_stock,https://www.tennis-heine.de/k-swiss-hypercourt-express-2-clay-blue-tennisschuhe-herren-4792?c=7
Tennis-Heine,2026-07-16 19:08:38,shoes,men,K-Swiss,K-Swiss Hypercourt Express 2 Clay blau Tennisschuhe Herren,EU 43,0196483713060,99.9,139.99,139.99,€,out_of_stock,https://www.tennis-heine.de/k-swiss-hypercourt-express-2-clay-blau-tennisschuhe-herren-4612?c=7
Tennis-Heine,2026-07-16 19:08:38,shoes,men,K-Swiss,K-Swiss Hypercourt Express 2 Clay weiß Tennisschuhe Herren,EU 43,0196483713190,99.9,139.99,139.99,€,in_stock,https://www.tennis-heine.de/k-swiss-hypercourt-express-2-clay-weiss-tennisschuhe-herren-4613?c=7
Tennis-Heine,2026-07-16 19:08:49,rackets,unisex,Head,Head Boom Elite 2026 Tennisschläger,L3,198772136567,105.84,160.0,160.0,€,out_of_stock,https://www.tennis-heine.de/head-boom-elite-2026-tennisschlaeger-5081?c=12
Tennis-Heine,2026-07-16 19:08:49,rackets,unisex,Head,Head Boom Team Alternate 2026 Tennisschläger,L3,198772140342,165.8,210.0,210.0,€,in_stock,https://www.tennis-heine.de/head-boom-team-alternate-2026-tennisschlaeger-5076?c=12
Tennis-Heine,2026-07-16 19:08:50,rackets,unisex,Head,Head Boom MP UL Alternate 2026 Tennisschläger,L3,198772140229,158.8,230.0,230.0,€,in_stock,https://www.tennis-heine.de/head-boom-mp-ul-alternate-2026-tennisschlaeger-5074?c=12
Tennis-Heine,2026-07-16 19:08:50,rackets,unisex,Head,Head Boom Team 2026 Tennisschläger,L3,198772136383,141.8,210.0,210.0,€,in_stock,https://www.tennis-heine.de/head-boom-team-2026-tennisschlaeger-5075?c=12
Tennis-Heine,2026-07-16 19:08:51,rackets,unisex,Head,Head Boom MP 2026 Tennisschläger,L3,198772136024,165.85,260.0,260.0,€,in_stock,https://www.tennis-heine.de/head-boom-mp-2026-tennisschlaeger-5069?c=12
Tennis-Heine,2026-07-16 19:08:51,rackets,unisex,Head,Head Boom MP UL 2026 Tennisschläger,L2,198772136253,169.8,230.0,230.0,€,in_stock,https://www.tennis-heine.de/head-boom-mp-ul-2026-tennisschlaeger-5073?c=12
Tennis-Heine,2026-07-16 19:08:52,rackets,unisex,Head,Head Boom MP 2026 Tennisschläger,L2,198772136017,165.85,260.0,260.0,€,in_stock,https://www.tennis-heine.de/head-boom-mp-2026-tennisschlaeger-5069?c=12
Tennis-Heine,2026-07-16 19:08:52,rackets,unisex,Head,Head Boom Team 2026 Tennisschläger,L2,198772136376,141.8,210.0,210.0,€,out_of_stock,https://www.tennis-heine.de/head-boom-team-2026-tennisschlaeger-5075?c=12
Tennis-Heine,2026-07-16 19:08:53,rackets,unisex,Head,Head Boom MP UL Alternate 2026 Tennisschläger,L2,198772140212,158.8,230.0,230.0,€,in_stock,https://www.tennis-heine.de/head-boom-mp-ul-alternate-2026-tennisschlaeger-5074?c=12
Tennis-Heine,2026-07-16 19:08:53,rackets,unisex,Head,Head Boom Team Alternate 2026 Tennisschläger,L2,198772140335,165.8,210.0,210.0,€,in_stock,https://www.tennis-heine.de/head-boom-team-alternate-2026-tennisschlaeger-5076?c=12
Tennis-Heine,2026-07-16 19:08:54,rackets,unisex,Head,Head Boom Elite 2026 Tennisschläger,L2,198772136550,105.84,160.0,160.0,€,in_stock,https://www.tennis-heine.de/head-boom-elite-2026-tennisschlaeger-5081?c=12
Tennis-Heine,2026-07-16 19:09:07,shoes,men,Wilson,Wilson Rush Pro Ace Clay Tennisschuhe rot Herren,EU 43,097512845922,79.9,120.0,120.0,€,out_of_stock,https://www.tennis-heine.de/wilson-rush-pro-ace-clay-tennisschuhe-rot-herren-4547?c=7
Tennis-Heine,2026-07-16 19:09:07,shoes,men,Head,Head Sprint Pro 4.0 Clay LINV Tennisschuhe Herren,EU 43,726423351061,99.9,160.0,160.0,€,out_of_stock,https://www.tennis-heine.de/head-sprint-pro-4.0-clay-linv-tennisschuhe-herren-4518?c=7
Tennis-Heine,2026-07-16 19:09:08,shoes,men,Head,Head Sprint Pro 4.0 Clay WHBK Tennisschuhe Herren,EU 43,726423351702,99.9,160.0,160.0,€,out_of_stock,https://www.tennis-heine.de/head-sprint-pro-4.0-clay-whbk-tennisschuhe-herren-4802?c=7
Tennis-Heine,2026-07-16 19:09:08,shoes,men,Head,Head Sprint Team 4.0 Clay Tennisschuhe Herren weiß,EU 43,726423353911,94.9,110.0,110.0,€,out_of_stock,https://www.tennis-heine.de/head-sprint-team-4.0-clay-tennisschuhe-herren-weiss-4504?c=7
Tennis-Heine,2026-07-16 19:09:09,shoes,men,Head,Head Sprint Evo 3.5 Clay men Tennisschuhe 2025,EU 43,726423353140,99.9,130.0,130.0,€,out_of_stock,https://www.tennis-heine.de/head-sprint-evo-3.5-clay-men-tennisschuhe-2025-4517?c=7
Tennis-Heine,2026-07-16 19:09:09,shoes,men,Wilson,Wilson Rush Pro 4.5 Clay RG Tennisschuhe Herren,EU 43,0097512877572,99.0,140.0,140.0,€,out_of_stock,https://www.tennis-heine.de/wilson-rush-pro-4.5-clay-rg-tennisschuhe-herren-4726?c=7
Tennis-Heine,2026-07-16 19:09:10,shoes,men,Wilson,Wilson Rush Pro Ace Clay RG Tennisschuhe Herren,EU 43,097512877732,104.9,120.0,120.0,€,out_of_stock,https://www.tennis-heine.de/wilson-rush-pro-ace-clay-rg-tennisschuhe-herren-4548?c=7
Tennis-Heine,2026-07-16 19:09:10,shoes,men,Wilson,Wilson Rush Pro Ace Clay Tennisschuhe blau Herren,EU 43,097512845465,79.9,120.0,120.0,€,out_of_stock,https://www.tennis-heine.de/wilson-rush-pro-ace-clay-tennisschuhe-blau-herren-4771?c=7
Tennis-Heine,2026-07-16 19:09:14,shoes,men,Wilson,Wilson Rush Pro Ace Clay Tennisschuhe black Herren,EU 43,097512845397,79.9,120.0,120.0,€,out_of_stock,https://www.tennis-heine.de/wilson-rush-pro-ace-clay-tennisschuhe-black-herren-4770?c=7
Tennis-Heine,2026-07-16 19:09:16,shoes,men,Head,Head Sprint Pro 4.0 Carpet 2025 Tennisschuhe Herren,EU 43,198772019327,109.9,130.0,130.0,€,in_stock,https://www.tennis-heine.de/head-sprint-pro-4.0-carpet-2025-tennisschuhe-herren-4813?c=7
Tennis-Heine,2026-07-16 19:09:16,shoes,men,K-Swiss,K-Swiss Hypercourt Express 2 Carpet blau Tennisschuhe,EU 43,0196483818178,119.9,139.99,139.99,€,out_of_stock,https://www.tennis-heine.de/k-swiss-hypercourt-express-2-carpet-blau-tennisschuhe-4841?c=7
Tennis-Heine,2026-07-16 19:09:16,shoes,women,Wilson,Wilson Kaos Swift Clay Tennisschuhe Damen blau,EU 39,0097512567183,85.0,125.0,125.0,€,in_stock,https://www.tennis-heine.de/wilson-kaos-swift-clay-tennisschuhe-damen-blau-3695?c=7
Tennis-Heine,2026-07-16 19:09:16,shoes,women,K-Swiss,K-Swiss Express Light 2 Carpet Tennisschuh Damen 2022,EU 39,0192935847338,90.0,129.99,129.99,€,in_stock,https://www.tennis-heine.de/k-swiss-express-light-2-carpet-tennisschuh-damen-2022-3758?c=7
Tennis-Heine,2026-07-16 19:09:17,shoes,women,K-Swiss,K-Swiss Receiver V Carpet Damen Tennisschuh,EU 39,192935847697,98.0,119.99,119.99,€,in_stock,https://www.tennis-heine.de/k-swiss-receiver-v-carpet-damen-tennisschuh-3767?c=7
Tennis-Heine,2026-07-16 19:09:18,shoes,women,Head,Head Sprint LTD Clay Damen Tennisschuhe,EU 39,746423031901,89.9,120.0,120.0,€,in_stock,https://www.tennis-heine.de/head-sprint-ltd-clay-damen-tennisschuhe-3909?c=7
Tennis-Heine,2026-07-16 19:09:24,rackets,unisex,Wilson,Wilson Blade 98S V10 Tennisschläger,L2,097512974950,227.85,290.0,290.0,€,in_stock,https://www.tennis-heine.de/wilson-blade-98s-v10-tennisschlaeger-5226?c=12
Tennis-Heine,2026-07-16 19:09:25,rackets,unisex,Wilson,Wilson Blade 98 18x20 V10 Tennisschläger,L2,097512974981,227.85,290.0,290.0,€,in_stock,https://www.tennis-heine.de/wilson-blade-98-18x20-v10-tennisschlaeger-5223?c=12
Tennis-Heine,2026-07-16 19:09:25,rackets,unisex,Wilson,Wilson Blade 98 16x19 V10 Tennisschläger,L2,097512975087,227.8,290.0,290.0,€,in_stock,https://www.tennis-heine.de/wilson-blade-98-16x19-v10-tennisschlaeger-5222?c=12
Tennis-Heine,2026-07-16 19:09:25,shoes,women,Wilson,Wilson Kaos Swift 1.5 Clay Tennisschuhe Damen,EU 39,0097512680028,89.9,130.0,130.0,€,out_of_stock,https://www.tennis-heine.de/wilson-kaos-swift-1.5-clay-tennisschuhe-damen-3922?c=7
Tennis-Heine,2026-07-16 19:09:26,rackets,unisex,Wilson,Wilson Blade 100L V10 Tennisschläger,L2,097512974806,207.5,250.0,250.0,€,in_stock,https://www.tennis-heine.de/wilson-blade-100l-v10-tennisschlaeger-5231?c=12
Tennis-Heine,2026-07-16 19:09:26,shoes,women,K-Swiss,K-Swiss Express Light 3 HB Tennisschuhe Damen blau 2023,EU 39,0196483317312,79.9,129.99,129.99,€,out_of_stock,https://www.tennis-heine.de/k-swiss-express-light-3-hb-tennisschuhe-damen-blau-2023-4099?c=7
Tennis-Heine,2026-07-16 19:09:27,rackets,unisex,Wilson,Wilson Blade 100 V10 Tennisschläger,L2,097512974820,227.9,280.0,280.0,€,in_stock,https://www.tennis-heine.de/wilson-blade-100-v10-tennisschlaeger-5229?c=12
Tennis-Heine,2026-07-16 19:09:27,shoes,women,K-Swiss,K-Swiss Express Light 3 HB Tennisschuhe Damen grau,EU 39,0196483439649,79.9,119.99,119.99,€,out_of_stock,https://www.tennis-heine.de/k-swiss-express-light-3-hb-tennisschuhe-damen-grau-4217?c=7
Tennis-Heine,2026-07-16 19:09:27,shoes,women,Wilson,Wilson Rush Pro Ace Tennisschuhe Damen weiß 2024,EU 39,0097152772662,80.0,120.0,120.0,€,out_of_stock,https://www.tennis-heine.de/wilson-rush-pro-ace-tennisschuhe-damen-weiss-2024-4260?c=7
Tennis-Heine,2026-07-16 19:09:36,rackets,unisex,Head,Head Boom MP L 2026 Tennisschläger,L3,198772136147,165.0,230.0,230.0,€,in_stock,https://www.tennis-heine.de/head-boom-mp-l-2026-tennisschlaeger-5071?c=12
Tennis-Heine,2026-07-16 19:09:37,rackets,unisex,Head,Head Boom MP L Alternate 2026 Tennisschläger,L3,198772140106,164.24,230.0,230.0,€,out_of_stock,https://www.tennis-heine.de/head-boom-mp-l-alternate-2026-tennisschlaeger-5072?c=12
Tennis-Heine,2026-07-16 19:09:37,rackets,unisex,Head,Head Boom MP Alternate 2026 Tennisschläger,L3,198772139988,165.84,260.0,260.0,€,in_stock,https://www.tennis-heine.de/head-boom-mp-alternate-2026-tennisschlaeger-5070?c=12
Tennis-Heine,2026-07-16 19:09:38,rackets,unisex,Head,Head Boom MP Alternate 2026 Tennisschläger,L2,198772139971,165.84,260.0,260.0,€,in_stock,https://www.tennis-heine.de/head-boom-mp-alternate-2026-tennisschlaeger-5070?c=12
Tennis-Heine,2026-07-16 19:09:38,rackets,unisex,Head,Head Boom MP L Alternate 2026 Tennisschläger,L2,198772140090,164.24,230.0,230.0,€,in_stock,https://www.tennis-heine.de/head-boom-mp-l-alternate-2026-tennisschlaeger-5072?c=12
Tennis-Heine,2026-07-16 19:09:38,rackets,unisex,Head,Head Boom MP L 2026 Tennisschläger,L2,198772136130,165.0,230.0,230.0,€,in_stock,https://www.tennis-heine.de/head-boom-mp-l-2026-tennisschlaeger-5071?c=12
Tennis-Heine,2026-07-16 19:09:39,rackets,unisex,Yonex,Yonex VCore 98L ruby red Tennisschläger,L3,4550675389161,214.9,289.9,289.9,€,in_stock,https://www.tennis-heine.de/yonex-vcore-98l-ruby-red-tennisschlaeger-5199?c=12
Tennis-Heine,2026-07-16 19:09:39,rackets,unisex,Wilson,Wilson Burn pink 105S V6 Tennisschläger,L2,097512971324,137.0,200.0,200.0,€,in_stock,https://www.tennis-heine.de/wilson-burn-pink-105s-v6-tennisschlaeger-5185?c=12
Tennis-Heine,2026-07-16 19:09:40,rackets,unisex,Yonex,Yonex VCore Alpha SL (245g) ruby red Tennisschläger,L2,4550675403829,129.9,159.9,159.9,€,in_stock,https://www.tennis-heine.de/yonex-vcore-alpha-sl-245g-ruby-red-tennisschlaeger-5198?c=12
Tennis-Heine,2026-07-16 19:09:40,rackets,unisex,Yonex,Yonex VCore 98L ruby red Tennisschläger,L2,4550675389154,214.9,289.9,289.9,€,in_stock,https://www.tennis-heine.de/yonex-vcore-98l-ruby-red-tennisschlaeger-5199?c=12
Tennis-Heine,2026-07-16 19:09:50,rackets,unisex,Wilson,Wilson Ultra 100L V5 Roland Garros Tennisschläger,L3,097512975322,157.0,220.0,220.0,€,in_stock,https://www.tennis-heine.de/wilson-ultra-100l-v5-roland-garros-tennisschlaeger-5218?c=12
Tennis-Heine,2026-07-16 19:09:51,rackets,unisex,Wilson,Wilson Clash 100L V3 Roland Garros Tennisschläger,L3,,184.9,230.0,230.0,€,out_of_stock,https://www.tennis-heine.de/wilson-clash-100l-v3-roland-garros-tennisschlaeger-5219?c=12
Tennis-Heine,2026-07-16 19:09:51,rackets,unisex,Wilson,Wilson Clash 100L V3 Roland Garros Tennisschläger,L2,097512975292,184.9,230.0,230.0,€,out_of_stock,https://www.tennis-heine.de/wilson-clash-100l-v3-roland-garros-tennisschlaeger-5219?c=12
Tennis-Heine,2026-07-16 19:09:52,rackets,unisex,Wilson,Wilson Ultra 100L V5 Roland Garros Tennisschläger,L2,097512975339,157.0,220.0,220.0,€,in_stock,https://www.tennis-heine.de/wilson-ultra-100l-v5-roland-garros-tennisschlaeger-5218?c=12
Tennis-Heine,2026-07-16 19:09:52,strings,unisex,Head,Head Lynx Touch Saitenrolle 200m,1.25 mm,724794399576,89.9,150.0,,€,out_of_stock,https://www.tennis-heine.de/head-lynx-touch-saitenrolle-200m-4326?c=8
Tennis-Heine,2026-07-16 19:09:53,strings,unisex,Solinco,Solinco Hyper G Soft 200m Saitenrolle,1.25 mm,812753013370,119.0,145.0,,€,in_stock,https://www.tennis-heine.de/solinco-hyper-g-soft-200m-saitenrolle-4430?c=8
Tennis-Heine,2026-07-16 19:09:53,strings,unisex,Solinco,Solinco Tour Bite 200m Saitenrolle,1.25 mm,812753010287,114.9,145.0,,€,in_stock,https://www.tennis-heine.de/solinco-tour-bite-200m-saitenrolle-4426?c=8
Tennis-Heine,2026-07-16 19:10:01,strings,unisex,Solinco,Solinco Hyper G 200m Saitenrolle,1.25 mm,812753012359,119.0,145.0,,€,in_stock,https://www.tennis-heine.de/solinco-hyper-g-200m-saitenrolle-4429?c=8
Tennis-Heine,2026-07-16 19:10:04,shoes,men,K-Swiss,K-Swiss Express Light 3 Carpet Tennisschuhe Herren weiß,EU 43,0196483928624,99.9,119.99,119.99,€,out_of_stock,https://www.tennis-heine.de/k-swiss-express-light-3-carpet-tennisschuhe-herren-weiss-4842?c=7
Tennis-Heine,2026-07-16 19:10:04,shoes,men,K-Swiss,K-Swiss Court Express 2 Carpet Tennisschuhe Herren,EU 43,0196483820744,69.9,79.99,79.99,€,out_of_stock,https://www.tennis-heine.de/k-swiss-court-express-2-carpet-tennisschuhe-herren-4845?c=7
Tennis-Heine,2026-07-16 19:10:05,shoes,men,K-Swiss,K-Swiss K-Frame Speed Rublo Clay Tennisschuhe Herren,EU 43,0196483938098,139.9,179.99,179.99,€,out_of_stock,https://www.tennis-heine.de/k-swiss-k-frame-speed-rublo-clay-tennisschuhe-herren-5062?c=7
Tennis-Heine,2026-07-16 19:10:05,shoes,men,K-Swiss,K-Swiss Court Express 2 Clay Tennisschuhe Herren,EU 43,0196483933239,69.9,79.99,79.99,€,out_of_stock,https://www.tennis-heine.de/k-swiss-court-express-2-clay-tennisschuhe-herren-5054?c=7
Tennis-Heine,2026-07-16 19:10:06,shoes,men,K-Swiss,K-Swiss Ultrashot Light Clay Tennisschuhe Herren,EU 43,0199286034455,89.9,99.99,99.99,€,in_stock,https://www.tennis-heine.de/k-swiss-ultrashot-light-clay-tennisschuhe-herren-5056?c=7
Tennis-Heine,2026-07-16 19:10:07,shoes,men,K-Swiss,K-Swiss Hypercourt Express 3 Clay blau Tennisschuhe Herren,EU 43,0196483935691,124.9,149.99,149.99,€,in_stock,https://www.tennis-heine.de/k-swiss-hypercourt-express-3-clay-blau-tennisschuhe-herren-5061?c=7
Tennis-Heine,2026-07-16 19:10:07,shoes,men,K-Swiss,K-Swiss Hypercourt Express 3 Clay weiß Tennisschuhe Herren,EU 43,0196483935561,124.9,149.99,149.99,€,in_stock,https://www.tennis-heine.de/k-swiss-hypercourt-express-3-clay-weiss-tennisschuhe-herren-5060?c=7
Tennis-Heine,2026-07-16 19:10:08,shoes,men,K-Swiss,K-Swiss Express Light 3 Clay 2026 men Tennisschuhe schwarz,EU 43,0196483936735,99.9,119.99,119.99,€,in_stock,https://www.tennis-heine.de/k-swiss-express-light-3-clay-2026-men-tennisschuhe-schwarz-5057?c=7
Tennis-Heine,2026-07-16 19:10:12,shoes,men,K-Swiss,K-Swiss Express Light 3 Clay 2026 men Tennisschuhe weiß,EU 43,0196483936995,99.9,119.99,119.99,€,in_stock,https://www.tennis-heine.de/k-swiss-express-light-3-clay-2026-men-tennisschuhe-weiss-5058?c=7
Tennis-Heine,2026-07-16 19:10:15,shoes,men,K-Swiss,K-Swiss Express Light 3 Clay 2026 men Tennisschuhe grau,EU 43,0196483936865,99.9,119.99,119.99,€,in_stock,https://www.tennis-heine.de/k-swiss-express-light-3-clay-2026-men-tennisschuhe-grau-5059?c=7
Tennis-Heine,2026-07-16 19:10:15,shoes,men,K-Swiss,K-Swiss Melrose Tube Lite weiß blau Sportschuhe Herren,EU 43,0196483834154,79.9,89.99,89.99,€,in_stock,https://www.tennis-heine.de/k-swiss-melrose-tube-lite-weiss-blau-sportschuhe-herren-5063?c=7
Tennis-Heine,2026-07-16 19:10:15,shoes,men,K-Swiss,K-Swiss Melrose Tube Lite beige grün Sportschuhe Herren,EU 43,0196483948882,79.9,89.99,89.99,€,in_stock,https://www.tennis-heine.de/k-swiss-melrose-tube-lite-beige-gruen-sportschuhe-herren-5064?c=7
Tennis-Heine,2026-07-16 19:10:16,shoes,women,Head,Head Sprint Pro 3.5 Clay Tennisschuhe Damen 2024,EU 39,724794834794,99.0,160.0,160.0,€,out_of_stock,https://www.tennis-heine.de/head-sprint-pro-3.5-clay-tennisschuhe-damen-2024-4204?c=7
Tennis-Heine,2026-07-16 19:10:16,shoes,women,Wilson,Wilson Rush Pro 4.5 Clay Tennisschuhe Damen 2024,EU 39,0097512804561,89.9,140.0,140.0,€,out_of_stock,https://www.tennis-heine.de/wilson-rush-pro-4.5-clay-tennisschuhe-damen-2024-4354?c=7
Tennis-Heine,2026-07-16 19:10:17,shoes,women,K-Swiss,K-Swiss Hypercourt Express 2 HB Tennisschuhe Damen blau,EU 39,0196483548020,119.9,149.99,149.99,€,in_stock,https://www.tennis-heine.de/k-swiss-hypercourt-express-2-hb-tennisschuhe-damen-blau-4395?c=7
Tennis-Heine,2026-07-16 19:10:17,shoes,women,K-Swiss,K-Swiss Express Light 3 Clay Tennisschuhe Damen,EU 39,0196483720204,99.9,119.99,119.99,€,out_of_stock,https://www.tennis-heine.de/k-swiss-express-light-3-clay-tennisschuhe-damen-4618?c=7
Tennis-Heine,2026-07-16 19:10:17,shoes,women,K-Swiss,K-Swiss Hypercourt Express 2 Clay weiß Tennisschuhe Damen,EU 39,0196483713640,119.9,139.99,139.99,€,in_stock,https://www.tennis-heine.de/k-swiss-hypercourt-express-2-clay-weiss-tennisschuhe-damen-4619?c=7
Tennis-Heine,2026-07-16 19:10:21,shoes,women,K-Swiss,K-Swiss Court Express 2 Clay Tennisschuhe Damen,EU 39,0196483719574,69.9,79.99,79.99,€,out_of_stock,https://www.tennis-heine.de/k-swiss-court-express-2-clay-tennisschuhe-damen-4615?c=7
Tennis-Heine,2026-07-16 19:10:24,shoes,women,Wilson,Wilson Intrigue Tour Clay women Tennisschuhe,EU 39,097512877367,99.9,160.0,160.0,€,in_stock,https://www.tennis-heine.de/wilson-intrigue-tour-clay-women-tennisschuhe-4705?c=7
Tennis-Heine,2026-07-16 19:10:24,shoes,women,Wilson,Wilson Intrigue Pro Clay women Tennisschuhe,EU 39,0097512876483,84.9,130.0,130.0,€,out_of_stock,https://www.tennis-heine.de/wilson-intrigue-pro-clay-women-tennisschuhe-4762?c=7
Tennis-Heine,2026-07-16 19:10:24,shoes,women,Head,Head Sprint Team 4.0 Clay Tennisschuhe Damen weiß,EU 39,726423359432,74.9,110.0,110.0,€,out_of_stock,https://www.tennis-heine.de/head-sprint-team-4.0-clay-tennisschuhe-damen-weiss-4505?c=7
Tennis-Heine,2026-07-16 19:10:24,shoes,women,Head,Head Sprint Team 4.0 Carpet Damen 2025 Tennisschuhe,EU 39,198772019464,94.9,110.0,110.0,€,out_of_stock,https://www.tennis-heine.de/head-sprint-team-4.0-carpet-damen-2025-tennisschuhe-4816?c=7
Tennis-Heine,2026-07-16 19:10:26,shoes,women,K-Swiss,K-Swiss Hypercourt Express 2 Carpet weiß Tennisschuhe Damen,EU 39,0196483823752,119.9,139.99,139.99,€,out_of_stock,https://www.tennis-heine.de/k-swiss-hypercourt-express-2-carpet-weiss-tennisschuhe-damen-4843?c=7
Tennis-Heine,2026-07-16 19:10:26,shoes,women,K-Swiss,K-Swiss Express Light 3 Carpet Tennisschuhe Damen,EU 39,0196483928839,99.9,119.99,119.99,€,in_stock,https://www.tennis-heine.de/k-swiss-express-light-3-carpet-tennisschuhe-damen-4844?c=7
Tennis-Heine,2026-07-16 19:10:32,rackets,unisex,Wilson,Wilson Blade 101 Team V10 Tennisschläger,L3,097512974639,144.9,180.0,180.0,€,in_stock,https://www.tennis-heine.de/wilson-blade-101-team-v10-tennisschlaeger-5239?c=12
Tennis-Heine,2026-07-16 19:10:32,rackets,unisex,Wilson,Wilson Blade 101 Team V10 Tennisschläger,L2,097512974622,144.9,180.0,180.0,€,in_stock,https://www.tennis-heine.de/wilson-blade-101-team-v10-tennisschlaeger-5239?c=12
Tennis-Heine,2026-07-16 19:10:35,rackets,unisex,Wilson,Wilson Blade 100UL V10 Tennisschläger,L3,199073032336,214.9,240.0,230.0,€,in_stock,https://www.tennis-heine.de/wilson-blade-100ul-v10-tennisschlaeger-5242?c=12
Tennis-Heine,2026-07-16 19:10:35,rackets,unisex,Wilson,Wilson Blade 104 V10 Tennisschläger,L3,097512974691,235.0,260.0,250.0,€,in_stock,https://www.tennis-heine.de/wilson-blade-104-v10-tennisschlaeger-5235?c=12
Tennis-Heine,2026-07-16 19:10:35,rackets,unisex,Wilson,Wilson Blade 104 V10 Tennisschläger,L2,,235.0,260.0,250.0,€,in_stock,https://www.tennis-heine.de/wilson-blade-104-v10-tennisschlaeger-5235?c=12
Tennis-Heine,2026-07-16 19:10:36,strings,unisex,Solinco,Solinco Mach 10 blau 200m Saitenrolle,1.25 mm,812753017347,119.0,155.0,,€,in_stock,https://www.tennis-heine.de/solinco-mach-10-blau-200m-saitenrolle-4879?c=8
Tennis-Heine,2026-07-16 19:10:36,rackets,unisex,Wilson,Wilson Blade 100UL V10 Tennisschläger,L2,199073032343,214.9,240.0,230.0,€,in_stock,https://www.tennis-heine.de/wilson-blade-100ul-v10-tennisschlaeger-5242?c=12
Tennis-Heine,2026-07-16 19:10:49,strings,unisex,Head,Head Lynx lila Saitenrolle 200m,1.25 mm,198772148263,99.9,150.0,,€,in_stock,https://www.tennis-heine.de/head-lynx-lila-saitenrolle-200m-5184?c=8
Tennis-Heine,2026-07-16 19:10:53,shoes,men,Wilson,Wilson Rush Pro 5 Clay grey Tennisschuhe Herren,EU 43,097512990684,124.9,160.0,160.0,€,in_stock,https://www.tennis-heine.de/wilson-rush-pro-5-clay-grey-tennisschuhe-herren-5123?c=7
Tennis-Heine,2026-07-16 19:10:53,shoes,men,Wilson,Wilson Rush Lite 5 Clay blue Tennisschuhe Herren,EU 43,097512990363,109.9,130.0,130.0,€,in_stock,https://www.tennis-heine.de/wilson-rush-lite-5-clay-blue-tennisschuhe-herren-5124?c=7
Tennis-Heine,2026-07-16 19:10:54,shoes,men,Wilson,Wilson Rush Lite 5 Clay white Tennisschuhe Herren,EU 43,097512990097,109.9,130.0,130.0,€,in_stock,https://www.tennis-heine.de/wilson-rush-lite-5-clay-white-tennisschuhe-herren-5125?c=7
Tennis-Heine,2026-07-16 19:10:54,shoes,men,Wilson,Wilson Rush Lite 5 Clay white red Tennisschuhe Herren,EU 43,097512997621,109.9,130.0,130.0,€,in_stock,https://www.tennis-heine.de/wilson-rush-lite-5-clay-white-red-tennisschuhe-herren-5126?c=7
Tennis-Heine,2026-07-16 19:10:54,shoes,men,Wilson,Wilson Rush Tour 5 Clay white Tennisschuhe Herren,EU 43,097512997324,159.9,200.0,200.0,€,out_of_stock,https://www.tennis-heine.de/wilson-rush-tour-5-clay-white-tennisschuhe-herren-5127?c=7
Tennis-Heine,2026-07-16 19:10:55,shoes,men,Wilson,Wilson Rush Pro 5 Clay white Tennisschuhe Herren,EU 43,097512990219,124.9,160.0,160.0,€,in_stock,https://www.tennis-heine.de/wilson-rush-pro-5-clay-white-tennisschuhe-herren-5122?c=7
Tennis-Heine,2026-07-16 19:10:55,shoes,men,Wilson,Wilson Rush Pro 5 Clay blue Tennisschuhe Herren,EU 43,097512990776,124.9,160.0,160.0,€,in_stock,https://www.tennis-heine.de/wilson-rush-pro-5-clay-blue-tennisschuhe-herren-5121?c=7
Tennis-Heine,2026-07-16 19:10:57,shoes,men,Head,Head Sprint Team 4.0 Clay Tennisschuhe Herren weiß,EU 43,198772059446,94.9,110.0,110.0,€,in_stock,https://www.tennis-heine.de/head-sprint-team-4.0-clay-tennisschuhe-herren-weiss-5155?c=7
Tennis-Heine,2026-07-16 19:11:04,shoes,men,Head,Head Sprint Pro 4.0 Clay LGPN Tennisschuhe Herren grau,EU 43,198772056544,119.9,160.0,160.0,€,in_stock,https://www.tennis-heine.de/head-sprint-pro-4.0-clay-lgpn-tennisschuhe-herren-grau-5154?c=7
Tennis-Heine,2026-07-16 19:11:05,shoes,men,Head,Head Sprint Pro 4.0 Clay RDDR Tennisschuhe Herren rot,EU 43,198772056223,119.9,160.0,160.0,€,in_stock,https://www.tennis-heine.de/head-sprint-pro-4.0-clay-rddr-tennisschuhe-herren-rot-5153?c=7
Tennis-Heine,2026-07-16 19:11:05,shoes,women,K-Swiss,K-Swiss Court Express 2 Carpet Tennisschuhe Damen,EU 39,0196483826159,69.9,79.99,79.99,€,out_of_stock,https://www.tennis-heine.de/k-swiss-court-express-2-carpet-tennisschuhe-damen-4846?c=7
Tennis-Heine,2026-07-16 19:11:05,shoes,women,K-Swiss,K-Swiss Court Express 2 Clay 2026 Tennisschuhe Damen,EU 39,0196483984804,69.9,79.99,79.99,€,in_stock,https://www.tennis-heine.de/k-swiss-court-express-2-clay-2026-tennisschuhe-damen-5053?c=7
Tennis-Heine,2026-07-16 19:11:06,shoes,women,K-Swiss,K-Swiss Ultrashot Light Clay Tennisschuhe Damen,EU 39,0199286041651,89.9,99.99,99.99,€,in_stock,https://www.tennis-heine.de/k-swiss-ultrashot-light-clay-tennisschuhe-damen-5055?c=7
Tennis-Heine,2026-07-16 19:11:06,shoes,women,K-Swiss,K-Swiss Hypercourt Express 3 Clay weiß Tennisschuhe Damen,EU 39,0199286025552,124.9,149.99,149.99,€,in_stock,https://www.tennis-heine.de/k-swiss-hypercourt-express-3-clay-weiss-tennisschuhe-damen-5052?c=7
Tennis-Heine,2026-07-16 19:11:07,shoes,women,K-Swiss,K-Swiss Express Light 3 Clay 2026 Tennisschuhe Damen,EU 39,0196483944006,99.9,119.99,119.99,€,in_stock,https://www.tennis-heine.de/k-swiss-express-light-3-clay-2026-tennisschuhe-damen-5051?c=7
Tennis-Heine,2026-07-16 19:11:07,shoes,women,K-Swiss,K-Swiss Melrose Tube Lite weiß lila Sportschuhe Damen,EU 39,0196483861433,79.9,89.99,89.99,€,out_of_stock,https://www.tennis-heine.de/k-swiss-melrose-tube-lite-weiss-lila-sportschuhe-damen-5065?c=7
Tennis-Heine,2026-07-16 19:11:08,shoes,women,Wilson,Wilson Intrigue Pro Clay white women Tennisschuhe,EU 39,097512992855,109.9,130.0,130.0,€,in_stock,https://www.tennis-heine.de/wilson-intrigue-pro-clay-white-women-tennisschuhe-5133?c=7
Tennis-Heine,2026-07-16 19:11:15,shoes,women,Wilson,Wilson Intrigue Lite white women Tennisschuhe,EU 39,097512993173,89.9,100.0,100.0,€,out_of_stock,https://www.tennis-heine.de/wilson-intrigue-lite-white-women-tennisschuhe-5131?c=7
Tennis-Heine,2026-07-16 19:11:16,shoes,women,Wilson,Wilson Intrigue Lite navy women Tennisschuhe,EU 39,097512878098,89.9,100.0,100.0,€,in_stock,https://www.tennis-heine.de/wilson-intrigue-lite-navy-women-tennisschuhe-5130?c=7
Tennis-Heine,2026-07-16 19:11:16,shoes,women,Wilson,Wilson Intrigue Pro Clay navy women Tennisschuhe,EU 39,0097512861168,109.9,130.0,130.0,€,in_stock,https://www.tennis-heine.de/wilson-intrigue-pro-clay-navy-women-tennisschuhe-5132?c=7
Tennis-Heine,2026-07-16 19:11:16,shoes,women,Head,Head Sprint Team 4.0 Clay CWLG Tennisschuhe Damen weiß,EU 39,198772064631,89.9,110.0,110.0,€,in_stock,https://www.tennis-heine.de/head-sprint-team-4.0-clay-cwlg-tennisschuhe-damen-weiss-5151?c=7
Tennis-Heine,2026-07-16 19:11:17,shoes,women,K-Swiss,K-Swiss Melrose Tube Lite weiß Sportschuhe Damen,EU 39,199286115239,79.9,89.99,89.99,€,in_stock,https://www.tennis-heine.de/detail/index/sArticle/5290/sCategory/7
Tennis-Heine,2026-07-16 19:11:32,rackets,unisex,Wilson,Wilson Defyer 98 Pro Tennisschläger,L3,199073043479,289.9,290.0,290.0,€,in_stock,https://www.tennis-heine.de/detail/index/sArticle/5286/sCategory/12
Tennis-Heine,2026-07-16 19:11:33,rackets,unisex,Wilson,Wilson Defyer 98 Pro Tennisschläger,L2,199073043486,289.9,290.0,290.0,€,in_stock,https://www.tennis-heine.de/detail/index/sArticle/5286/sCategory/12
Tennis-Heine,2026-07-16 19:11:33,rackets,unisex,Head,Head Extreme MP L 2026 Tennisschläger,L3,198772203412,206.9,230.0,230.0,€,in_stock,https://www.tennis-heine.de/detail/index/sArticle/5291/sCategory/12
Tennis-Heine,2026-07-16 19:11:33,rackets,unisex,Head,Head Extreme MP L 2026 Tennisschläger,L2,198772203405,206.9,230.0,230.0,€,in_stock,https://www.tennis-heine.de/detail/index/sArticle/5291/sCategory/12
Tennis-Heine,2026-07-16 19:11:34,rackets,unisex,Head,Head Extreme Pro 2026 Tennisschläger,L3,198772203191,233.9,260.0,260.0,€,in_stock,https://www.tennis-heine.de/detail/index/sArticle/5294/sCategory/12
Tennis-Heine,2026-07-16 19:11:35,rackets,unisex,Head,Head Extreme Pro 2026 Tennisschläger,L2,198772203184,233.9,260.0,260.0,€,in_stock,https://www.tennis-heine.de/detail/index/sArticle/5294/sCategory/12
