retailer,timestamp,category,gender,brand,name,reference_variant,ean,current_price,regular_price,msrp_price,currency,availability,url
Tennistown,2026-06-21 10:26:03,rackets,unisex,Head,Head Tennisschläger Speed MP Ultra Lite 100in/265g/Allround 2026 schwarz/weiss - unbesaitet -,L2,0198772135430,155.25,172.5,230.0,€,in_stock,https://www.tennistown.de/product_info.php?cPath=786_21&products_id=100161
Tennistown,2026-06-21 10:26:03,rackets,unisex,Head,Head Tennisschläger Speed MP Ultra Lite 100in/265g/Allround 2026 schwarz/weiss - unbesaitet -,L3,0198772135447,155.25,172.5,230.0,€,in_stock,https://www.tennistown.de/product_info.php?cPath=786_21&products_id=100161
Tennistown,2026-06-21 10:26:04,rackets,unisex,Head,Head Tennisschläger Speed MP Lite 100in/285g/Allround 2026 schwarz/weiss - unbesaitet -,L2,0198772135317,168.75,187.5,250.0,€,in_stock,https://www.tennistown.de/product_info.php?cPath=786_21&products_id=100160
Tennistown,2026-06-21 10:26:04,rackets,unisex,Head,Head Tennisschläger Speed MP Lite 100in/285g/Allround 2026 schwarz/weiss - unbesaitet -,L3,0198772135324,168.75,187.5,250.0,€,in_stock,https://www.tennistown.de/product_info.php?cPath=786_21&products_id=100160
Tennistown,2026-06-21 10:26:06,rackets,unisex,Head,Head Tennisschläger Boom MP L Alternate 100in/275g 2026 lila - unbesaitet -,L2,0198772140090,164.25,182.5,230.0,€,in_stock,https://www.tennistown.de/product_info.php?cPath=786_21&products_id=102318
Tennistown,2026-06-21 10:26:06,rackets,unisex,Head,Head Tennisschläger Boom MP L Alternate 100in/275g 2026 lila - unbesaitet -,L3,0198772140106,164.25,182.5,230.0,€,in_stock,https://www.tennistown.de/product_info.php?cPath=786_21&products_id=102318
Tennistown,2026-06-21 10:26:09,rackets,unisex,Head,Head Tennisschläger Radical MP #23 98in/300g/Turnier rot/schwarz - unbesaitet -,L2,,161.91,179.9,280.0,€,out_of_stock,https://www.tennistown.de/product_info.php?cPath=786_21&products_id=66809
Tennistown,2026-06-21 10:26:09,rackets,unisex,Head,Head Tennisschläger Radical MP #23 98in/300g/Turnier rot/schwarz - unbesaitet -,L3,,161.91,179.9,280.0,€,out_of_stock,https://www.tennistown.de/product_info.php?cPath=786_21&products_id=66809
Tennistown,2026-06-21 10:26:11,rackets,unisex,Head,Head Tennisschläger Gravity Tour 100in/305g/Turnier 2023 schwarz - unbesaitet -,L2,,151.2,168.0,280.0,€,out_of_stock,https://www.tennistown.de/product_info.php?cPath=786_21&products_id=69457
Tennistown,2026-06-21 10:26:11,rackets,unisex,Head,Head Tennisschläger Gravity Tour 100in/305g/Turnier 2023 schwarz - unbesaitet -,L3,,151.2,168.0,280.0,€,out_of_stock,https://www.tennistown.de/product_info.php?cPath=786_21&products_id=69457
Tennistown,2026-06-21 10:26:23,rackets,unisex,Wilson,Wilson Tennisschläger Shift 99 V1 99in/300g Roland Garros Session Soire 2025 dunkelblau - unbesaitet,L2,0097512892100,161.91,179.9,270.0,€,in_stock,https://www.tennistown.de/product_info.php?cPath=786_21&products_id=97193
Tennistown,2026-06-21 10:26:23,rackets,unisex,Wilson,Wilson Tennisschläger Shift 99 V1 99in/300g Roland Garros Session Soire 2025 dunkelblau - unbesaitet,L3,,161.91,179.9,270.0,€,out_of_stock,https://www.tennistown.de/product_info.php?cPath=786_21&products_id=97193
Tennistown,2026-06-21 10:26:23,shoes,women,Wilson,Wilson Tennisschuhe Intrigue Pro Allcourt 2025 weiss/blau/lime Damen,EU 39,0097512909709,76.46,84.95,130.0,€,in_stock,https://www.tennistown.de/product_info.php?cPath=786_515&products_id=104813
Tennistown,2026-06-21 10:26:25,rackets,unisex,Wilson,Wilson Tennisschläger Ultra Pro 18x20 V4.0 97in/305g/Turnier blau - unbesaitet -,L2,0097512640602,159.9,,250.0,€,in_stock,https://www.tennistown.de/product_info.php?cPath=786_21&products_id=105102
Tennistown,2026-06-21 10:26:25,rackets,unisex,Wilson,Wilson Tennisschläger Ultra Pro 18x20 V4.0 97in/305g/Turnier blau - unbesaitet -,L3,0097512640626,159.9,,250.0,€,in_stock,https://www.tennistown.de/product_info.php?cPath=786_21&products_id=105102
Tennistown,2026-06-21 10:26:36,strings,unisex,Head,Head Tennissaite Lynx Tour (Kontrolle+Spin) champagnebraun 200m Rolle,1.25 mm,0724794245880,98.91,109.9,150.0,€,in_stock,https://www.tennistown.de/product_info.php?cPath=786_24&products_id=44094
Tennistown,2026-06-21 10:26:38,strings,unisex,Head,Head Tennissaite Velocity MLT (Armschonung+Touch) gelb 200m Rolle,1.25 mm,0726424946013,80.91,89.9,130.0,€,in_stock,https://www.tennistown.de/product_info.php?cPath=786_24&products_id=38799
Tennistown,2026-06-21 10:26:47,strings,unisex,Yonex,Yonex Tennissaite Poly Tour Pro (Haltbarkeit+Touch) violett 200m Rolle,1.25 mm,4550675334284,114.9,,169.9,€,in_stock,https://www.tennistown.de/product_info.php?cPath=786_24&products_id=103919
Tennistown,2026-06-21 10:26:49,strings,unisex,Solinco,Solinco Tennissaite Confidential Soft (Haltbarkeit+Spielgefühl) pink 200m Rolle,1.25 mm,0812753017897,129.9,,145.0,€,in_stock,https://www.tennistown.de/product_info.php?cPath=786_24&products_id=101685
Tennistown,2026-06-21 10:26:53,strings,unisex,Wilson,Wilson Tennissaite Repel (Allround+Touch) natur 200m Rolle,1.25 mm,0097512920841,125.91,139.9,190.0,€,in_stock,https://www.tennistown.de/product_info.php?cPath=786_24&products_id=95099
Tennistown,2026-06-21 10:26:55,strings,unisex,Yonex,Yonex Tennissaite Poly Tour Rev (Polyester/achteckig) mintgrün 200m Rolle,1.25 mm,4550468618270,152.91,169.9,259.9,€,in_stock,https://www.tennistown.de/product_info.php?cPath=786_24&products_id=73961
Tennistown,2026-06-21 10:26:59,strings,unisex,Head,Head Tennissaite Hawk Power (Power) petrolblau 200m Rolle,1.25 mm,0724794418505,107.91,119.9,200.0,€,in_stock,https://www.tennistown.de/product_info.php?cPath=786_24&products_id=80347
Tennistown,2026-06-21 10:26:59,strings,unisex,Yonex,Yonex Tennissaite Rexis Speed (Komfort+Power) weiss 200m Rolle,1.25 mm,,161.91,179.9,379.9,€,out_of_stock,https://www.tennistown.de/product_info.php?cPath=786_24&products_id=80304
Tennistown,2026-06-21 10:27:02,strings,unisex,Wilson,Wilson Tennissaite Sensation Blue 1.30 (Armschonung+Kontrolle) blau 200m Rolle,1.25 mm,,71.92,89.9,140.0,€,out_of_stock,https://www.tennistown.de/product_info.php?cPath=786_24&products_id=72172
Tennistown,2026-06-21 10:27:03,strings,unisex,Yonex,Yonex Tennissaite Rexis Comfort (Power+Komfort) schwarz 200m Rolle,1.25 mm,,151.96,189.95,379.9,€,out_of_stock,https://www.tennistown.de/product_info.php?cPath=786_24&products_id=70937
Tennistown,2026-06-21 10:27:04,strings,unisex,Yonex,Yonex Tennissaite Rexis Comfort (Power+Komfort) weiss 200m Rolle,1.25 mm,4550086962076,206.91,229.9,379.9,€,in_stock,https://www.tennistown.de/product_info.php?cPath=786_24&products_id=70934
Tennistown,2026-06-21 10:27:08,strings,unisex,Solinco,Solinco Tennissaite Confidential (Haltbarkeit+Spielgefühl) grau 200m Rolle,1.25 mm,0812753013455,119.9,,145.0,€,in_stock,https://www.tennistown.de/product_info.php?cPath=786_24&products_id=62415
Tennistown,2026-06-21 10:27:21,strings,unisex,Head,Head Tennissaite Lynx Touch (Kontrolle+Touch) twilight blau 200m Rolle,1.25 mm,0724794399576,93.42,109.9,150.0,€,in_stock,https://www.tennistown.de/product_info.php?cPath=786_24&products_id=80802
Tennistown,2026-06-21 10:27:30,strings,unisex,Head,Head Tennissaite Hawk (Haltbarkeit+Power) weiss 200m Rolle,1.25 mm,0726423882398,129.9,,199.95,€,in_stock,https://www.tennistown.de/product_info.php?cPath=786_24&products_id=16533
Tennistown,2026-06-21 10:27:33,strings,unisex,Wilson,Wilson Tennissaite Sensation Control 1.30 (Kontrolle+Touch) natur 200m Rolle,1.25 mm,,101.96,119.95,175.0,€,out_of_stock,https://www.tennistown.de/product_info.php?cPath=786_24&products_id=16251
Tennistown,2026-06-21 10:27:33,strings,unisex,Wilson,Wilson Tennissaite Sensation (Armschonung+Kontrolle) natur 200m Rolle,1.25 mm,0887768140229,84.92,99.9,140.0,€,in_stock,https://www.tennistown.de/product_info.php?cPath=786_24&products_id=15619
Tennistown,2026-06-21 10:27:36,strings,unisex,Solinco,Solinco Tennissaite Tour Bite Diamond Rough (Spin+Haltbarkeit) silber 200m Rolle,1.25 mm,,119.9,,145.0,€,out_of_stock,https://www.tennistown.de/product_info.php?cPath=786_24&products_id=13391
Tennistown,2026-06-21 10:27:40,strings,unisex,Head,Head Tennissaite Sonic Pro (Haltbarkeit) schwarz 200m Rolle,1.25 mm,0726423275367,63.71,74.95,100.0,€,in_stock,https://www.tennistown.de/product_info.php?cPath=786_24&products_id=11598
Tennistown,2026-06-21 10:27:40,strings,unisex,Luxilon,Luxilon Tennissaite 4G (Haltbarkeit+Power) gelb 200m Rolle,1.25 mm,0883813850990,229.99,,350.0,€,in_stock,https://www.tennistown.de/product_info.php?cPath=786_24&products_id=10929
Tennistown,2026-06-21 10:27:48,strings,unisex,Yonex,Yonex Tennissaite Poly Tour Pro (Haltbarkeit+Touch) graphitegrau 200m Rolle,1.25 mm,4547656745016,124.9,,169.9,€,in_stock,https://www.tennistown.de/product_info.php?cPath=786_24&products_id=9829
Tennistown,2026-06-21 10:27:51,strings,unisex,Solinco,Solinco Tennissaite Outlast (Haltbarkeit+Kontrolle) rot 200m Rolle,1.25 mm,0812753010362,69.9,,99.9,€,in_stock,https://www.tennistown.de/product_info.php?cPath=786_24&products_id=8049
Tennistown,2026-06-21 10:28:23,strings,unisex,Luxilon,Luxilon Tennissaite BB Original 1.30 (Haltbarkeit+Kontrolle) natur 200m Rolle,1.25 mm,,169.92,199.9,260.0,€,out_of_stock,https://www.tennistown.de/product_info.php?cPath=786_24&products_id=881
Tennistown,2026-06-21 10:28:25,strings,unisex,Head,Head Tennissaite IntelliTour (Armschonung+Kontrolle) natur 200m Rolle,1.25 mm,0724794184998,103.92,129.9,180.0,€,in_stock,https://www.tennistown.de/product_info.php?cPath=786_24&products_id=612
Tennistown,2026-06-21 10:28:30,strings,unisex,Head,Head Tennissaite Lynx (Haltbarkeit) limegrün 200m Rolle,1.25 mm,0726424791897,89.95,99.95,150.0,€,in_stock,https://www.tennistown.de/product_info.php?cPath=786_24&products_id=33630
Tennistown,2026-06-21 10:28:35,strings,unisex,Yonex,Yonex Tennissaite Poly Tour Strike (Haltbarkeit+Kontrolle) grau 200m Rolle,1.25 mm,4550086117728,125.91,139.9,259.9,€,in_stock,https://www.tennistown.de/product_info.php?cPath=786_24&products_id=31734
Tennistown,2026-06-21 10:28:36,strings,unisex,Yonex,Yonex Tennissaite Poly Tour Spin (Haltbarkeit+Spin) schwarz 200m Rolle,1.25 mm,4549317936047,80.91,89.9,159.9,€,in_stock,https://www.tennistown.de/product_info.php?cPath=786_24&products_id=31730
Tennistown,2026-06-21 10:28:42,strings,unisex,Yonex,Yonex Tennissaite Poly Tour Air (Haltbarkeit+Touch) blau 200m Rolle,1.25 mm,4549317687222,119.9,,149.9,€,in_stock,https://www.tennistown.de/product_info.php?cPath=786_24&products_id=24280
Tennistown,2026-06-21 10:28:43,strings,unisex,Solinco,Solinco Tennissaite Hyper G (Haltbarkeit+Power) grün 200m Rolle,1.25 mm,0812753012359,119.9,,145.0,€,in_stock,https://www.tennistown.de/product_info.php?cPath=786_24&products_id=23128
Tennistown,2026-06-21 10:28:51,strings,unisex,Luxilon,Luxilon Tennissaite 4G Soft 1.25 (Haltbarkeit+Touch) gelb 200m Rolle,1.25 mm,0883813852772,299.9,,330.0,€,in_stock,https://www.tennistown.de/product_info.php?cPath=786_24&products_id=21167
Tennistown,2026-06-21 10:28:53,strings,unisex,Head,Head Tennissaite Reflex MLT (Armschonung+Touch) natur 200m Rolle,1.25 mm,0726424106509,115.96,144.95,220.0,€,in_stock,https://www.tennistown.de/product_info.php?cPath=786_24&products_id=20267
Tennistown,2026-06-21 10:28:56,strings,unisex,Wilson,Wilson Tennissaite Revolve (Spin+Haltbarkeit) orange 200m Rolle,1.25 mm,0887768318024,87.99,109.99,170.0,€,in_stock,https://www.tennistown.de/product_info.php?cPath=786_24&products_id=19660
Tennistown,2026-06-21 10:28:56,strings,unisex,Wilson,Wilson Tennissaite Revolve (Haltbarkeit+Spin) weiss 200m Rolle,1.25 mm,,124.95,,160.0,€,out_of_stock,https://www.tennistown.de/product_info.php?cPath=786_24&products_id=19659
Tennistown,2026-06-21 10:28:59,strings,unisex,Wilson,Wilson Tennissaite Poly Pro (Haltbarkeit+Power) silber 200 Meter Rolle,1.25 mm,0887768236328,74.9,,85.0,€,in_stock,https://www.tennistown.de/product_info.php?cPath=786_24&products_id=18952
Tennistown,2026-06-21 10:29:00,strings,unisex,Head,Head Tennissaite Lynx (Haltbarkeit) anthrazitgrau 200m Rolle,1.25 mm,0726423942306,87.92,109.9,150.0,€,in_stock,https://www.tennistown.de/product_info.php?cPath=786_24&products_id=18455
Tennistown,2026-06-21 10:29:02,strings,unisex,Head,Head Tennissaite Hawk (Haltbarkeit+Power) grau 200m Rolle,1.25 mm,0726423882381,118.92,139.9,199.95,€,in_stock,https://www.tennistown.de/product_info.php?cPath=786_24&products_id=16535
Tennistown,2026-06-21 10:29:03,strings,unisex,Yonex,Yonex Tennissaite Poly Tour Rev (Polyester/achteckig) violett 200m Rolle,1.25 mm,,143.91,159.9,259.9,€,out_of_stock,https://www.tennistown.de/product_info.php?cPath=786_24&products_id=61756
Tennistown,2026-06-21 10:29:04,strings,unisex,Solinco,Solinco Tennissaite Hyper G SOFT (Haltbarkeit+Touch) grün 200m Rolle,1.25 mm,0812753013370,119.9,,145.0,€,in_stock,https://www.tennistown.de/product_info.php?cPath=786_24&products_id=52221
Tennistown,2026-06-21 10:29:13,strings,unisex,Head,Head Tennissaite Hawk Touch (Haltbarkeit+Kontrolle) anthrazit 200m Rolle,1.25 mm,0724794328934,121.45,134.95,200.0,€,in_stock,https://www.tennistown.de/product_info.php?cPath=786_24&products_id=50424
Tennistown,2026-06-21 10:29:18,shoes,men,Wilson,Wilson Tennisschuhe Rush Pro Lite Allcourt 2025 weiss/blau Herren,EU 43,,67.9,,100.0,€,out_of_stock,https://www.tennistown.de/product_info.php?cPath=786_515&products_id=104637
Tennistown,2026-06-21 10:29:18,shoes,men,K-Swiss,KSwiss Tennisschuhe Express Light 3 Clay/Sandplatz weiss/schwarz Herren,EU 43,,84.95,,119.99,€,out_of_stock,https://www.tennistown.de/product_info.php?cPath=786_515&products_id=94705
Tennistown,2026-06-21 10:29:19,shoes,men,Wilson,Wilson Tennisschuhe Rush Pro 4.5 Clay/Sandplatz 2025 schwarz/rot Herren,EU 43,0097512846363,89.91,99.9,140.0,€,in_stock,https://www.tennistown.de/product_info.php?cPath=786_515&products_id=94547
Tennistown,2026-06-21 10:29:20,shoes,men,Wilson,Wilson Tennisschuhe Rush Pro Lite Allcourt weiss/blau Herren,EU 43,,69.9,,100.0,€,out_of_stock,https://www.tennistown.de/product_info.php?cPath=786_515&products_id=94463
Tennistown,2026-06-21 10:29:21,shoes,men,Wilson,"Wilson Tennisschuhe Rush Pro Ace Clay/Sandplatz (Stabilität, 2E/weit) 2025 blau/weiss Herren",EU 43,,66.51,73.9,120.0,€,out_of_stock,https://www.tennistown.de/product_info.php?cPath=786_515&products_id=94462
Tennistown,2026-06-21 10:29:22,shoes,men,Wilson,Wilson Tennisschuhe Rush Pro 4.5 Clay/Sandplatz 2025 navyblau Herren,EU 43,,76.46,84.95,140.0,€,out_of_stock,https://www.tennistown.de/product_info.php?cPath=786_515&products_id=94459
Tennistown,2026-06-21 10:29:22,shoes,men,Head,Head Tennisschuhe Sprint Team 4.0 Clay/Sandplatz 2025 weiss/schwarz Herren,EU 43,,71.91,79.9,110.0,€,out_of_stock,https://www.tennistown.de/product_info.php?cPath=786_515&products_id=94337
Tennistown,2026-06-21 10:29:25,shoes,men,Head,Head Tennisschuhe Sprint Evo 3.5 Clay/Sandplatz 2025 schwarz/blau Herren,EU 43,,84.5,,130.0,€,out_of_stock,https://www.tennistown.de/product_info.php?cPath=786_515&products_id=93786
Tennistown,2026-06-21 10:29:27,shoes,men,Wilson,Wilson Tennisschuhe Rush Pro 4.5 Allcourt (Stabilität) 2025 navyblau Herren,EU 43,,94.49,,140.0,€,out_of_stock,https://www.tennistown.de/product_info.php?cPath=786_515&products_id=93482
Tennistown,2026-06-21 10:29:30,shoes,men,Head,Head Tennisschuhe Sprint Evo 4.0 Allcourt hellgrau/rot Herren,EU 43,0198772058326,94.45,104.95,130.0,€,in_stock,https://www.tennistown.de/product_info.php?cPath=786_515&products_id=100911
Tennistown,2026-06-21 10:29:32,shoes,men,K-Swiss,KSwiss Tennisschuhe Hypercourt Express 3 Allcourt dazzlingblau/schwarz Herren,EU 43,0196483935332,114.74,127.5,149.99,€,in_stock,https://www.tennistown.de/product_info.php?cPath=786_515&products_id=100645
Tennistown,2026-06-21 10:29:33,shoes,men,Head,Head Tennisschuhe Sprint Pro 4.0 Clay/Sandplatz 2026 hellgrau/purple Herren,EU 43,,116.95,129.95,160.0,€,out_of_stock,https://www.tennistown.de/product_info.php?cPath=786_515&products_id=100606
Tennistown,2026-06-21 10:29:33,shoes,men,K-Swiss,KSwiss Tennisschuhe Ultrashot Light Clay/Sandplatz 2026 weiss/dazzlingblau Herren,EU 43,0199286039429,70.0,,99.99,€,in_stock,https://www.tennistown.de/product_info.php?cPath=786_515&products_id=100590
Tennistown,2026-06-21 10:29:34,shoes,men,K-Swiss,KSwiss Tennisschuhe Hypercourt Pinnacle Allcourt weiss/blau Herren,EU 43,0196483933376,143.54,159.5,189.99,€,in_stock,https://www.tennistown.de/product_info.php?cPath=786_515&products_id=100583
Tennistown,2026-06-21 10:29:35,shoes,men,K-Swiss,KSwiss Tennisschuhe Court Express 2 Clay/Sandplatz 2026 creamweiss/grau Herren,EU 43,0196483933253,64.9,,79.99,€,in_stock,https://www.tennistown.de/product_info.php?cPath=786_515&products_id=100582
Tennistown,2026-06-21 10:29:35,shoes,men,Head,Head Tennisschuhe Sprint Team 4.0 Clay/Sandplatz 2026 navyblau/mintgrün Herren,EU 43,0198772059149,78.71,87.45,110.0,€,in_stock,https://www.tennistown.de/product_info.php?cPath=786_515&products_id=100573
Tennistown,2026-06-21 10:29:36,shoes,men,Head,Head Tennisschuhe Revolt Pro 5.0 Clay/Sandplatz 2026 rot Herren,EU 43,,107.91,119.9,160.0,€,out_of_stock,https://www.tennistown.de/product_info.php?cPath=786_515&products_id=100570
Tennistown,2026-06-21 10:29:37,shoes,men,Wilson,Wilson Tennisschuhe Rush Pro Ace V Allcourt (2E/weit) blau/weiss Herren,EU 43,,76.95,,120.0,€,out_of_stock,https://www.tennistown.de/product_info.php?cPath=786_515&products_id=97214
Tennistown,2026-06-21 10:29:42,strings,unisex,Yonex,Yonex Tennissaite Dynawire (Touch+Haltbarkeit) weiss/silber 200m Rolle,1.25 mm,4549317520390,62.91,69.9,129.9,€,in_stock,https://www.tennistown.de/product_info.php?cPath=786_24&products_id=70902
Tennistown,2026-06-21 10:29:47,strings,unisex,Luxilon,Luxilon Tennissaite Eco Power 1.25 (Haltbarkeit) blaugrün 200m Rolle,1.25 mm,0097512655705,118.92,139.9,170.0,€,in_stock,https://www.tennistown.de/product_info.php?cPath=786_24&products_id=72175
Tennistown,2026-06-21 10:29:47,strings,unisex,Luxilon,Luxilon Tennissaite Element (Haltbarkeit+Touch) grün 200m Rolle,1.25 mm,,151.92,189.9,270.0,€,out_of_stock,https://www.tennistown.de/product_info.php?cPath=786_24&products_id=59001
Tennistown,2026-06-21 10:29:49,strings,unisex,Yonex,Yonex Tennissaite Rexis Speed (Komfort+Power) schwarz 200m Rolle,1.25 mm,,195.41,229.9,379.9,€,out_of_stock,https://www.tennistown.de/product_info.php?cPath=786_24&products_id=80305
Tennistown,2026-06-21 10:30:00,strings,unisex,Head,Head Tennissaite Lynx Tour (Kontrolle+Spin) schwarz 200m Rolle,1.25 mm,0724794482377,98.91,109.9,150.0,€,in_stock,https://www.tennistown.de/product_info.php?cPath=786_24&products_id=80803
Tennistown,2026-06-21 10:30:01,strings,unisex,Luxilon,Luxilon Tennissaite Eco Spin 1.25 (Haltbarkeit+Spin) schwarz 200m Rolle,1.25 mm,0097512741842,131.96,164.95,210.0,€,in_stock,https://www.tennistown.de/product_info.php?cPath=786_24&products_id=92068
Tennistown,2026-06-21 10:30:02,strings,unisex,Solinco,Solinco Tennissaite Mach-10 (Haltbarkeit+Power) blau 200m Rolle,1.25 mm,0812753017347,129.9,,169.9,€,in_stock,https://www.tennistown.de/product_info.php?cPath=786_24&products_id=91002
Tennistown,2026-06-21 10:30:10,strings,unisex,Luxilon,Luxilon Tennissaite Alu Power 1.20 (Haltbarkeit+Power) silber 200m Rolle,1.25 mm,,237.11,278.95,330.0,€,out_of_stock,https://www.tennistown.de/product_info.php?cPath=786_24&products_id=15653
Tennistown,2026-06-21 10:30:11,strings,unisex,Luxilon,Luxilon Tennissaite 4G Rough (Haltbarkeit+Spin) 1.25 gelb 200m Rolle,1.25 mm,0883813997336,199.92,249.9,350.0,€,in_stock,https://www.tennistown.de/product_info.php?cPath=786_24&products_id=15627
Tennistown,2026-06-21 10:30:28,strings,unisex,Head,Head Tennissaite Rip Control (Kontrolle+Armschonung) beige 200m Rolle,1.25 mm,0724794484265,95.96,119.95,160.0,€,in_stock,https://www.tennistown.de/product_info.php?cPath=786_24&products_id=10098
Tennistown,2026-06-21 10:30:34,shoes,men,Head,Head Tennisschuhe Endure Pro Clay/Sandplatz navyblau Herren,EU 43,0198772055288,125.95,139.95,180.0,€,in_stock,https://www.tennistown.de/product_info.php?cPath=786_515&products_id=100257
Tennistown,2026-06-21 10:30:35,shoes,men,Head,Head Tennisschuhe Revolt Evo 5.0 Allcourt 2026 weiss/schwarz Herren,EU 43,,94.45,104.95,130.0,€,out_of_stock,https://www.tennistown.de/product_info.php?cPath=786_515&products_id=100187
Tennistown,2026-06-21 10:30:35,shoes,men,Head,Head Tennisschuhe Revolt Pro 5.0 Clay/Sandplatz 2026 weiss/schwarz Herren,EU 43,0198772058180,116.95,129.95,160.0,€,in_stock,https://www.tennistown.de/product_info.php?cPath=786_515&products_id=100186
Tennistown,2026-06-21 10:30:36,shoes,men,Head,Head Tennisschuhe Sprint Pro 4.0 Clay/Sandplatz 2026 creamweiss/dunkelgrau Herren,EU 43,,116.95,129.95,160.0,€,out_of_stock,https://www.tennistown.de/product_info.php?cPath=786_515&products_id=100173
Tennistown,2026-06-21 10:30:37,shoes,men,Head,Head Tennisschuhe Revolt Court 5.0 Allcourt 2026 schwarz/weiss Herren,EU 43,0198772059606,62.95,69.95,85.0,€,in_stock,https://www.tennistown.de/product_info.php?cPath=786_515&products_id=100152
Tennistown,2026-06-21 10:30:38,shoes,men,K-Swiss,KSwiss Tennisschuhe Hypercourt Express 2 Allcourt 2025 schwarz/neongrün Herren,EU 43,0196483817522,99.9,,139.95,€,in_stock,https://www.tennistown.de/product_info.php?cPath=786_515&products_id=100013
Tennistown,2026-06-21 10:30:42,shoes,men,Wilson,Wilson Tennisschuhe Rush Tour 5.0 Clay/Sandplatz weiss/mint/coral Herren,EU 43,0097512993784,143.95,159.95,200.0,€,in_stock,https://www.tennistown.de/product_info.php?cPath=786_515&products_id=103062
Tennistown,2026-06-21 10:30:45,shoes,men,K-Swiss,KSwiss Tennisschuhe Court Express 2 Allcourt 2025 schwarz Herren,EU 43,0196483815979,59.9,,79.95,€,in_stock,https://www.tennistown.de/product_info.php?cPath=786_515&products_id=95562
Tennistown,2026-06-21 10:30:46,shoes,men,K-Swiss,KSwiss Tennisschuhe Hypercourt Express 2 Indoor/Carpet/Teppich 2025 indigoblau Herren,EU 43,,119.9,,139.99,€,out_of_stock,https://www.tennistown.de/product_info.php?cPath=786_515&products_id=95493
Tennistown,2026-06-21 10:30:47,shoes,men,K-Swiss,KSwiss Tennisschuhe Express Light 3 Indoor/Carpet/Teppich 2025 weiss/blau Herren,EU 43,,89.9,,119.99,€,out_of_stock,https://www.tennistown.de/product_info.php?cPath=786_515&products_id=95492
Tennistown,2026-06-21 10:30:47,shoes,men,K-Swiss,KSwiss Tennisschuhe Hypercourt Supreme 2 Clay/Sandplatz 2025 weiss/schwarz/grün Herren,EU 43,,107.91,119.9,169.99,€,out_of_stock,https://www.tennistown.de/product_info.php?cPath=786_515&products_id=95244
Tennistown,2026-06-21 10:30:48,shoes,men,K-Swiss,KSwiss Tennisschuhe Express Light 3 Clay/Sandplatz schwarz/grün Herren,EU 43,0196483819205,79.95,,119.99,€,in_stock,https://www.tennistown.de/product_info.php?cPath=786_515&products_id=95243
Tennistown,2026-06-21 10:30:49,shoes,men,Head,Head Tennisschuhe Endure Pro Clay/Sandplatz gelb/weiss Herren,EU 43,0198772054892,116.95,129.95,180.0,€,in_stock,https://www.tennistown.de/product_info.php?cPath=786_515&products_id=95139
Tennistown,2026-06-21 10:30:53,shoes,men,Head,Head Tennisschuhe Revolt Court Allcourt weiss/blau Herren,EU 43,,64.9,,85.0,€,out_of_stock,https://www.tennistown.de/product_info.php?cPath=786_515&products_id=77147
Tennistown,2026-06-21 10:30:53,shoes,men,Head,Head Tennisschuhe Sprint Pro 3.5 Clay/Sandplatz weinrot Herren,EU 43,,99.9,,160.0,€,out_of_stock,https://www.tennistown.de/product_info.php?cPath=786_515&products_id=77146
Tennistown,2026-06-21 10:31:01,shoes,men,Head,Head Tennisschuhe Sprint Pro SF 3.0 Clay/Sandplatz #22 schwarz/lime Herren,EU 43,,109.9,,180.0,€,out_of_stock,https://www.tennistown.de/product_info.php?cPath=786_515&products_id=64397
Tennistown,2026-06-21 10:31:05,shoes,men,K-Swiss,KSwiss Tennisschuhe Ultrashot 3 Allcourt blau/bunt Herren,EU 43,,121.45,134.95,199.9,€,out_of_stock,https://www.tennistown.de/product_info.php?cPath=786_515&products_id=72689
Tennistown,2026-06-21 10:31:06,shoes,men,Head,Head Tennisschuhe Sprint Team 3.5 Clay/Sandplatz 2024 weiss/schwarz Herren,EU 43,,69.5,,110.0,€,out_of_stock,https://www.tennistown.de/product_info.php?cPath=786_515&products_id=72659
Tennistown,2026-06-21 10:31:06,shoes,men,Head,Head Tennisschuhe Revolt Evo 2.0 Clay/Sandplatz dunkelblau/rot Herren,EU 43,,97.5,,130.0,€,out_of_stock,https://www.tennistown.de/product_info.php?cPath=786_515&products_id=72656
Tennistown,2026-06-21 10:31:07,shoes,men,K-Swiss,KSwiss Tennisschuhe BigShot Light 4 Allcourt hellblau/orionblau Herren,EU 43,,85.45,94.95,129.99,€,out_of_stock,https://www.tennistown.de/product_info.php?cPath=786_515&products_id=72526
Tennistown,2026-06-21 10:31:07,shoes,men,K-Swiss,KSwiss Tennisschuhe Hypercourt Supreme Clay/Sandplatz hellblau/orionblau Herren,EU 43,,139.9,,179.9,€,out_of_stock,https://www.tennistown.de/product_info.php?cPath=786_515&products_id=72523
Tennistown,2026-06-21 10:31:10,shoes,men,Head,Head Tennisschuhe Sprint Pro 3.5 Clay/Sandplatz blaugrau Herren,EU 43,,99.9,,150.0,€,out_of_stock,https://www.tennistown.de/product_info.php?cPath=786_515&products_id=61948
Tennistown,2026-06-21 10:31:12,shoes,men,Wilson,Wilson Tennisschuhe Kaos Swift 1.5 Clay/Sandplatz/Leichtigkeit 2024 grau Herren,EU 43,0097512754149,95.9,,130.0,€,in_stock,https://www.tennistown.de/product_info.php?cPath=786_515&products_id=78522
Tennistown,2026-06-21 10:31:12,shoes,men,Wilson,Wilson Tennisschuhe Kaos Stroke 2.0 Allcourt/Dämpfung 2024 orange/weiss Herren,EU 43,,66.0,,80.0,€,out_of_stock,https://www.tennistown.de/product_info.php?cPath=786_515&products_id=78483
Tennistown,2026-06-21 10:31:13,shoes,men,K-Swiss,KSwiss Tennisschuhe Speedex HB Clay/Sandplatz 2024 weiss/peacoatblau/limegrün Herren,EU 43,,69.9,,99.99,€,out_of_stock,https://www.tennistown.de/product_info.php?cPath=786_515&products_id=77865
Tennistown,2026-06-21 10:31:14,shoes,men,K-Swiss,KSwiss Tennisschuhe Hypercourt Express 2 HB Clay/Sandplatz 2024 - tealblau/weiss Herren,EU 43,,99.9,,149.99,€,out_of_stock,https://www.tennistown.de/product_info.php?cPath=786_515&products_id=77857
Tennistown,2026-06-21 10:31:14,shoes,men,Head,Head Tennisschuhe Sprint Team 3.5 Clay/Sandplatz 2024 grau/gelb Herren,EU 43,,71.01,78.9,110.0,€,out_of_stock,https://www.tennistown.de/product_info.php?cPath=786_515&products_id=77751
Tennistown,2026-06-21 10:31:15,shoes,men,Head,Head Tennisschuhe Revolt Pro 4.5 Clay/Sandplatz 2024 schwarz Herren,EU 43,,89.91,99.9,160.0,€,out_of_stock,https://www.tennistown.de/product_info.php?cPath=786_515&products_id=77724
Tennistown,2026-06-21 10:31:16,shoes,men,Head,Head Tennisschuhe Sprint Pro 3.5 Clay/Sandplatz dunkelgrün/blau Herren,EU 43,,89.99,99.98,160.0,€,out_of_stock,https://www.tennistown.de/product_info.php?cPath=786_515&products_id=77715
Tennistown,2026-06-21 10:31:17,shoes,men,Head,Head Tennisschuhe Sprint Team 3.5 Clay/Sandplatz orange Herren,EU 43,,77.9,,110.0,€,out_of_stock,https://www.tennistown.de/product_info.php?cPath=786_515&products_id=68424
Tennistown,2026-06-21 10:31:18,shoes,men,Wilson,Wilson Tennisschuhe Kaos Swift 1.5 Clay/Sandplatz/Leichtigkeit weiss Herren,EU 43,,89.9,,130.0,€,out_of_stock,https://www.tennistown.de/product_info.php?cPath=786_515&products_id=66923
Tennistown,2026-06-21 10:31:20,shoes,men,Head,Head Tennisschuhe Revolt Pro 4.0 Clay/Sandplatz schwarz Herren,EU 43,,80.91,89.9,160.0,€,out_of_stock,https://www.tennistown.de/product_info.php?cPath=786_515&products_id=66827
Tennistown,2026-06-21 10:31:28,strings,unisex,Solinco,Solinco Tennissaite Vanquish (Spielgefühl+Armschonung) natur 200m Rolle,1.25 mm,,101.91,119.9,155.0,€,out_of_stock,https://www.tennistown.de/product_info.php?cPath=786_24&products_id=8050
Tennistown,2026-06-21 10:31:29,strings,unisex,Solinco,Solinco Tennissaite Revolution (Haltbarkeit+Power) blau 200m Rolle,1.25 mm,0812753010324,99.9,,130.0,€,in_stock,https://www.tennistown.de/product_info.php?cPath=786_24&products_id=8048
Tennistown,2026-06-21 10:31:30,strings,unisex,Solinco,Solinco Tennissaite Tour Bite (Haltbarkeit+Spin) silber 200m Rolle,1.25 mm,0812753010287,119.9,,145.0,€,in_stock,https://www.tennistown.de/product_info.php?cPath=786_24&products_id=8047
Tennistown,2026-06-21 10:31:30,strings,unisex,Solinco,Solinco Tennissaite Barb Wire (Spin+Haltbarkeit) schwarz 200m Rolle,1.25 mm,0812753010768,87.92,109.9,145.0,€,in_stock,https://www.tennistown.de/product_info.php?cPath=786_24&products_id=8046
Tennistown,2026-06-21 10:31:36,strings,unisex,Luxilon,Luxilon Tennissaite Adrenaline (Haltbarkeit) silber 200m Rolle,1.25 mm,0883813511242,129.9,,159.9,€,in_stock,https://www.tennistown.de/product_info.php?cPath=786_24&products_id=5484
Tennistown,2026-06-21 10:32:04,strings,unisex,Yonex,Yonex Tennissaite Poly Tour Strike (Haltbarkeit+Kontrolle) schwarz 200m Rolle,1.25 mm,4550086139379,125.91,139.9,259.9,€,in_stock,https://www.tennistown.de/product_info.php?cPath=786_24&products_id=31736
Tennistown,2026-06-21 10:32:07,strings,unisex,Wilson,Wilson Tennissaite Revolve Spin (Haltbarkeit+Spin) grün 200m Rolle,1.25 mm,0887768515393,107.6,134.5,180.0,€,in_stock,https://www.tennistown.de/product_info.php?cPath=786_24&products_id=25602
Tennistown,2026-06-21 10:32:08,strings,unisex,Wilson,Wilson Tennissaite Revolve Spin (Spin+Haltbarkeit) schwarz 200m Rolle,1.25 mm,0887768515409,129.9,,180.0,€,in_stock,https://www.tennistown.de/product_info.php?cPath=786_24&products_id=25601
Tennistown,2026-06-21 10:32:09,strings,unisex,Luxilon,Luxilon Tennissaite Element (Haltbarkeit+Touch) bronzebraun 200m Rolle,1.25 mm,0887768269586,191.21,224.95,270.0,€,in_stock,https://www.tennistown.de/product_info.php?cPath=786_24&products_id=23418
Tennistown,2026-06-21 10:32:13,shoes,men,Head,Head Tennisschuhe Sprint Pro 4.0 Clay/Sandplatz 2025 weiss Herren,EU 43,,84.9,,160.0,€,out_of_stock,https://www.tennistown.de/product_info.php?cPath=786_515&products_id=91054
Tennistown,2026-06-21 10:32:14,shoes,men,K-Swiss,KSwiss Tennisschuhe Hypercourt Express 2 Allcourt 2025 weiss/schwarz Herren,EU 43,,89.9,,139.95,€,out_of_stock,https://www.tennistown.de/product_info.php?cPath=786_515&products_id=90904
Tennistown,2026-06-21 10:32:17,shoes,men,Head,Head Tennisschuhe Sprint Pro 3.5 Allcourt dunkelgrün Herren,EU 43,,80.0,,160.0,€,out_of_stock,https://www.tennistown.de/product_info.php?cPath=786_515&products_id=82222
Tennistown,2026-06-21 10:32:18,shoes,men,Wilson,Wilson Tennisschuhe Kaos Swift 1.5 Clay/Sandplatz/Leichtigkeit 2024 weiss Herren,EU 43,0097512754446,89.55,99.5,130.0,€,in_stock,https://www.tennistown.de/product_info.php?cPath=786_515&products_id=81492
Tennistown,2026-06-21 10:32:19,shoes,men,K-Swiss,KSwiss Padelschuhe Speedtrac - weiss/schwarz/pink Herren,EU 43,,151.9,,189.9,€,out_of_stock,https://www.tennistown.de/product_info.php?cPath=786_515&products_id=80944
Tennistown,2026-06-21 10:32:20,shoes,men,K-Swiss,KSwiss Tennisschuhe Speedtrac x Corridor Allcourt schwarz Herren,EU 43,,99.9,,200.0,€,out_of_stock,https://www.tennistown.de/product_info.php?cPath=786_515&products_id=80689
Tennistown,2026-06-21 10:32:24,shoes,men,K-Swiss,KSwiss Tennisschuhe Hypercourt Express 2 Clay/Sandplatz 2025 weiss/blaugrün/neonorange Herren,EU 43,0196483713190,99.9,,139.99,€,in_stock,https://www.tennistown.de/product_info.php?cPath=786_515&products_id=88536
Tennistown,2026-06-21 10:32:25,shoes,men,Wilson,Wilson Tennisschuhe Rush Comp Leder Allcourt (Stabil) weiss Herren,EU 43,,85.45,94.95,115.0,€,out_of_stock,https://www.tennistown.de/product_info.php?cPath=786_515&products_id=35872
Tennistown,2026-06-21 10:32:26,shoes,men,K-Swiss,KSwiss Tennisschuhe Hypercourt Supreme Allcourt asphaltgrau/schwarz Herren,EU 43,0192935707762,119.9,,169.9,€,in_stock,https://www.tennistown.de/product_info.php?cPath=786_515&products_id=58738
Tennistown,2026-06-21 10:32:26,shoes,men,Head,Head Tennisschuhe Sprint Pro 3.5 Clay/Sandplatz hellgrau Herren,EU 43,0724794189344,99.9,,150.0,€,in_stock,https://www.tennistown.de/product_info.php?cPath=786_515&products_id=58099
Tennistown,2026-06-21 10:32:27,shoes,men,Head,Head Tennisschuhe Sprint Pro 3.5 Clay/Sandplatz schwarz Herren,EU 43,,84.9,,150.0,€,out_of_stock,https://www.tennistown.de/product_info.php?cPath=786_515&products_id=58097
Tennistown,2026-06-21 10:32:29,shoes,men,K-Swiss,KSwiss Tennisschuhe Ultrashot 3 Allcourt asphaltgrau/schwarz Herren,EU 43,,134.91,149.9,199.9,€,out_of_stock,https://www.tennistown.de/product_info.php?cPath=786_515&products_id=57748
Tennistown,2026-06-21 10:32:30,shoes,men,K-Swiss,KSwiss Tennisschuhe Express Light 2 Allcourt blau Herren,EU 43,,70.15,77.94,129.9,€,out_of_stock,https://www.tennistown.de/product_info.php?cPath=786_515&products_id=61574
Tennistown,2026-06-21 10:32:31,shoes,men,K-Swiss,KSwiss Tennisschuhe Hypercourt Express 2 Clay/Sandplatz dunkelblau Herren,EU 43,,107.91,119.9,149.9,€,out_of_stock,https://www.tennistown.de/product_info.php?cPath=786_515&products_id=61561
Tennistown,2026-06-21 10:32:31,shoes,men,K-Swiss,KSwiss Tennisschuhe Court Express Clay/Sandplatz dunkelblau/weiss Herren,EU 43,,61.15,67.95,99.95,€,out_of_stock,https://www.tennistown.de/product_info.php?cPath=786_515&products_id=60800
Tennistown,2026-06-21 10:32:32,shoes,men,K-Swiss,KSwiss Tennisschuhe Hypercourt Express 2 Allcourt weiss/blau Herren,EU 43,,99.9,,149.95,€,out_of_stock,https://www.tennistown.de/product_info.php?cPath=786_515&products_id=60799
Tennistown,2026-06-21 10:32:32,shoes,men,Wilson,Wilson Tennisschuhe Kaos Swift Clay/Sandplatz (Leichtigkeit) blau Herren,EU 43,0097512566872,99.9,,125.0,€,in_stock,https://www.tennistown.de/product_info.php?cPath=786_515&products_id=60501
Tennistown,2026-06-21 10:32:34,shoes,men,Wilson,Wilson Tennisschuhe Kaos Swift Allcourt (Leichtigkeit) schwarz Herren,EU 43,,76.95,,125.0,€,out_of_stock,https://www.tennistown.de/product_info.php?cPath=786_515&products_id=59941
Tennistown,2026-06-21 10:32:37,shoes,men,Wilson,Wilson Tennisschuhe Rush Pro 5.0 Clay/Sandplatz weiss/navyblau Herren,EU 43,0097512988568,116.95,129.95,160.0,€,in_stock,https://www.tennistown.de/product_info.php?cPath=786_515&products_id=104816
Tennistown,2026-06-21 10:32:38,shoes,men,Wilson,Wilson Tennisschuhe Rush Pro 4.5 Allcourt (Stabilität) 2025 weiss/blau/lime Herren,EU 43,,85.45,94.95,140.0,€,out_of_stock,https://www.tennistown.de/product_info.php?cPath=786_515&products_id=104809
Tennistown,2026-06-21 10:32:42,shoes,men,Wilson,Wilson Tennisschuhe Rush Lite 5.0 Clay/Sandplatz weiss/schwarz/rot Herren,EU 43,0097512997676,98.96,109.96,130.0,€,in_stock,https://www.tennistown.de/product_info.php?cPath=786_515&products_id=103068
Tennistown,2026-06-21 10:32:43,shoes,men,Wilson,Wilson Tennisschuhe Rush Lite 5.0 Clay/Sandplatz weiss/mint/coral Herren,EU 43,0097512990042,85.41,94.9,130.0,€,in_stock,https://www.tennistown.de/product_info.php?cPath=786_515&products_id=103066
Tennistown,2026-06-21 10:32:43,shoes,men,Wilson,Wilson Tennisschuhe Rush Pro 5.0 Clay/Sandplatz schwarz/rot/weiss Herren,EU 43,0097512997508,116.95,129.95,160.0,€,in_stock,https://www.tennistown.de/product_info.php?cPath=786_515&products_id=103065
Tennistown,2026-06-21 10:32:44,shoes,men,Wilson,Wilson Tennisschuhe Courtglide Allcourt (Stabilität) weiss/grün Herren,EU 43,0199073000519,64.95,,80.0,€,in_stock,https://www.tennistown.de/product_info.php?cPath=786_515&products_id=103059
Tennistown,2026-06-21 10:32:45,shoes,men,K-Swiss,KSwiss Padelschuhe Ultra Court weiss/schwarz/blau Herren,EU 43,0196483816617,94.9,,139.9,€,in_stock,https://www.tennistown.de/product_info.php?cPath=786_515&products_id=102941
Tennistown,2026-06-21 10:32:46,shoes,men,K-Swiss,KSwiss Padelschuhe Tura Team weiss/schwarz/blau Herren,EU 43,0196483709292,69.95,,99.9,€,in_stock,https://www.tennistown.de/product_info.php?cPath=786_515&products_id=102938
Tennistown,2026-06-21 10:32:46,shoes,men,Wilson,Wilson Tennisschuhe Rush Pro 4.5 Allcourt (Stabilität) 2025 weiss/grün Herren,EU 43,,94.95,,140.0,€,out_of_stock,https://www.tennistown.de/product_info.php?cPath=786_515&products_id=97219
Tennistown,2026-06-21 10:32:47,shoes,men,Wilson,Wilson Tennisschuhe Rush Pro Extra Duty Allcourt schwarz Herren,EU 43,0097512845212,109.96,,160.0,€,in_stock,https://www.tennistown.de/product_info.php?cPath=786_515&products_id=97217
Tennistown,2026-06-21 10:32:49,shoes,men,K-Swiss,KSwiss Tennisschuhe Court Express HB Clay/Sandplatz schwarz/weiss Herren,EU 43,0196483816099,55.96,,79.99,€,in_stock,https://www.tennistown.de/product_info.php?cPath=786_515&products_id=94592
Tennistown,2026-06-21 10:32:51,shoes,men,Wilson,"Wilson Tennisschuhe Rush Pro Ace Clay/Sandplatz (Stabilität, 2E/weit) 2025 rot/weiss Herren",EU 43,,67.41,74.9,120.0,€,out_of_stock,https://www.tennistown.de/product_info.php?cPath=786_515&products_id=94461
Tennistown,2026-06-21 10:32:52,shoes,men,Wilson,"Wilson Tennisschuhe Rush Pro Ace Clay/Sandplatz (Stabilität, 2E/weit) 2025 schwarz/grün Herren",EU 43,,62.97,69.97,120.0,€,out_of_stock,https://www.tennistown.de/product_info.php?cPath=786_515&products_id=93486
Tennistown,2026-06-21 10:32:53,shoes,men,Head,Head Tennisschuhe Endure Pro Clay/Sandplatz schwarz/rot Herren,EU 43,0198772069902,124.15,137.95,180.0,€,in_stock,https://www.tennistown.de/product_info.php?cPath=786_515&products_id=100256
Tennistown,2026-06-21 10:32:54,shoes,men,Head,Head Tennisschuhe Revolt Pro 5.0 Clay/Sandplatz 2026 weiss/navyblau/rot Herren,EU 43,0198772057862,116.95,129.95,160.0,€,in_stock,https://www.tennistown.de/product_info.php?cPath=786_515&products_id=100185
Tennistown,2026-06-21 10:32:54,shoes,men,Head,Head Tennisschuhe Sprint Team 4.0 Clay/Sandplatz 2026 creamweiss/dunkelgrau Herren,EU 43,0198772059453,78.71,87.45,110.0,€,in_stock,https://www.tennistown.de/product_info.php?cPath=786_515&products_id=100184
Tennistown,2026-06-21 10:32:57,shoes,men,Head,Head Tennisschuhe Endure Pro Boa Clay/Sandplatz weiss/gelb Herren,EU 43,0198772054410,133.15,147.95,220.0,€,in_stock,https://www.tennistown.de/product_info.php?cPath=786_515&products_id=95140
Tennistown,2026-06-21 10:33:00,shoes,men,Head,Head Tennisschuhe Sprint Evo 4.0 Allcourt weiss/schwarz Herren,EU 43,0198772058487,104.95,,130.0,€,in_stock,https://www.tennistown.de/product_info.php?cPath=786_515&products_id=100912
Tennistown,2026-06-21 10:33:02,shoes,men,Head,Head Tennisschuhe Sprint Pro 4.0 Clay/Sandplatz 2026 dunkelblau Herren,EU 43,0198772055929,116.95,129.95,160.0,€,in_stock,https://www.tennistown.de/product_info.php?cPath=786_515&products_id=100676
Tennistown,2026-06-21 10:33:03,shoes,men,Head,Head Tennisschuhe Endure Pro Boa Clay/Sandplatz schwarz/rot Herren,EU 43,,143.91,159.9,220.0,€,out_of_stock,https://www.tennistown.de/product_info.php?cPath=786_515&products_id=100673
Tennistown,2026-06-21 10:33:04,shoes,men,Head,Head Tennisschuhe Endure Pro Boa Clay/Sandplatz dunkelblau Herren,EU 43,0198772069742,143.91,159.9,220.0,€,in_stock,https://www.tennistown.de/product_info.php?cPath=786_515&products_id=100672
Tennistown,2026-06-21 10:33:04,shoes,men,K-Swiss,KSwiss Padelschuhe Tura Team schwarz/lavarot Herren,EU 43,0196483933574,70.11,77.9,99.9,€,in_stock,https://www.tennistown.de/product_info.php?cPath=786_515&products_id=100607
Tennistown,2026-06-21 10:33:04,shoes,men,K-Swiss,KSwiss Tennisschuhe K-Frame Speed Rublo Clay/Sandplatz 2026 beige/grau Herren,EU 43,0196483938111,126.0,,179.99,€,in_stock,https://www.tennistown.de/product_info.php?cPath=786_515&products_id=100595
Tennistown,2026-06-21 10:33:05,shoes,men,K-Swiss,KSwiss Tennisschuhe Ultrashot Light Clay/Sandplatz 2026 weiss/schwarz Herren,EU 43,0199286034486,70.0,,99.99,€,in_stock,https://www.tennistown.de/product_info.php?cPath=786_515&products_id=100591
Tennistown,2026-06-21 10:33:05,shoes,men,K-Swiss,KSwiss Tennisschuhe Ultrashot Team 2 Clay/Sandplatz 2026 weiss/dazzlingblau Herren,EU 43,0196483934649,75.9,,129.99,€,in_stock,https://www.tennistown.de/product_info.php?cPath=786_515&products_id=100589
Tennistown,2026-06-21 10:33:06,shoes,men,K-Swiss,KSwiss Tennisschuhe Express Light 3 Clay/Sandplatz 2026 grau/palekhaki Herren,EU 43,0196483936896,83.99,,119.99,€,in_stock,https://www.tennistown.de/product_info.php?cPath=786_515&products_id=100587
Tennistown,2026-06-21 10:33:07,shoes,men,K-Swiss,KSwiss Tennisschuhe Express Light 3 Clay/Sandplatz 2026 schwarz/blau Herren,EU 43,0196483936766,83.99,,119.99,€,in_stock,https://www.tennistown.de/product_info.php?cPath=786_515&products_id=100586
Tennistown,2026-06-21 10:33:07,shoes,men,K-Swiss,KSwiss Tennisschuhe Express Light 3 Allcourt 2026 weiss/blau/schwarz Herren,EU 43,0196483936629,83.97,,119.95,€,in_stock,https://www.tennistown.de/product_info.php?cPath=786_515&products_id=100585
Tennistown,2026-06-21 10:33:08,shoes,men,K-Swiss,KSwiss Tennisschuhe Ultrashot 4 Clay/Sandplatz 2026 dazzlingblau Herren,EU 43,,139.99,,199.99,€,out_of_stock,https://www.tennistown.de/product_info.php?cPath=786_515&products_id=100584
Tennistown,2026-06-21 10:33:09,shoes,men,K-Swiss,KSwiss Tennisschuhe Hypercourt Express 3 Clay/Sandplatz blau/weiss/schwarz Herren,EU 43,0196483935707,115.16,127.95,149.95,€,in_stock,https://www.tennistown.de/product_info.php?cPath=786_515&products_id=100577
Tennistown,2026-06-21 10:33:09,shoes,men,K-Swiss,KSwiss Tennisschuhe Hypercourt Express 3 Clay/Sandplatz grau/beige Herren,EU 43,0196483935455,115.16,127.95,149.95,€,in_stock,https://www.tennistown.de/product_info.php?cPath=786_515&products_id=100576
Tennistown,2026-06-21 10:33:10,shoes,men,Head,Head Tennisschuhe Revolt Pro 5.0 Clay/Sandplatz 2026 weiss/hellgrau/purple Herren,EU 43,0198772057541,116.95,129.95,160.0,€,in_stock,https://www.tennistown.de/product_info.php?cPath=786_515&products_id=100572
Tennistown,2026-06-21 10:33:11,shoes,women,Wilson,Wilson Tennisschuhe Intrigue Tour Allcourt 2025 weiss/blau/lime Damen,EU 39,0097512909167,98.96,109.96,160.0,€,in_stock,https://www.tennistown.de/product_info.php?cPath=786_515&products_id=104810
Tennistown,2026-06-21 10:33:11,shoes,women,Wilson,Wilson Tennisschuhe Intrigue Pro Allcourt US Open 2025 weiss/rot Damen,EU 39,0097512909846,84.95,,130.0,€,in_stock,https://www.tennistown.de/product_info.php?cPath=786_515&products_id=104646
Tennistown,2026-06-21 10:33:13,shoes,women,Head,Head Tennisschuhe Revolt Pro 4.5 Clay/Sandplatz 2025 schwarz/purple Damen,EU 39,0726424077557,89.95,,160.0,€,in_stock,https://www.tennistown.de/product_info.php?cPath=786_515&products_id=93443
Tennistown,2026-06-21 10:33:15,shoes,women,Head,Head Tennisschuhe Revolt Court Allcourt schwarz/purple Damen,EU 39,,44.9,,85.0,€,out_of_stock,https://www.tennistown.de/product_info.php?cPath=786_515&products_id=96144
Tennistown,2026-06-21 10:33:18,shoes,women,K-Swiss,KSwiss Tennisschuhe Court Express 2 Clay/Sandplatz 2026 weiss/lavender Damen,EU 39,0196483984828,61.15,67.95,79.9,€,in_stock,https://www.tennistown.de/product_info.php?cPath=786_515&products_id=100597
Tennistown,2026-06-21 10:33:18,shoes,women,K-Swiss,KSwiss Tennisschuhe Hypercourt Express 3 Clay/Sandplatz schwarz/weiss Damen,EU 39,0196483942804,115.16,127.95,149.95,€,in_stock,https://www.tennistown.de/product_info.php?cPath=786_515&products_id=100581
Tennistown,2026-06-21 10:33:19,shoes,women,K-Swiss,KSwiss Padelschuhe Tura Team - weiss/lila Damen,EU 39,0196483709896,59.95,,99.99,€,in_stock,https://www.tennistown.de/product_info.php?cPath=786_515&products_id=102469
Tennistown,2026-06-21 10:33:20,shoes,women,Head,Head Tennisschuhe Sprint Pro 4.0 Clay/Sandplatz 2026 hellorange Damen,EU 39,0198772063009,112.41,124.9,160.0,€,in_stock,https://www.tennistown.de/product_info.php?cPath=786_515&products_id=100189
Tennistown,2026-06-21 10:33:26,shoes,women,Wilson,Wilson Tennisschuhe Intrigue Lite Allcourt 2026 weiss Damen,EU 39,0097512854559,68.35,75.95,100.0,€,in_stock,https://www.tennistown.de/product_info.php?cPath=786_515&products_id=103327
Tennistown,2026-06-21 10:33:26,shoes,women,Wilson,Wilson Tennisschuhe Courtglide Allcourt (Stabilität) weiss/blau Damen,EU 39,0199073000823,58.45,64.95,80.0,€,in_stock,https://www.tennistown.de/product_info.php?cPath=786_515&products_id=103061
Tennistown,2026-06-21 10:33:27,shoes,women,K-Swiss,KSwiss Padelschuhe Ultra Court - creamweiss/burgund Damen,EU 39,0196483822540,93.9,,139.99,€,in_stock,https://www.tennistown.de/product_info.php?cPath=786_515&products_id=102748
Tennistown,2026-06-21 10:33:28,shoes,women,Wilson,Wilson Tennisschuhe Intrigue Tour Clay/Sandplatz 2025 weiss/navyblau Damen,EU 39,0097512877367,99.9,,160.0,€,in_stock,https://www.tennistown.de/product_info.php?cPath=786_515&products_id=95290
Tennistown,2026-06-21 10:33:29,shoes,women,K-Swiss,KSwiss Tennisschuhe Hypercourt Express 2 HB Clay/Sandplatz weiss/pink/mint Damen,EU 39,0196483823509,99.9,,139.99,€,in_stock,https://www.tennistown.de/product_info.php?cPath=786_515&products_id=94767
Tennistown,2026-06-21 10:33:30,shoes,women,K-Swiss,KSwiss Tennisschuhe Express Light 3 Clay/Sandplatz weiss/mint/pink Damen,EU 39,0196483824827,79.9,,119.99,€,in_stock,https://www.tennistown.de/product_info.php?cPath=786_515&products_id=94766
Tennistown,2026-06-21 10:33:31,shoes,women,Head,Head Tennisschuhe Revolt Pro 4.0 Allcourt korallenrot Damen,EU 39,0724794194171,99.9,,150.0,€,in_stock,https://www.tennistown.de/product_info.php?cPath=786_515&products_id=66531
Tennistown,2026-06-21 10:33:32,shoes,women,Head,Head Tennisschuhe Revolt Pro 4.0 Clay/Sandplatz korallenrot Damen,EU 39,0724794194287,85.9,,150.0,€,in_stock,https://www.tennistown.de/product_info.php?cPath=786_515&products_id=66529
Tennistown,2026-06-21 10:33:32,shoes,women,Head,Head Tennisschuhe Sprint Pro 3.5 Allcourt weiss Damen,EU 39,,89.91,99.9,150.0,€,out_of_stock,https://www.tennistown.de/product_info.php?cPath=786_515&products_id=66518
Tennistown,2026-06-21 10:33:33,shoes,women,Head,Head Tennisschuhe Sprint Pro 3.5 Allcourt lachsorange Damen,EU 39,,89.91,99.9,150.0,€,out_of_stock,https://www.tennistown.de/product_info.php?cPath=786_515&products_id=66517
Tennistown,2026-06-21 10:33:34,shoes,women,Head,Head Tennisschuhe Sprint Pro 3.5 Allcourt blau Damen,EU 39,,99.9,,150.0,€,out_of_stock,https://www.tennistown.de/product_info.php?cPath=786_515&products_id=66516
Tennistown,2026-06-21 10:33:34,shoes,women,Head,Head Tennisschuhe Sprint Pro 3.5 Clay/Sandplatz lachsorange Damen,EU 39,,99.9,,150.0,€,out_of_stock,https://www.tennistown.de/product_info.php?cPath=786_515&products_id=66515
Tennistown,2026-06-21 10:33:37,shoes,women,K-Swiss,KSwiss Tennisschuhe Express Light 3 Clay/Sandplatz orionblau/rosa Damen,EU 39,,70.2,77.99,129.99,€,out_of_stock,https://www.tennistown.de/product_info.php?cPath=786_515&products_id=72533
Tennistown,2026-06-21 10:33:37,shoes,women,K-Swiss,KSwiss Tennisschuhe BigShot Light 4 Allcourt blau Damen,EU 39,0196483307658,80.91,89.9,129.99,€,in_stock,https://www.tennistown.de/product_info.php?cPath=786_515&products_id=72532
Tennistown,2026-06-21 10:33:38,shoes,women,K-Swiss,KSwiss Tennisschuhe Hypercourt Express 2 Clay/Sandplatz blau/rosa Damen,EU 39,,104.9,,149.99,€,out_of_stock,https://www.tennistown.de/product_info.php?cPath=786_515&products_id=72531
Tennistown,2026-06-21 10:33:41,rackets,unisex,Head,Head Tennisschläger Boom MP Alternate 100in/295g/Turnier 2026 lila - unbesaitet -,L2,0198772139971,186.75,207.49,260.0,€,in_stock,https://www.tennistown.de/product_info.php?cPath=786_21&products_id=102317
Tennistown,2026-06-21 10:33:41,rackets,unisex,Head,Head Tennisschläger Boom MP Alternate 100in/295g/Turnier 2026 lila - unbesaitet -,L3,0198772139988,186.75,207.49,260.0,€,in_stock,https://www.tennistown.de/product_info.php?cPath=786_21&products_id=102317
Tennistown,2026-06-21 10:33:42,rackets,unisex,Head,Head Tennisschläger Boom Team 107in/260g/Komfort 2026 blau - unbesaitet -,L2,0198772136376,136.35,151.5,210.0,€,in_stock,https://www.tennistown.de/product_info.php?cPath=786_21&products_id=102241
Tennistown,2026-06-21 10:33:42,rackets,unisex,Head,Head Tennisschläger Boom Team 107in/260g/Komfort 2026 blau - unbesaitet -,L3,0198772136383,136.35,151.5,210.0,€,in_stock,https://www.tennistown.de/product_info.php?cPath=786_21&products_id=102241
Tennistown,2026-06-21 10:33:43,rackets,unisex,Head,Head Tennisschläger Boom MP UL 100in/255g 2026 blau - unbesaitet -,L2,0198772136253,172.5,,230.0,€,in_stock,https://www.tennistown.de/product_info.php?cPath=786_21&products_id=102240
Tennistown,2026-06-21 10:33:43,rackets,unisex,Head,Head Tennisschläger Boom MP UL 100in/255g 2026 blau - unbesaitet -,L3,,172.5,,230.0,€,out_of_stock,https://www.tennistown.de/product_info.php?cPath=786_21&products_id=102240
Tennistown,2026-06-21 10:33:43,rackets,unisex,Head,Head Tennisschläger Boom Pro 98in/310g/Turnier 2026 blau - unbesaitet -,L2,0198772135898,200.52,222.8,280.0,€,in_stock,https://www.tennistown.de/product_info.php?cPath=786_21&products_id=102221
Tennistown,2026-06-21 10:33:43,rackets,unisex,Head,Head Tennisschläger Boom Pro 98in/310g/Turnier 2026 blau - unbesaitet -,L3,0198772135904,200.52,222.8,280.0,€,in_stock,https://www.tennistown.de/product_info.php?cPath=786_21&products_id=102221
Tennistown,2026-06-21 10:33:44,rackets,unisex,Yonex,Yonex Tennisschläger VCore (8th Generation) 100in/280g/Turnier 2026 rot - unbesaitet -,L2,4550675389253,260.96,,289.95,€,in_stock,https://www.tennistown.de/product_info.php?cPath=786_21&products_id=99389
Tennistown,2026-06-21 10:33:44,rackets,unisex,Yonex,Yonex Tennisschläger VCore (8th Generation) 100in/280g/Turnier 2026 rot - unbesaitet -,L3,4550675389260,260.96,,289.95,€,in_stock,https://www.tennistown.de/product_info.php?cPath=786_21&products_id=99389
Tennistown,2026-06-21 10:33:45,rackets,unisex,Yonex,Yonex Tennisschläger VCore (8th Generation) 98in/305g/Turnier 2026 rot - unbesaitet -,L2,4550675355258,278.96,,309.95,€,in_stock,https://www.tennistown.de/product_info.php?cPath=786_21&products_id=99380
Tennistown,2026-06-21 10:33:45,rackets,unisex,Yonex,Yonex Tennisschläger VCore (8th Generation) 98in/305g/Turnier 2026 rot - unbesaitet -,L3,4550675355265,278.96,,309.95,€,in_stock,https://www.tennistown.de/product_info.php?cPath=786_21&products_id=99380
Tennistown,2026-06-21 10:33:46,rackets,unisex,Dunlop,Dunlop Tennisschläger FX 500 LS 100in/285g/Allround 2026 blau - unbesaitet -,L2,,137.97,,229.95,€,out_of_stock,https://www.tennistown.de/product_info.php?cPath=786_21&products_id=98612
Tennistown,2026-06-21 10:33:46,rackets,unisex,Dunlop,Dunlop Tennisschläger FX 500 LS 100in/285g/Allround 2026 blau - unbesaitet -,L3,,137.97,,229.95,€,out_of_stock,https://www.tennistown.de/product_info.php?cPath=786_21&products_id=98612
Tennistown,2026-06-21 10:33:46,rackets,unisex,Dunlop,Dunlop Tennisschläger FX 500 Tour 98in/305g/Turnier 2026 blau - unbesaitet -,L2,0045566185037,139.9,,249.95,€,in_stock,https://www.tennistown.de/product_info.php?cPath=786_21&products_id=98608
Tennistown,2026-06-21 10:33:46,rackets,unisex,Dunlop,Dunlop Tennisschläger FX 500 Tour 98in/305g/Turnier 2026 blau - unbesaitet -,L3,0045566185044,139.9,,249.95,€,in_stock,https://www.tennistown.de/product_info.php?cPath=786_21&products_id=98608
Tennistown,2026-06-21 10:33:50,rackets,unisex,Head,Head Tennisschläger Speed Pro 100in/310g/Turnier 2026 schwarz/weiss - unbesaitet -,L2,0198772134990,165.51,183.9,300.0,€,in_stock,https://www.tennistown.de/product_info.php?cPath=786_21&products_id=100157
Tennistown,2026-06-21 10:33:50,rackets,unisex,Head,Head Tennisschläger Speed Pro 100in/310g/Turnier 2026 schwarz/weiss - unbesaitet -,L3,0198772135003,165.51,183.9,300.0,€,in_stock,https://www.tennistown.de/product_info.php?cPath=786_21&products_id=100157
Tennistown,2026-06-21 10:33:52,rackets,unisex,Yonex,Yonex Tennisschläger Muse 107in/280g/Komfort 2026 silber - unbesaitet -,L2,4550675529284,206.9,,229.95,€,in_stock,https://www.tennistown.de/product_info.php?cPath=786_21&products_id=102780
Tennistown,2026-06-21 10:33:52,rackets,unisex,Yonex,Yonex Tennisschläger Muse 107in/280g/Komfort 2026 silber - unbesaitet -,L3,4550675529291,206.9,,229.95,€,in_stock,https://www.tennistown.de/product_info.php?cPath=786_21&products_id=102780
Tennistown,2026-06-21 10:33:52,rackets,unisex,Yonex,Yonex Tennisschläger Muse 100in/280g/Turnier 2026 silber - unbesaitet -,L2,4550675529185,214.9,,239.95,€,in_stock,https://www.tennistown.de/product_info.php?cPath=786_21&products_id=102779
Tennistown,2026-06-21 10:33:52,rackets,unisex,Yonex,Yonex Tennisschläger Muse 100in/280g/Turnier 2026 silber - unbesaitet -,L3,4550675529192,214.9,,239.95,€,in_stock,https://www.tennistown.de/product_info.php?cPath=786_21&products_id=102779
Tennistown,2026-06-21 10:33:53,rackets,unisex,Yonex,Yonex Tennisschläger Muse 100in/295g/Turnier 2026 silber - unbesaitet -,L2,4550675529130,224.9,,249.95,€,in_stock,https://www.tennistown.de/product_info.php?cPath=786_21&products_id=102778
Tennistown,2026-06-21 10:33:53,rackets,unisex,Yonex,Yonex Tennisschläger Muse 100in/295g/Turnier 2026 silber - unbesaitet -,L3,4550675529147,224.9,,249.95,€,in_stock,https://www.tennistown.de/product_info.php?cPath=786_21&products_id=102778
Tennistown,2026-06-21 10:33:54,rackets,unisex,Head,Head Tennisschläger Speed MP Legend 100in/300g/Turnier 2025 schwarz/gold - unbesaitet -,L2,0198772121259,224.91,249.9,280.0,€,in_stock,https://www.tennistown.de/product_info.php?cPath=786_21&products_id=95872
Tennistown,2026-06-21 10:33:54,rackets,unisex,Head,Head Tennisschläger Speed MP Legend 100in/300g/Turnier 2025 schwarz/gold - unbesaitet -,L3,0198772121266,224.91,249.9,280.0,€,in_stock,https://www.tennistown.de/product_info.php?cPath=786_21&products_id=95872
Tennistown,2026-06-21 10:33:57,rackets,unisex,Head,Head Tennisschläger Boom MP L Neon 100in/270g 2025 schwarz - unbesaitet -,L2,0198772103699,142.16,157.95,230.0,€,in_stock,https://www.tennistown.de/product_info.php?cPath=786_21&products_id=95422
Tennistown,2026-06-21 10:33:57,rackets,unisex,Head,Head Tennisschläger Boom MP L Neon 100in/270g 2025 schwarz - unbesaitet -,L3,0198772103705,142.16,157.95,230.0,€,in_stock,https://www.tennistown.de/product_info.php?cPath=786_21&products_id=95422
Tennistown,2026-06-21 10:34:01,rackets,unisex,Yonex,Yonex Tennisschläger Percept L 100in/280g 2025 midnight navyblau - unbesaitet -,L2,4550675268558,209.9,,299.9,€,in_stock,https://www.tennistown.de/product_info.php?cPath=786_21&products_id=95107
Tennistown,2026-06-21 10:34:01,rackets,unisex,Yonex,Yonex Tennisschläger Percept L 100in/280g 2025 midnight navyblau - unbesaitet -,L3,4550675268565,209.9,,299.9,€,in_stock,https://www.tennistown.de/product_info.php?cPath=786_21&products_id=95107
Tennistown,2026-06-21 10:34:02,rackets,unisex,Head,Head Tennisschläger Prestige MP L (Light) 99in/300g/Turnier 2023 weinrot/schwarz - unbesaitet -,L2,0724794924440,179.91,199.9,280.0,€,in_stock,https://www.tennistown.de/product_info.php?cPath=786_21&products_id=74798
Tennistown,2026-06-21 10:34:02,rackets,unisex,Head,Head Tennisschläger Prestige MP L (Light) 99in/300g/Turnier 2023 weinrot/schwarz - unbesaitet -,L3,0724794924457,179.91,199.9,280.0,€,in_stock,https://www.tennistown.de/product_info.php?cPath=786_21&products_id=74798
Tennistown,2026-06-21 10:34:03,rackets,unisex,Head,Head Tennisschläger Prestige Tour 95in/315g/Turnier 2023 weinrot/schwarz - unbesaitet -,L2,,179.91,199.9,300.0,€,out_of_stock,https://www.tennistown.de/product_info.php?cPath=786_21&products_id=74796
Tennistown,2026-06-21 10:34:03,rackets,unisex,Head,Head Tennisschläger Prestige Tour 95in/315g/Turnier 2023 weinrot/schwarz - unbesaitet -,L3,0724794924259,179.91,199.9,300.0,€,in_stock,https://www.tennistown.de/product_info.php?cPath=786_21&products_id=74796
Tennistown,2026-06-21 10:34:04,rackets,unisex,Wilson,Wilson Tennisschläger Shift 99L v1 99in/285g/Allround eisblau - unbesaitet -,L2,,139.9,,250.0,€,out_of_stock,https://www.tennistown.de/product_info.php?cPath=786_21&products_id=75489
Tennistown,2026-06-21 10:34:04,rackets,unisex,Wilson,Wilson Tennisschläger Shift 99L v1 99in/285g/Allround eisblau - unbesaitet -,L3,,139.9,,250.0,€,out_of_stock,https://www.tennistown.de/product_info.php?cPath=786_21&products_id=75489
Tennistown,2026-06-21 10:34:10,rackets,unisex,Head,Head Tennisschläger Boom Team 102in/275g/Allround 2024 schwarz/türkis - unbesaitet -,L2,0724794925201,116.91,129.9,230.0,€,in_stock,https://www.tennistown.de/product_info.php?cPath=786_21&products_id=79466
Tennistown,2026-06-21 10:34:10,rackets,unisex,Head,Head Tennisschläger Boom Team 102in/275g/Allround 2024 schwarz/türkis - unbesaitet -,L3,0724794925218,116.91,129.9,230.0,€,in_stock,https://www.tennistown.de/product_info.php?cPath=786_21&products_id=79466
Tennistown,2026-06-21 10:34:11,rackets,unisex,Head,Head Tennisschläger Boom MP Alternate 100in/295g/Turnier 2024 türkis/mint - unbesaitet -,L2,,125.91,139.9,260.0,€,out_of_stock,https://www.tennistown.de/product_info.php?cPath=786_21&products_id=79460
Tennistown,2026-06-21 10:34:11,rackets,unisex,Head,Head Tennisschläger Boom MP Alternate 100in/295g/Turnier 2024 türkis/mint - unbesaitet -,L3,0724794925690,125.91,139.9,260.0,€,in_stock,https://www.tennistown.de/product_info.php?cPath=786_21&products_id=79460
Tennistown,2026-06-21 10:34:15,rackets,unisex,Head,Head Tennisschläger Gravity Team 104in/285g/Allround 2023 schwarz - unbesaitet -,L2,,135.0,150.0,250.0,€,out_of_stock,https://www.tennistown.de/product_info.php?cPath=786_21&products_id=69464
Tennistown,2026-06-21 10:34:15,rackets,unisex,Head,Head Tennisschläger Gravity Team 104in/285g/Allround 2023 schwarz - unbesaitet -,L3,0724794629215,135.0,150.0,250.0,€,in_stock,https://www.tennistown.de/product_info.php?cPath=786_21&products_id=69464
Tennistown,2026-06-21 10:34:16,rackets,unisex,Head,Head Tennisschläger Gravity MP Lite 100in/280g/Allround 2023 schwarz - unbesaitet -,L2,,135.0,150.0,250.0,€,out_of_stock,https://www.tennistown.de/product_info.php?cPath=786_21&products_id=69460
Tennistown,2026-06-21 10:34:16,rackets,unisex,Head,Head Tennisschläger Gravity MP Lite 100in/280g/Allround 2023 schwarz - unbesaitet -,L3,0724794629031,135.0,150.0,250.0,€,in_stock,https://www.tennistown.de/product_info.php?cPath=786_21&products_id=69460
Tennistown,2026-06-21 10:34:17,rackets,unisex,Head,Head Tennisschläger Gravity MP 100in/295g 2023 schwarz - unbesaitet -,L2,,179.9,,280.0,€,out_of_stock,https://www.tennistown.de/product_info.php?cPath=786_21&products_id=69459
Tennistown,2026-06-21 10:34:17,rackets,unisex,Head,Head Tennisschläger Gravity MP 100in/295g 2023 schwarz - unbesaitet -,L3,0724794628867,179.9,,280.0,€,in_stock,https://www.tennistown.de/product_info.php?cPath=786_21&products_id=69459
Tennistown,2026-06-21 10:34:21,rackets,unisex,Head,Head Tennisschläger Extreme MP L (Lite) 100in/285g/Allround gelb - unbesaitet -,L2,,179.9,,230.0,€,out_of_stock,https://www.tennistown.de/product_info.php?cPath=786_21&products_id=64110
Tennistown,2026-06-21 10:34:21,rackets,unisex,Head,Head Tennisschläger Extreme MP L (Lite) 100in/285g/Allround gelb - unbesaitet -,L3,,179.9,,230.0,€,out_of_stock,https://www.tennistown.de/product_info.php?cPath=786_21&products_id=64110
Tennistown,2026-06-21 10:34:29,rackets,unisex,Head,Head Tennisschläger Radical Team #23 102in/280g/Allround rot/schwarz - unbesaitet -,L2,,125.0,,250.0,€,out_of_stock,https://www.tennistown.de/product_info.php?cPath=786_21&products_id=66810
Tennistown,2026-06-21 10:34:29,rackets,unisex,Head,Head Tennisschläger Radical Team #23 102in/280g/Allround rot/schwarz - unbesaitet -,L3,,125.0,,250.0,€,out_of_stock,https://www.tennistown.de/product_info.php?cPath=786_21&products_id=66810
Tennistown,2026-06-21 10:34:30,rackets,unisex,Head,Head Tennisschläger Radical Pro #23 98in/315g/Turnier rot/schwarz - unbesaitet -,L2,0724794623947,149.9,,300.0,€,in_stock,https://www.tennistown.de/product_info.php?cPath=786_21&products_id=66808
Tennistown,2026-06-21 10:34:30,rackets,unisex,Head,Head Tennisschläger Radical Pro #23 98in/315g/Turnier rot/schwarz - unbesaitet -,L3,0724794623954,149.9,,300.0,€,in_stock,https://www.tennistown.de/product_info.php?cPath=786_21&products_id=66808
Tennistown,2026-06-21 10:34:31,rackets,unisex,Yonex,Yonex Tennisschläger EZone (8th Gen.) 98in/305g/Turnier 2025 Blast blau - unbesaitet -,L2,,244.9,,279.95,€,out_of_stock,https://www.tennistown.de/product_info.php?cPath=786_21&products_id=87664
Tennistown,2026-06-21 10:34:31,rackets,unisex,Yonex,Yonex Tennisschläger EZone (8th Gen.) 98in/305g/Turnier 2025 Blast blau - unbesaitet -,L3,4550468976219,244.9,,279.95,€,in_stock,https://www.tennistown.de/product_info.php?cPath=786_21&products_id=87664
Tennistown,2026-06-21 10:34:35,strings,unisex,Luxilon,Luxilon Tennissaite Alu Power Soft 1.25 (Haltbarkeit+Kontrolle) silber 200m Rolle,1.25 mm,0887768269579,206.91,229.9,330.0,€,in_stock,https://www.tennistown.de/product_info.php?cPath=786_24&products_id=19430
Tennistown,2026-06-21 10:34:37,strings,unisex,Head,Head Tennissaite Lynx (Haltbarkeit) gelb 200m Rolle,1.25 mm,0726423942337,94.95,105.5,150.0,€,in_stock,https://www.tennistown.de/product_info.php?cPath=786_24&products_id=17728
Tennistown,2026-06-21 10:34:39,strings,unisex,Luxilon,Luxilon Tennissaite Alu Power 1.15 (Haltbarkeit+Power) silber 200m Rolle,1.25 mm,,178.42,209.9,310.0,€,out_of_stock,https://www.tennistown.de/product_info.php?cPath=786_24&products_id=45462
Tennistown,2026-06-21 10:34:39,strings,unisex,Luxilon,Luxilon Tennissaite Alu Power Roland Garros 1.28 (Haltbarkeit+Power) bronzebraun 200m Rolle,1.25 mm,,204.76,255.95,300.0,€,out_of_stock,https://www.tennistown.de/product_info.php?cPath=786_24&products_id=45461
Tennistown,2026-06-21 10:34:40,strings,unisex,Wilson,Wilson Tennissaite NXT Soft (Armschonung+Touch) silber 200m Rolle,1.25 mm,,212.42,249.9,380.0,€,out_of_stock,https://www.tennistown.de/product_info.php?cPath=786_24&products_id=44603
Tennistown,2026-06-21 10:34:53,strings,unisex,Yonex,Yonex Tennissaite Poly Tour Rev (Polyester/achteckig) weiss 200m Rolle,1.25 mm,,125.91,139.9,259.9,€,out_of_stock,https://www.tennistown.de/product_info.php?cPath=786_24&products_id=54441
Tennistown,2026-06-21 10:34:54,strings,unisex,Yonex,Yonex Tennissaite Poly Tour Pro (Haltbarkeit+Touch) blau 200m Rolle,1.25 mm,4550086615392,114.9,,169.9,€,in_stock,https://www.tennistown.de/product_info.php?cPath=786_24&products_id=53547
Tennistown,2026-06-21 10:34:54,strings,unisex,Yonex,Yonex Tennissaite Rexis (Kontrolle+Touch) schwarz 200m Rolle,1.25 mm,4550086361329,134.96,149.95,269.9,€,in_stock,https://www.tennistown.de/product_info.php?cPath=786_24&products_id=53531
Tennistown,2026-06-21 10:34:59,strings,unisex,Luxilon,Luxilon Tennissaite 4G (Haltbarkeit+Power) schwarz 200m Rolle,1.25 mm,0097512627863,229.99,,350.0,€,in_stock,https://www.tennistown.de/product_info.php?cPath=786_24&products_id=98838
Tennistown,2026-06-21 10:35:00,strings,unisex,Yonex,Yonex Tennissaite Poly Tour Force (Haltbarkeit+Power) rot 200m Rolle,1.25 mm,4550675387815,179.9,,259.9,€,in_stock,https://www.tennistown.de/product_info.php?cPath=786_24&products_id=103696
Tennistown,2026-06-21 10:35:00,strings,unisex,Yonex,Yonex Tennissaite Poly Tour Force (Haltbarkeit+Power) schwarz 200m Rolle,1.25 mm,4550675387808,179.9,,259.9,€,in_stock,https://www.tennistown.de/product_info.php?cPath=786_24&products_id=103695
Tennistown,2026-06-21 10:35:07,strings,unisex,Solinco,Solinco Tennissaite Hyper G Round (Haltbarkeit) grün 200m Rolle,1.25 mm,,107.91,119.9,145.0,€,out_of_stock,https://www.tennistown.de/product_info.php?cPath=786_24&products_id=79542
Tennistown,2026-06-21 10:35:10,strings,unisex,Luxilon,Luxilon Tennissaite 4G Desert (Haltbarkeit+Kontrolle) bronzebraun 200m Rolle,1.25 mm,0097512655682,197.91,219.9,350.0,€,in_stock,https://www.tennistown.de/product_info.php?cPath=786_24&products_id=72187
Tennistown,2026-06-21 10:35:12,strings,unisex,Solinco,Solinco Tennissaite Tour Bite Round (Haltbarkeit+Power) silber 200m Rolle,1.25 mm,2000000834061,95.92,119.9,145.0,€,in_stock,https://www.tennistown.de/product_info.php?cPath=786_24&products_id=83406
Tennistown,2026-06-21 10:35:15,strings,unisex,Yonex,Yonex Tennissaite Poly Tour Rev (Polyester/achteckig) orange 200m Rolle,1.25 mm,4550086890812,125.91,139.9,259.9,€,in_stock,https://www.tennistown.de/product_info.php?cPath=786_24&products_id=61757
Tennistown,2026-06-21 10:35:19,strings,unisex,Luxilon,Luxilon Tennissaite Alu Power 1.25 (Haltbarkeit+Power) schwarz 200m Rolle,1.25 mm,0097512599948,195.41,229.9,330.0,€,in_stock,https://www.tennistown.de/product_info.php?cPath=786_24&products_id=67007
Tennistown,2026-06-21 10:35:28,strings,unisex,Yonex,Yonex Tennissaite Poly Tour Drive 1.25 (Haltbarkeit+Spin) gelb 200m Rolle,1.25 mm,4550468873556,119.9,,159.9,€,in_stock,https://www.tennistown.de/product_info.php?cPath=786_24&products_id=84335
Tennistown,2026-06-21 10:35:33,shoes,men,Head,Head Tennisschuhe Revolt Pro 5.0 Allcourt weiss/schwarz Herren,EU 43,0198772058012,107.91,119.9,160.0,€,in_stock,https://www.tennistown.de/product_info.php?cPath=786_515&products_id=102565
Tennistown,2026-06-21 10:35:34,shoes,men,K-Swiss,KSwiss Tennisschuhe Ultrashot Team Allcourt 2024 peacoatblau/grau/limegrün Herren,EU 43,0196483476972,80.91,89.9,149.99,€,in_stock,https://www.tennistown.de/product_info.php?cPath=786_515&products_id=77858
Tennistown,2026-06-21 10:35:35,shoes,men,Head,Head Tennisschuhe Revolt Pro 4.5 Clay/Sandplatz 2024 schwarz/rot Herren,EU 43,,89.91,99.9,160.0,€,out_of_stock,https://www.tennistown.de/product_info.php?cPath=786_515&products_id=77742
Tennistown,2026-06-21 10:35:35,shoes,men,Head,Head Tennisschuhe Sprint Pro 3.5 Clay/Sandplatz gelb/schwarz Herren,EU 43,,89.91,99.9,160.0,€,out_of_stock,https://www.tennistown.de/product_info.php?cPath=786_515&products_id=77716
Tennistown,2026-06-21 10:35:36,shoes,men,Wilson,Wilson Tennisschuhe Rush Pro 4.0 Shift Clay/Sandplatz blau/grau Herren,EU 43,,124.0,,150.0,€,out_of_stock,https://www.tennistown.de/product_info.php?cPath=786_515&products_id=78468
Tennistown,2026-06-21 10:35:36,shoes,men,Wilson,Wilson Tennisschuhe Rush Pro Ace Allcourt (2E/weit) 2024 weiss/dunkelgrün Herren,EU 43,,89.9,,120.0,€,out_of_stock,https://www.tennistown.de/product_info.php?cPath=786_515&products_id=78363
Tennistown,2026-06-21 10:35:37,shoes,men,Wilson,Wilson Tennisschuhe Rush Pro 4.0 Clay/Sandplatz 2024 schwarz/weiss Herren,EU 43,,114.9,,140.0,€,out_of_stock,https://www.tennistown.de/product_info.php?cPath=786_515&products_id=77993
Tennistown,2026-06-21 10:35:38,shoes,men,K-Swiss,KSwiss Tennisschuhe Speedtrac Allcourt weiss Herren,EU 43,0196483102000,112.46,124.95,189.9,€,in_stock,https://www.tennistown.de/product_info.php?cPath=786_515&products_id=67357
Tennistown,2026-06-21 10:35:39,shoes,men,Head,Head Tennisschuhe Sprint Pro 3.5 Clay/Sandplatz weiss/schwarz Herren,EU 43,0726423694311,84.9,,160.0,€,in_stock,https://www.tennistown.de/product_info.php?cPath=786_515&products_id=66826
Tennistown,2026-06-21 10:35:40,shoes,men,Head,Head Tennisschuhe Sprint Pro 3.5 Clay/Sandplatz dunkelgrün Herren,EU 43,,80.91,89.9,160.0,€,out_of_stock,https://www.tennistown.de/product_info.php?cPath=786_515&products_id=66825
Tennistown,2026-06-21 10:35:42,shoes,men,Wilson,Wilson Tennisschuhe Kaos Swift 1.5 Allcourt/Leichtigkeit navyblau Herren,EU 43,0097512677547,78.0,,130.0,€,in_stock,https://www.tennistown.de/product_info.php?cPath=786_515&products_id=71005
Tennistown,2026-06-21 10:35:45,shoes,men,Head,Head Tennisschuhe Sprint Pro 3.5 Clay/Sandplatz rot Herren,EU 43,,84.95,,160.0,€,out_of_stock,https://www.tennistown.de/product_info.php?cPath=786_515&products_id=71076
Tennistown,2026-06-21 10:35:46,shoes,men,Wilson,Wilson Tennisschuhe Rush Pro 4.0 Allcourt gelb Herren,EU 43,,89.9,,140.0,€,out_of_stock,https://www.tennistown.de/product_info.php?cPath=786_515&products_id=59422
Tennistown,2026-06-21 10:35:49,shoes,men,K-Swiss,KSwiss Tennisschuhe Express Light 3 Allcourt weiss/opalblau Herren,EU 43,,70.17,77.97,129.95,€,out_of_stock,https://www.tennistown.de/product_info.php?cPath=786_515&products_id=66471
Tennistown,2026-06-21 10:35:50,shoes,men,K-Swiss,KSwiss Tennisschuhe Ultrashot Team Allcourt weiss/opalblau Herren,EU 43,0196483102420,80.91,89.9,149.99,€,in_stock,https://www.tennistown.de/product_info.php?cPath=786_515&products_id=66468
Tennistown,2026-06-21 10:35:50,shoes,men,K-Swiss,KSwiss Tennisschuhe BigShot Light 4 Allcourt opalblau Herren,EU 43,,98.91,109.9,129.95,€,out_of_stock,https://www.tennistown.de/product_info.php?cPath=786_515&products_id=66467
Tennistown,2026-06-21 10:35:51,shoes,men,K-Swiss,KSwiss Tennisschuhe Court Express Clay/Sandplatz opalblau Herren,EU 43,,76.41,84.9,99.95,€,out_of_stock,https://www.tennistown.de/product_info.php?cPath=786_515&products_id=66466
Tennistown,2026-06-21 10:35:54,shoes,men,Head,Head Tennisschuhe Revolt Court 2.0 Allcourt weiss/schwarz Herren,EU 43,0724794763452,89.9,,130.0,€,in_stock,https://www.tennistown.de/product_info.php?cPath=786_515&products_id=84977
Tennistown,2026-06-21 10:35:55,shoes,men,Head,Head Tennisschuhe Sprint Pro 3.5 Indoor/Carpet/Teppich dunkelgrün/blau Herren,EU 43,0726423227236,103.46,114.95,130.0,€,in_stock,https://www.tennistown.de/product_info.php?cPath=786_515&products_id=84175
Tennistown,2026-06-21 10:35:57,shoes,men,Head,Head Tennisschuhe Sprint Pro 3.5 Allcourt rot Herren,EU 43,,89.9,,160.0,€,out_of_stock,https://www.tennistown.de/product_info.php?cPath=786_515&products_id=82224
Tennistown,2026-06-21 10:36:00,shoes,men,K-Swiss,KSwiss Tennisschuhe Ultrashot 3 Allcourt weinrot/dunkelblau Herren,EU 43,0196483101584,134.95,,199.9,€,in_stock,https://www.tennistown.de/product_info.php?cPath=786_515&products_id=80850
Tennistown,2026-06-21 10:36:00,shoes,men,K-Swiss,KSwiss Tennisschuhe Speedtrac x Corridor Allcourt weiss Herren,EU 43,0196483098532,99.9,,200.0,€,in_stock,https://www.tennistown.de/product_info.php?cPath=786_515&products_id=80693
Tennistown,2026-06-21 10:36:03,shoes,men,Head,Head Tennisschuhe Sprint Pro 4.0 Allcourt 2025 weiss Herren,EU 43,0726423351542,129.9,,160.0,€,in_stock,https://www.tennistown.de/product_info.php?cPath=786_515&products_id=91921
Tennistown,2026-06-21 10:36:04,shoes,men,Head,Head Tennisschuhe Revolt Pro 4.5 Allcourt 2025 weiss/schwarz Herren,EU 43,,95.95,,160.0,€,out_of_stock,https://www.tennistown.de/product_info.php?cPath=786_515&products_id=91920
Tennistown,2026-06-21 10:36:04,shoes,men,Head,Head Tennisschuhe Revolt Pro 4.5 Clay/Sandplatz 2025 navyblau Herren,EU 43,,99.9,,160.0,€,out_of_stock,https://www.tennistown.de/product_info.php?cPath=786_515&products_id=91919
Tennistown,2026-06-21 10:36:05,shoes,men,Head,Head Tennisschuhe Revolt Evo 2.0 Allcourt 2025 weiss/schwarz Herren,EU 43,,76.5,,130.0,€,out_of_stock,https://www.tennistown.de/product_info.php?cPath=786_515&products_id=91915
Tennistown,2026-06-21 10:36:06,shoes,men,Head,Head Tennisschuhe Sprint Team 4.0 Clay/Sandplatz navyblau/lime Herren,EU 43,0726423353591,69.26,76.95,110.0,€,in_stock,https://www.tennistown.de/product_info.php?cPath=786_515&products_id=91912
Tennistown,2026-06-21 10:36:12,shoes,men,K-Swiss,KSwiss Tennisschuhe Speedex HB Clay/Sandplatz weiss/infinityblau/orange Herren,EU 43,0196483719376,63.95,,99.99,€,in_stock,https://www.tennistown.de/product_info.php?cPath=786_515&products_id=89447
Tennistown,2026-06-21 10:36:13,shoes,men,K-Swiss,KSwiss Tennisschuhe Express Light 3 Clay/Sandplatz weiss/stargazer Herren,EU 43,0196483715583,79.95,,119.99,€,in_stock,https://www.tennistown.de/product_info.php?cPath=786_515&products_id=89019
Tennistown,2026-06-21 10:36:13,shoes,men,K-Swiss,KSwiss Tennisschuhe Express Light 3 Clay/Sandplatz eisblau Herren,EU 43,,69.26,76.95,119.99,€,out_of_stock,https://www.tennistown.de/product_info.php?cPath=786_515&products_id=89016
Tennistown,2026-06-21 10:36:16,shoes,men,K-Swiss,KSwiss Tennisschuhe Ultrashot 4 Clay/Sandplatz 2025 weiss Herren,EU 43,,134.91,149.9,189.99,€,out_of_stock,https://www.tennistown.de/product_info.php?cPath=786_515&products_id=88534
Tennistown,2026-06-21 10:36:20,shoes,men,Head,Head Tennisschuhe Revolt Evo 2.0 Allcourt weiss Herren,EU 43,,67.95,,120.0,€,out_of_stock,https://www.tennistown.de/product_info.php?cPath=786_515&products_id=59973
Tennistown,2026-06-21 10:36:21,shoes,men,Wilson,Wilson Tennisschuhe Rush Pro 4.0 Clay/Sandplatz schwarz Herren,EU 43,,84.0,,140.0,€,out_of_stock,https://www.tennistown.de/product_info.php?cPath=786_515&products_id=59593
Tennistown,2026-06-21 10:36:22,shoes,men,Head,Head Tennisschuhe Sprint Pro 3.5 Indoor/Carpet/Teppich weiss Herren,EU 43,,103.46,114.95,130.0,€,out_of_stock,https://www.tennistown.de/product_info.php?cPath=786_515&products_id=64057
Tennistown,2026-06-21 10:36:22,shoes,women,Wilson,Wilson Tennisschuhe Kaos Swift 1.5 Allcourt/Leichtigkeit navyblau/lila Damen,EU 39,,80.91,89.9,130.0,€,out_of_stock,https://www.tennistown.de/product_info.php?cPath=786_515&products_id=70993
Tennistown,2026-06-21 10:36:24,shoes,women,Wilson,Wilson Tennisschuhe Rush Pro Ace Clay/Sandplatz 2024 pfirsischorange/weiss Damen,EU 39,,104.9,,120.0,€,out_of_stock,https://www.tennistown.de/product_info.php?cPath=786_515&products_id=78474
Tennistown,2026-06-21 10:36:25,shoes,women,Wilson,Wilson Tennisschuhe Rush Pro 4.0 Clay/Sandplatz 2024 schwarz/pink/weiss Damen,EU 39,,71.91,79.9,140.0,€,out_of_stock,https://www.tennistown.de/product_info.php?cPath=786_515&products_id=77999
Tennistown,2026-06-21 10:36:25,shoes,women,K-Swiss,KSwiss Tennisschuhe Express Light 3 Clay/Sandplatz grau/weiss/limegrün Damen,EU 39,,64.8,71.99,119.99,€,out_of_stock,https://www.tennistown.de/product_info.php?cPath=786_515&products_id=77905
Tennistown,2026-06-21 10:36:26,shoes,women,K-Swiss,KSwiss Tennisschuhe Ultrashot Team Allcourt grau/weiss/limegrün Damen,EU 39,0196483439151,80.91,89.9,149.99,€,in_stock,https://www.tennistown.de/product_info.php?cPath=786_515&products_id=77890
Tennistown,2026-06-21 10:36:27,shoes,women,K-Swiss,KSwiss Tennisschuhe Hypercourt Supreme 2 HB Clay/Sandplatz weiss/violett/peach Damen,EU 39,0196483438796,114.99,,179.99,€,in_stock,https://www.tennistown.de/product_info.php?cPath=786_515&products_id=77875
Tennistown,2026-06-21 10:36:29,shoes,women,Wilson,Wilson Tennisschuhe Kaos Swift 1.5 Eastern Clay/Sandplatz/Leichtigkeit blaugrün Damen,EU 39,,79.9,,130.0,€,out_of_stock,https://www.tennistown.de/product_info.php?cPath=786_515&products_id=66926
Tennistown,2026-06-21 10:36:33,shoes,women,Head,Head Tennisschuhe Sprint Team 3.5 Clay/Sandplatz 2024 weiss/aquablau Damen,EU 39,,93.5,,110.0,€,out_of_stock,https://www.tennistown.de/product_info.php?cPath=786_515&products_id=81223
Tennistown,2026-06-21 10:36:34,shoes,women,Head,Head Tennisschuhe Sprint Evo 3.0 Clay/Sandplatz 2024 weiss/mintgrün Damen,EU 39,,80.05,88.95,130.0,€,out_of_stock,https://www.tennistown.de/product_info.php?cPath=786_515&products_id=81221
Tennistown,2026-06-21 10:36:35,shoes,women,Head,Head Tennisschuhe Revolt Pro 4.5 Clay/Sandplatz aquablau Damen,EU 39,,119.9,,160.0,€,out_of_stock,https://www.tennistown.de/product_info.php?cPath=786_515&products_id=81216
Tennistown,2026-06-21 10:36:35,shoes,women,Head,Head Tennisschuhe Sprint Pro 3.5 Clay/Sandplatz 2024 beige/pink Damen,EU 39,0724794845226,124.9,,160.0,€,in_stock,https://www.tennistown.de/product_info.php?cPath=786_515&products_id=81215
Tennistown,2026-06-21 10:36:36,shoes,women,K-Swiss,KSwiss Tennisschuhe Speedtrack Allcourt blau/pink Damen,EU 39,,119.9,,189.99,€,out_of_stock,https://www.tennistown.de/product_info.php?cPath=786_515&products_id=80936
Tennistown,2026-06-21 10:36:37,shoes,women,K-Swiss,KSwiss Tennisschuhe Speedex HB Clay/Sandplatz - weiss/orchid/pink Damen,EU 39,,63.95,,99.99,€,out_of_stock,https://www.tennistown.de/product_info.php?cPath=786_515&products_id=89596
Tennistown,2026-06-21 10:36:38,shoes,women,K-Swiss,KSwiss Tennisschuhe Express Light 3 Clay/Sandplatz weiss/violett Damen,EU 39,0196483715903,79.95,,119.99,€,in_stock,https://www.tennistown.de/product_info.php?cPath=786_515&products_id=89590
Tennistown,2026-06-21 10:36:39,shoes,women,K-Swiss,KSwiss Tennisschuhe Express Light 3 Clay/Sandplatz weiss/blau Damen,EU 39,0196483720198,76.95,,119.99,€,in_stock,https://www.tennistown.de/product_info.php?cPath=786_515&products_id=89589
Tennistown,2026-06-21 10:36:42,shoes,women,K-Swiss,KSwiss Tennisschuhe Express Light 2 Clay/Sandplatz weiss/grau Damen,EU 39,,70.15,77.94,129.9,€,out_of_stock,https://www.tennistown.de/product_info.php?cPath=786_515&products_id=46355
Tennistown,2026-06-21 10:36:43,shoes,women,K-Swiss,KSwiss Tennisschuhe BigShot Light 3 Allcourt weiss/arubablau Damen,EU 39,,71.91,79.9,99.95,€,out_of_stock,https://www.tennistown.de/product_info.php?cPath=786_515&products_id=42967
Tennistown,2026-06-21 10:36:46,shoes,women,K-Swiss,KSwiss Tennisschuhe Hypercourt Supreme HB Clay/Sandplatz blau/violett Damen,EU 39,,69.9,,169.9,€,out_of_stock,https://www.tennistown.de/product_info.php?cPath=786_515&products_id=61578
Tennistown,2026-06-21 10:36:46,shoes,women,K-Swiss,KSwiss Tennisschuhe Hypercourt Express 2 Allcourt weiss/blau Damen,EU 39,0192935893694,89.9,,139.95,€,in_stock,https://www.tennistown.de/product_info.php?cPath=786_515&products_id=61575
Tennistown,2026-06-21 10:36:47,shoes,women,K-Swiss,KSwiss Tennisschuhe Express Light 2 Clay/Sandplatz schwarz/grau Damen,EU 39,0192935847819,70.17,77.97,129.95,€,in_stock,https://www.tennistown.de/product_info.php?cPath=786_515&products_id=61571
Tennistown,2026-06-21 10:36:49,shoes,women,K-Swiss,KSwiss Tennisschuhe BigShot Light 4 Allcourt weiss/blau Damen,EU 39,0192935894417,71.96,79.95,119.95,€,in_stock,https://www.tennistown.de/product_info.php?cPath=786_515&products_id=60803
Tennistown,2026-06-21 10:36:50,shoes,women,Head,Head Tennisschuhe Sprint Pro 3.0 SF Clay/Sandplatz schwarz Damen,EU 39,,107.91,119.9,180.0,€,out_of_stock,https://www.tennistown.de/product_info.php?cPath=786_515&products_id=59653
Tennistown,2026-06-21 10:36:51,shoes,women,K-Swiss,KSwiss Tennisschuhe Receiver V Allcourt weiss Damen,EU 39,,80.91,89.9,119.95,€,out_of_stock,https://www.tennistown.de/product_info.php?cPath=786_515&products_id=55143
Tennistown,2026-06-21 10:36:51,shoes,women,K-Swiss,KSwiss Tennisschuhe Accomplish IV Allcourt weiss Damen,EU 39,,76.46,84.95,129.9,€,out_of_stock,https://www.tennistown.de/product_info.php?cPath=786_515&products_id=55142
Tennistown,2026-06-21 10:36:52,shoes,women,K-Swiss,KSwiss Tennisschuhe BigShot Light 4 Allcourt weiss/hellblau Damen,EU 39,0192935753707,64.95,,109.95,€,in_stock,https://www.tennistown.de/product_info.php?cPath=786_515&products_id=55141
Tennistown,2026-06-21 10:36:52,shoes,women,K-Swiss,KSwiss Tennisschuhe BigShot Light 4 Indoor/Carpet/Teppich grau Damen,EU 39,0192935629309,71.91,79.9,109.95,€,in_stock,https://www.tennistown.de/product_info.php?cPath=786_515&products_id=52939
Tennistown,2026-06-21 10:36:55,shoes,women,Wilson,Wilson Padelschuhe Intrigue Tour 2025 weiss/navyblau/lime Damen,EU 39,0097512937078,98.96,109.96,160.0,€,in_stock,https://www.tennistown.de/product_info.php?cPath=786_515&products_id=104812
Tennistown,2026-06-21 10:36:55,shoes,women,Wilson,Wilson Tennisschuhe Intrigue Pro Allcourt 2025 weiss/navyblau Damen,EU 39,0097512878548,84.95,,130.0,€,in_stock,https://www.tennistown.de/product_info.php?cPath=786_515&products_id=104639
Tennistown,2026-06-21 10:36:56,shoes,women,Wilson,Wilson Tennisschuhe Intrigue Lite Allcourt 2026 weiss/rosa Damen,EU 39,0097512993081,68.35,75.95,100.0,€,in_stock,https://www.tennistown.de/product_info.php?cPath=786_515&products_id=103328
Tennistown,2026-06-21 10:36:57,shoes,women,Wilson,Wilson Tennisschuhe Courtglide Allcourt (Stabilität) weiss/rosa Damen,EU 39,0097512999960,58.45,64.95,80.0,€,in_stock,https://www.tennistown.de/product_info.php?cPath=786_515&products_id=103060
Tennistown,2026-06-21 10:36:58,shoes,women,Head,Head Tennisschuhe Sprint Team 4.0 Clay/Sandplatz weiss/coral Damen,EU 39,,69.9,,110.0,€,out_of_stock,https://www.tennistown.de/product_info.php?cPath=786_515&products_id=96143
Tennistown,2026-06-21 10:36:58,shoes,women,Head,Head Tennisschuhe Revolt Pro 4.5 Clay/Sandplatz 2025 coralorange/weiss Damen,EU 39,0726424077663,79.0,,160.0,€,in_stock,https://www.tennistown.de/product_info.php?cPath=786_515&products_id=96135
Tennistown,2026-06-21 10:37:01,shoes,women,Head,Head Tennisschuhe Sprint Team 4.0 Clay/Sandplatz teablau/creamweiss Damen,EU 39,,59.95,,110.0,€,out_of_stock,https://www.tennistown.de/product_info.php?cPath=786_515&products_id=93441
Tennistown,2026-06-21 10:37:01,shoes,women,Head,Head Tennisschuhe Sprint Pro 4.0 Clay/Sandplatz 2025 creamweiss Damen,EU 39,,79.95,,160.0,€,out_of_stock,https://www.tennistown.de/product_info.php?cPath=786_515&products_id=93438
Tennistown,2026-06-21 10:37:02,shoes,women,Head,Head Tennisschuhe Revolt Evo 5.0 Allcourt 2026 weiss/hellgrau Damen,EU 39,0198772064181,89.95,99.95,130.0,€,in_stock,https://www.tennistown.de/product_info.php?cPath=786_515&products_id=100261
Tennistown,2026-06-21 10:37:03,shoes,women,Head,Head Tennisschuhe Sprint Team 4.0 Clay/Sandplatz 2026 creamweiss Damen,EU 39,0198772064679,77.35,85.95,110.0,€,in_stock,https://www.tennistown.de/product_info.php?cPath=786_515&products_id=100260
Tennistown,2026-06-21 10:37:04,shoes,women,Head,Head Tennisschuhe Sprint Team 4.0 Clay/Sandplatz 2026 deepblau Damen,EU 39,0198772064426,77.35,85.95,110.0,€,in_stock,https://www.tennistown.de/product_info.php?cPath=786_515&products_id=100259
Tennistown,2026-06-21 10:37:06,shoes,women,K-Swiss,KSwiss Tennisschuhe Hypercourt Supreme 2 HB Clay/Sandplatz weiss/hellblau/pink Damen,EU 39,0196483548983,114.9,,179.99,€,in_stock,https://www.tennistown.de/product_info.php?cPath=786_515&products_id=95563
Tennistown,2026-06-21 10:37:07,shoes,women,K-Swiss,KSwiss Tennisschuhe Hypercourt Express 2 Indoor/Carpet/Teppich 2025 weiss/pink/schwarz Damen,EU 39,0196483823745,119.9,,139.99,€,in_stock,https://www.tennistown.de/product_info.php?cPath=786_515&products_id=95495
Tennistown,2026-06-21 10:37:09,shoes,women,K-Swiss,KSwiss Tennisschuhe Court Express 2 Indoor/Carpet/Teppich weiss Damen,EU 39,0196483826159,61.11,67.9,79.95,€,in_stock,https://www.tennistown.de/product_info.php?cPath=786_515&products_id=95336
Tennistown,2026-06-21 10:37:10,shoes,women,Head,Head Tennisschuhe Sprint Team 4.0 Indoor/Carpet/Teppich 2025 weiss Damen,EU 39,,89.91,99.9,110.0,€,out_of_stock,https://www.tennistown.de/product_info.php?cPath=786_515&products_id=95313
Tennistown,2026-06-21 10:37:10,shoes,women,Wilson,Wilson Tennisschuhe Intrigue Pro Clay/Sandplatz 2025 weiss/navyblau Damen,EU 39,0097512876483,76.46,84.95,130.0,€,in_stock,https://www.tennistown.de/product_info.php?cPath=786_515&products_id=95289
Tennistown,2026-06-21 10:37:11,shoes,women,Wilson,Wilson Tennisschuhe Intrigue Pro Clay/Sandplatz 2025 navyblau Damen,EU 39,0097512861168,93.51,103.9,130.0,€,in_stock,https://www.tennistown.de/product_info.php?cPath=786_515&products_id=95288
Tennistown,2026-06-21 10:37:11,shoes,women,Wilson,Wilson Tennisschuhe Intrigue Lite Allcourt 2025 weiss/blau/gelb Damen,EU 39,0097512909679,61.15,67.95,100.0,€,in_stock,https://www.tennistown.de/product_info.php?cPath=786_515&products_id=95261
Tennistown,2026-06-21 10:37:12,shoes,women,K-Swiss,KSwiss Tennisschuhe Court Express 2 Clay/Sandplatz weiss/mint/schwarz Damen,EU 39,0196483822069,59.9,,79.9,€,in_stock,https://www.tennistown.de/product_info.php?cPath=786_515&products_id=94769
Tennistown,2026-06-21 10:37:13,shoes,women,Head,Head Tennisschuhe Sprint Pro 4.0 Clay/Sandplatz 2026 hellblau/darkblau Damen,EU 39,0198772062712,116.95,129.95,160.0,€,in_stock,https://www.tennistown.de/product_info.php?cPath=786_515&products_id=101327
Tennistown,2026-06-21 10:37:15,shoes,women,K-Swiss,KSwiss Tennisschuhe Express Light 3 Clay/Sandplatz 2026 weiss/purple Damen,EU 39,0196483943993,99.9,,119.99,€,in_stock,https://www.tennistown.de/product_info.php?cPath=786_515&products_id=100600
Tennistown,2026-06-21 10:37:16,shoes,women,K-Swiss,KSwiss Tennisschuhe Express Light 3 Clay/Sandplatz 2026 schwarz/silber/weiss Damen,EU 39,0196483943900,99.9,,119.99,€,in_stock,https://www.tennistown.de/product_info.php?cPath=786_515&products_id=100599
Tennistown,2026-06-21 10:37:17,shoes,women,K-Swiss,KSwiss Tennisschuhe Ultrashot Light Clay/Sandplatz 2026 weiss/lavender Damen,EU 39,0199286041675,76.41,84.9,99.9,€,in_stock,https://www.tennistown.de/product_info.php?cPath=786_515&products_id=100598
Tennistown,2026-06-21 10:37:17,shoes,women,K-Swiss,KSwiss Tennisschuhe Court Express 2 Clay/Sandplatz 2026 schwarz/weiss Damen,EU 39,0196483940879,61.15,67.95,79.9,€,in_stock,https://www.tennistown.de/product_info.php?cPath=786_515&products_id=100596
Tennistown,2026-06-21 10:37:18,shoes,women,K-Swiss,KSwiss Tennisschuhe Hypercourt Express 3 Clay/Sandplatz weiss/silber Damen,EU 39,,115.16,127.95,149.95,€,out_of_stock,https://www.tennistown.de/product_info.php?cPath=786_515&products_id=100580
Tennistown,2026-06-21 10:37:19,rackets,unisex,Head,Head Tennisschläger Radical Team 102in/280g/Allround 2025 rot - unbesaitet -,L2,0726423385080,155.65,172.95,250.0,€,in_stock,https://www.tennistown.de/product_info.php?cPath=786_21&products_id=90731
Tennistown,2026-06-21 10:37:19,rackets,unisex,Head,Head Tennisschläger Radical Team 102in/280g/Allround 2025 rot - unbesaitet -,L3,0726423385097,155.65,172.95,250.0,€,in_stock,https://www.tennistown.de/product_info.php?cPath=786_21&products_id=90731
Tennistown,2026-06-21 10:37:19,rackets,unisex,Head,Head Tennisschläger Radical MP 98in/300g/Turnier 2025 rot - unbesaitet -,L2,0726423384960,193.41,214.9,280.0,€,in_stock,https://www.tennistown.de/product_info.php?cPath=786_21&products_id=90729
Tennistown,2026-06-21 10:37:19,rackets,unisex,Head,Head Tennisschläger Radical MP 98in/300g/Turnier 2025 rot - unbesaitet -,L3,0726423384977,193.41,214.9,280.0,€,in_stock,https://www.tennistown.de/product_info.php?cPath=786_21&products_id=90729
Tennistown,2026-06-21 10:37:22,rackets,unisex,Head,Head Tennisschläger Instinct Team 100in/285g 2025 schwarz/hellblau - unbesaitet -,L2,0726423348559,98.91,109.9,150.0,€,in_stock,https://www.tennistown.de/product_info.php?cPath=786_21&products_id=89202
Tennistown,2026-06-21 10:37:22,rackets,unisex,Head,Head Tennisschläger Instinct Team 100in/285g 2025 schwarz/hellblau - unbesaitet -,L3,0726423348566,98.91,109.9,150.0,€,in_stock,https://www.tennistown.de/product_info.php?cPath=786_21&products_id=89202
Tennistown,2026-06-21 10:37:23,rackets,unisex,Head,Head Tennisschläger Instinct MP 100in/300g 2025 schwarz/hellblau - unbesaitet -,L2,0726423348436,98.91,109.9,160.0,€,in_stock,https://www.tennistown.de/product_info.php?cPath=786_21&products_id=89201
Tennistown,2026-06-21 10:37:23,rackets,unisex,Head,Head Tennisschläger Instinct MP 100in/300g 2025 schwarz/hellblau - unbesaitet -,L3,0726423348443,98.91,109.9,160.0,€,in_stock,https://www.tennistown.de/product_info.php?cPath=786_21&products_id=89201
Tennistown,2026-06-21 10:37:25,rackets,unisex,Head,Head Tennisschläger Gravity MP 100in/295g/Turnier 2025 schwarz/blau - unbesaitet -,L2,0726423385561,179.84,,280.0,€,in_stock,https://www.tennistown.de/product_info.php?cPath=786_21&products_id=88908
Tennistown,2026-06-21 10:37:25,rackets,unisex,Head,Head Tennisschläger Gravity MP 100in/295g/Turnier 2025 schwarz/blau - unbesaitet -,L3,0726423385578,179.84,,280.0,€,in_stock,https://www.tennistown.de/product_info.php?cPath=786_21&products_id=88908
Tennistown,2026-06-21 10:37:26,rackets,unisex,Head,Head Tennisschläger Gravity Pro 100in/315g/Turnier 2025 schwarz/blau - unbesaitet -,L2,0726423385363,214.9,,300.0,€,in_stock,https://www.tennistown.de/product_info.php?cPath=786_21&products_id=88906
Tennistown,2026-06-21 10:37:26,rackets,unisex,Head,Head Tennisschläger Gravity Pro 100in/315g/Turnier 2025 schwarz/blau - unbesaitet -,L3,,214.9,,300.0,€,out_of_stock,https://www.tennistown.de/product_info.php?cPath=786_21&products_id=88906
Tennistown,2026-06-21 10:37:26,rackets,unisex,Dunlop,Dunlop Tennisschläger SX 300 Lite 100in/270g/Allround 2025 blaugrün/gelb - unbesaitet -,L2,0045566182739,159.9,,209.99,€,in_stock,https://www.tennistown.de/product_info.php?cPath=786_21&products_id=88831
Tennistown,2026-06-21 10:37:26,rackets,unisex,Dunlop,Dunlop Tennisschläger SX 300 Lite 100in/270g/Allround 2025 blaugrün/gelb - unbesaitet -,L3,0045566182746,159.9,,209.99,€,in_stock,https://www.tennistown.de/product_info.php?cPath=786_21&products_id=88831
Tennistown,2026-06-21 10:37:27,rackets,unisex,Dunlop,Dunlop Tennisschläger SX 300 Tour 98in/305g/Turnier 2025 blaugrün/gelb - unbesaitet -,L2,0045566182616,179.91,199.9,249.99,€,in_stock,https://www.tennistown.de/product_info.php?cPath=786_21&products_id=88830
Tennistown,2026-06-21 10:37:27,rackets,unisex,Dunlop,Dunlop Tennisschläger SX 300 Tour 98in/305g/Turnier 2025 blaugrün/gelb - unbesaitet -,L3,0045566182623,179.91,199.9,249.99,€,in_stock,https://www.tennistown.de/product_info.php?cPath=786_21&products_id=88830
Tennistown,2026-06-21 10:37:28,rackets,unisex,Dunlop,Dunlop Tennisschläger SX 300 100in/300g/Turnier 2025 blaugrün/gelb - unbesaitet -,L2,0045566182654,169.5,,259.95,€,in_stock,https://www.tennistown.de/product_info.php?cPath=786_21&products_id=88809
Tennistown,2026-06-21 10:37:28,rackets,unisex,Dunlop,Dunlop Tennisschläger SX 300 100in/300g/Turnier 2025 blaugrün/gelb - unbesaitet -,L3,0045566182661,169.5,,259.95,€,in_stock,https://www.tennistown.de/product_info.php?cPath=786_21&products_id=88809
Tennistown,2026-06-21 10:37:29,rackets,unisex,Head,Head Tennisschläger Extreme MP L (Lite) 100in/280g/Allround 2024 gelb - unbesaitet -,L2,0726423218234,166.41,184.9,230.0,€,in_stock,https://www.tennistown.de/product_info.php?cPath=786_21&products_id=83670
Tennistown,2026-06-21 10:37:29,rackets,unisex,Head,Head Tennisschläger Extreme MP L (Lite) 100in/280g/Allround 2024 gelb - unbesaitet -,L3,0726423218241,166.41,184.9,230.0,€,in_stock,https://www.tennistown.de/product_info.php?cPath=786_21&products_id=83670
Tennistown,2026-06-21 10:37:31,rackets,unisex,Head,Head Tennisschläger Extreme MP 100in/300g/Turnier 2024 gelb - unbesaitet -,L2,0726423218111,178.11,197.9,260.0,€,in_stock,https://www.tennistown.de/product_info.php?cPath=786_21&products_id=83258
Tennistown,2026-06-21 10:37:31,rackets,unisex,Head,Head Tennisschläger Extreme MP 100in/300g/Turnier 2024 gelb - unbesaitet -,L3,0726423218128,178.11,197.9,260.0,€,in_stock,https://www.tennistown.de/product_info.php?cPath=786_21&products_id=83258
Tennistown,2026-06-21 10:37:31,rackets,unisex,Dunlop,Dunlop Tennisschläger Srixon CX 400 Tour 100in/300g/Turnier 2024 rot - unbesaitet -,L2,,129.59,143.99,239.99,€,out_of_stock,https://www.tennistown.de/product_info.php?cPath=786_21&products_id=82476
Tennistown,2026-06-21 10:37:31,rackets,unisex,Dunlop,Dunlop Tennisschläger Srixon CX 400 Tour 100in/300g/Turnier 2024 rot - unbesaitet -,L3,,129.59,143.99,239.99,€,out_of_stock,https://www.tennistown.de/product_info.php?cPath=786_21&products_id=82476
Tennistown,2026-06-21 10:37:33,rackets,unisex,Wilson,Wilson Tennisschläger Clash 98 v2.0 98in/310g/Turnier rot - unbesaitet -,L2,,150.0,,300.0,€,out_of_stock,https://www.tennistown.de/product_info.php?cPath=786_21&products_id=60450
Tennistown,2026-06-21 10:37:33,rackets,unisex,Wilson,Wilson Tennisschläger Clash 98 v2.0 98in/310g/Turnier rot - unbesaitet -,L3,,150.0,,300.0,€,out_of_stock,https://www.tennistown.de/product_info.php?cPath=786_21&products_id=60450
Tennistown,2026-06-21 10:37:38,rackets,unisex,Head,Head Tennisschläger Gravity Pro 100in/315g/Turnier #21 - unbesaitet -,L2,0724794045213,125.91,139.9,270.0,€,in_stock,https://www.tennistown.de/product_info.php?cPath=786_21&products_id=49622
Tennistown,2026-06-21 10:37:38,rackets,unisex,Head,Head Tennisschläger Gravity Pro 100in/315g/Turnier #21 - unbesaitet -,L3,,125.91,139.9,270.0,€,out_of_stock,https://www.tennistown.de/product_info.php?cPath=786_21&products_id=49622
Tennistown,2026-06-21 10:37:39,rackets,unisex,Head,Head Tennisschläger Radical Pro #21 98in/315g/Turnier orange - unbesaitet -,L2,0724794047323,139.9,,270.0,€,in_stock,https://www.tennistown.de/product_info.php?cPath=786_21&products_id=48981
Tennistown,2026-06-21 10:37:39,rackets,unisex,Head,Head Tennisschläger Radical Pro #21 98in/315g/Turnier orange - unbesaitet -,L3,,139.9,,270.0,€,out_of_stock,https://www.tennistown.de/product_info.php?cPath=786_21&products_id=48981
Tennistown,2026-06-21 10:37:39,rackets,unisex,Head,Head Tennisschläger Boom MP #22 100in/295g/Turnier - unbesaitet -,L2,,116.1,129.0,260.0,€,out_of_stock,https://www.tennistown.de/product_info.php?cPath=786_21&products_id=54749
Tennistown,2026-06-21 10:37:39,rackets,unisex,Head,Head Tennisschläger Boom MP #22 100in/295g/Turnier - unbesaitet -,L3,0724794366318,116.1,129.0,260.0,€,in_stock,https://www.tennistown.de/product_info.php?cPath=786_21&products_id=54749
Tennistown,2026-06-21 10:37:40,rackets,unisex,Dunlop,Dunlop Tennisschläger Srixon SX 300 LS 100in/285g/Allround - unbesaitet -,L2,,99.9,,229.95,€,out_of_stock,https://www.tennistown.de/product_info.php?cPath=786_21&products_id=54582
Tennistown,2026-06-21 10:37:40,rackets,unisex,Dunlop,Dunlop Tennisschläger Srixon SX 300 LS 100in/285g/Allround - unbesaitet -,L3,0045566178800,99.9,,229.95,€,in_stock,https://www.tennistown.de/product_info.php?cPath=786_21&products_id=54582
Tennistown,2026-06-21 10:37:44,rackets,unisex,Wilson,Wilson Tennisschläger Ultra V4.0 108in/270g/Komfort blau - unbesaitet -,L2,,133.15,147.95,230.0,€,out_of_stock,https://www.tennistown.de/product_info.php?cPath=786_21&products_id=105103
Tennistown,2026-06-21 10:37:44,rackets,unisex,Wilson,Wilson Tennisschläger Ultra V4.0 108in/270g/Komfort blau - unbesaitet -,L3,0097512640459,133.15,147.95,230.0,€,in_stock,https://www.tennistown.de/product_info.php?cPath=786_21&products_id=105103
Tennistown,2026-06-21 10:37:46,rackets,unisex,Wilson,Wilson Tennisschläger Blade 104 v10 104in/290g/Turnier 2026 grün - unbesaitet -,L2,0097512974684,233.82,259.8,260.0,€,in_stock,https://www.tennistown.de/product_info.php?cPath=786_21&products_id=104219
Tennistown,2026-06-21 10:37:46,rackets,unisex,Wilson,Wilson Tennisschläger Blade 104 v10 104in/290g/Turnier 2026 grün - unbesaitet -,L3,0097512974691,233.82,259.8,260.0,€,in_stock,https://www.tennistown.de/product_info.php?cPath=786_21&products_id=104219
Tennistown,2026-06-21 10:37:47,rackets,unisex,Wilson,Wilson Tennisschläger Blade 100L v10 100in/285g/Turnier 2026 grün - unbesaitet -,L2,0097512974806,224.82,249.8,250.0,€,in_stock,https://www.tennistown.de/product_info.php?cPath=786_21&products_id=104218
Tennistown,2026-06-21 10:37:47,rackets,unisex,Wilson,Wilson Tennisschläger Blade 100L v10 100in/285g/Turnier 2026 grün - unbesaitet -,L3,0097512974813,224.82,249.8,250.0,€,in_stock,https://www.tennistown.de/product_info.php?cPath=786_21&products_id=104218
Tennistown,2026-06-21 10:37:48,rackets,unisex,Yonex,Yonex Komfort-Tennisschläger Ezone (8th Gen.) 105in/275g 2025 Blast blau - unbesaitet -,L2,,184.41,204.9,259.95,€,out_of_stock,https://www.tennistown.de/product_info.php?cPath=786_21&products_id=93913
Tennistown,2026-06-21 10:37:48,rackets,unisex,Yonex,Yonex Komfort-Tennisschläger Ezone (8th Gen.) 105in/275g 2025 Blast blau - unbesaitet -,L3,,184.41,204.9,259.95,€,out_of_stock,https://www.tennistown.de/product_info.php?cPath=786_21&products_id=93913
Tennistown,2026-06-21 10:37:51,rackets,unisex,Head,Head Tennisschläger Speed MP 100in/300g/Turnier 2026 schwarz/weiss - unbesaitet -,L2,0198772135195,169.83,,280.0,€,in_stock,https://www.tennistown.de/product_info.php?cPath=786_21&products_id=100159
Tennistown,2026-06-21 10:37:51,rackets,unisex,Head,Head Tennisschläger Speed MP 100in/300g/Turnier 2026 schwarz/weiss - unbesaitet -,L3,0198772135201,169.83,,280.0,€,in_stock,https://www.tennistown.de/product_info.php?cPath=786_21&products_id=100159
Tennistown,2026-06-21 10:37:52,rackets,unisex,Head,Head Tennisschläger Speed Tour 97in/305g/Turnier 2026 schwarz/weiss - unbesaitet -,L2,0198772135096,210.0,,280.0,€,in_stock,https://www.tennistown.de/product_info.php?cPath=786_21&products_id=100158
Tennistown,2026-06-21 10:37:52,rackets,unisex,Head,Head Tennisschläger Speed Tour 97in/305g/Turnier 2026 schwarz/weiss - unbesaitet -,L3,0198772135102,210.0,,280.0,€,in_stock,https://www.tennistown.de/product_info.php?cPath=786_21&products_id=100158
Tennistown,2026-06-21 10:37:53,rackets,unisex,Wilson,Wilson Tennisschläger Pro Staff L Classic 97in/290g/Turnier 2026 schwarz - unbesaitet -,L2,0097512974578,159.26,176.95,240.0,€,in_stock,https://www.tennistown.de/product_info.php?cPath=786_21&products_id=100087
Tennistown,2026-06-21 10:37:53,rackets,unisex,Wilson,Wilson Tennisschläger Pro Staff L Classic 97in/290g/Turnier 2026 schwarz - unbesaitet -,L3,0097512974561,159.26,176.95,240.0,€,in_stock,https://www.tennistown.de/product_info.php?cPath=786_21&products_id=100087
Tennistown,2026-06-21 10:37:59,rackets,unisex,Yonex,Yonex Tennisschläger Percept 97in/310g/Turnier 2025 midnight navyblau - unbesaitet -,L2,4550675268763,232.43,,309.9,€,in_stock,https://www.tennistown.de/product_info.php?cPath=786_21&products_id=95105
Tennistown,2026-06-21 10:37:59,rackets,unisex,Yonex,Yonex Tennisschläger Percept 97in/310g/Turnier 2025 midnight navyblau - unbesaitet -,L3,4550675268770,232.43,,309.9,€,in_stock,https://www.tennistown.de/product_info.php?cPath=786_21&products_id=95105
Tennistown,2026-06-21 10:38:01,rackets,unisex,Yonex,Yonex Tennisschläger VCore (8th Generation) 98in/285g/Turnier 2026 rot - unbesaitet -,L2,4550675389154,197.91,219.9,289.95,€,in_stock,https://www.tennistown.de/product_info.php?cPath=786_21&products_id=99390
Tennistown,2026-06-21 10:38:01,rackets,unisex,Yonex,Yonex Tennisschläger VCore (8th Generation) 98in/285g/Turnier 2026 rot - unbesaitet -,L3,4550675389161,197.91,219.9,289.95,€,in_stock,https://www.tennistown.de/product_info.php?cPath=786_21&products_id=99390
Tennistown,2026-06-21 10:38:02,rackets,unisex,Yonex,Yonex Tennisschläger VCore (8th Generation) 100in/300g/Turnier 2026 rot - unbesaitet -,L2,4550675355227,269.95,,299.95,€,in_stock,https://www.tennistown.de/product_info.php?cPath=786_21&products_id=99377
Tennistown,2026-06-21 10:38:02,rackets,unisex,Yonex,Yonex Tennisschläger VCore (8th Generation) 100in/300g/Turnier 2026 rot - unbesaitet -,L3,4550675355234,269.95,,299.95,€,in_stock,https://www.tennistown.de/product_info.php?cPath=786_21&products_id=99377
Tennistown,2026-06-21 10:38:03,rackets,unisex,Dunlop,Dunlop Tennisschläger FX 500 100in/300g/Turnier 2026 blau - unbesaitet -,L2,0045566185075,139.41,154.9,239.9,€,in_stock,https://www.tennistown.de/product_info.php?cPath=786_21&products_id=98609
Tennistown,2026-06-21 10:38:03,rackets,unisex,Dunlop,Dunlop Tennisschläger FX 500 100in/300g/Turnier 2026 blau - unbesaitet -,L3,0045566185082,139.41,154.9,239.9,€,in_stock,https://www.tennistown.de/product_info.php?cPath=786_21&products_id=98609
Tennistown,2026-06-21 10:38:03,rackets,unisex,Wilson,Wilson Tennisschläger Pro Staff 97 V14 97in/315g #23 bronzebraun - unbesaitet -,L2,,197.91,219.9,320.0,€,out_of_stock,https://www.tennistown.de/product_info.php?cPath=786_21&products_id=98565
Tennistown,2026-06-21 10:38:03,rackets,unisex,Wilson,Wilson Tennisschläger Pro Staff 97 V14 97in/315g #23 bronzebraun - unbesaitet -,L3,0097512683937,197.91,219.9,320.0,€,in_stock,https://www.tennistown.de/product_info.php?cPath=786_21&products_id=98565
Tennistown,2026-06-21 10:38:05,rackets,unisex,Head,Head Tennisschläger Boom Team Alternate 107n/260g/Komfort 2026 lila - unbesaitet -,L2,0198772140335,126.45,140.5,210.0,€,in_stock,https://www.tennistown.de/product_info.php?cPath=786_21&products_id=102321
Tennistown,2026-06-21 10:38:05,rackets,unisex,Head,Head Tennisschläger Boom Team Alternate 107n/260g/Komfort 2026 lila - unbesaitet -,L3,0198772140342,126.45,140.5,210.0,€,in_stock,https://www.tennistown.de/product_info.php?cPath=786_21&products_id=102321
Tennistown,2026-06-21 10:38:05,rackets,unisex,Head,Head Tennisschläger Boom MP UL Alternate 100in/255g 2026 lila - unbesaitet -,L2,0198772140212,148.95,165.5,230.0,€,in_stock,https://www.tennistown.de/product_info.php?cPath=786_21&products_id=102320
Tennistown,2026-06-21 10:38:05,rackets,unisex,Head,Head Tennisschläger Boom MP UL Alternate 100in/255g 2026 lila - unbesaitet -,L3,,148.95,165.5,230.0,€,out_of_stock,https://www.tennistown.de/product_info.php?cPath=786_21&products_id=102320
Tennistown,2026-06-21 10:38:06,rackets,unisex,Head,Head Tennisschläger Boom MP 100in/295g/Turnier 2026 blau - unbesaitet -,L2,,186.12,206.8,260.0,€,out_of_stock,https://www.tennistown.de/product_info.php?cPath=786_21&products_id=102238
Tennistown,2026-06-21 10:38:06,rackets,unisex,Head,Head Tennisschläger Boom MP 100in/295g/Turnier 2026 blau - unbesaitet -,L3,0198772136024,186.12,206.8,260.0,€,in_stock,https://www.tennistown.de/product_info.php?cPath=786_21&products_id=102238
Tennistown,2026-06-21 10:38:07,rackets,unisex,Wilson,Wilson Tennisschläger Blade 104 v9 104in/290g/Allround 2024 emeraldgrün - unbesaitet -,L2,,161.1,179.0,250.0,€,out_of_stock,https://www.tennistown.de/product_info.php?cPath=786_21&products_id=77829
Tennistown,2026-06-21 10:38:07,rackets,unisex,Wilson,Wilson Tennisschläger Blade 104 v9 104in/290g/Allround 2024 emeraldgrün - unbesaitet -,L3,0097512791977,161.1,179.0,250.0,€,in_stock,https://www.tennistown.de/product_info.php?cPath=786_21&products_id=77829
Tennistown,2026-06-21 10:38:08,rackets,unisex,Head,Head Tennisschläger Speed MP 100in/300g/Turnier 2024 weiss/schwarz - unbesaitet -,L2,,199.0,,280.0,€,out_of_stock,https://www.tennistown.de/product_info.php?cPath=786_21&products_id=77547
Tennistown,2026-06-21 10:38:08,rackets,unisex,Head,Head Tennisschläger Speed MP 100in/300g/Turnier 2024 weiss/schwarz - unbesaitet -,L3,0724794926130,199.0,,280.0,€,in_stock,https://www.tennistown.de/product_info.php?cPath=786_21&products_id=77547
Tennistown,2026-06-21 10:38:21,strings,unisex,Solinco,Solinco Tennissaite Tour Bite SOFT (Haltbarkeit+Touch) silber 200m Rolle,1.25 mm,0812753011949,107.91,119.9,145.0,€,in_stock,https://www.tennistown.de/product_info.php?cPath=786_24&products_id=13405
Tennistown,2026-06-21 10:38:33,strings,unisex,Head,Head Tennissaite Rip Control (Kontrolle+Armschonung) schwarz/weiss 200m Rolle,1.25 mm,0724794523629,119.95,,160.0,€,in_stock,https://www.tennistown.de/product_info.php?cPath=786_24&products_id=10097
Tennistown,2026-06-21 10:38:34,strings,unisex,Yonex,Yonex Tennissaite Poly Tour Spin (Haltbarkeit+Spin) hellblau 200m Rolle,1.25 mm,4547656826326,89.91,99.9,159.9,€,in_stock,https://www.tennistown.de/product_info.php?cPath=786_24&products_id=9018
Tennistown,2026-06-21 10:38:40,strings,unisex,Yonex,Yonex Tennissaite Poly Tour Pro (Haltbarkeit+Touch) gelb 200m Rolle,1.25 mm,4547656570205,114.9,,169.9,€,in_stock,https://www.tennistown.de/product_info.php?cPath=786_24&products_id=7518
Tennistown,2026-06-21 10:38:52,strings,unisex,Head,Head Tennissaite Sonic Pro (Haltbarkeit) weiss 200m Rolle,1.25 mm,0724794848142,62.91,69.9,100.0,€,in_stock,https://www.tennistown.de/product_info.php?cPath=786_24&products_id=2588
Tennistown,2026-06-21 10:39:05,shoes,men,K-Swiss,KSwiss Tennisschuhe BigShot Light 4 Indoor/Carpet/Teppich grünblau Herren,EU 43,,98.91,109.9,129.9,€,out_of_stock,https://www.tennistown.de/product_info.php?cPath=786_515&products_id=62207
Tennistown,2026-06-21 10:39:07,shoes,men,K-Swiss,KSwiss Tennisschuhe Receiver V Allcourt weiss/peacoatblau Herren,EU 43,0192935722383,86.36,95.95,119.9,€,in_stock,https://www.tennistown.de/product_info.php?cPath=786_515&products_id=55133
Tennistown,2026-06-21 10:39:07,shoes,men,Wilson,Wilson Tennisschuhe Kaos Swift (eichtigkeit) gelb Herren,EU 43,,80.91,89.9,125.0,€,out_of_stock,https://www.tennistown.de/product_info.php?cPath=786_515&products_id=57033
Tennistown,2026-06-21 10:39:09,shoes,men,K-Swiss,KSwiss Tennisschuhe Accomplish IV Allcourt (Stabil) weiss/peacoatblau Herren,EU 43,,114.95,,129.9,€,out_of_stock,https://www.tennistown.de/product_info.php?cPath=786_515&products_id=56342
Tennistown,2026-06-21 10:39:12,shoes,men,Wilson,Wilson Tennisschuhe Rush Lite 5.0 Clay/Sandplatz weiss/navyblau Herren,EU 43,0097512988469,85.41,94.9,130.0,€,in_stock,https://www.tennistown.de/product_info.php?cPath=786_515&products_id=104817
Tennistown,2026-06-21 10:39:12,shoes,men,Wilson,Wilson Tennisschuhe Rush Tour 5.0 Clay/Sandplatz weiss/navyblau Herren,EU 43,0097512988995,143.95,159.95,200.0,€,in_stock,https://www.tennistown.de/product_info.php?cPath=786_515&products_id=104815
Tennistown,2026-06-21 10:39:13,shoes,men,Wilson,Wilson Tennisschuhe Rush Pro Ace Allcourt (2E/weit) 2025 weiss/blau Herren,EU 43,,76.95,,120.0,€,out_of_stock,https://www.tennistown.de/product_info.php?cPath=786_515&products_id=104638
Tennistown,2026-06-21 10:39:23,shoes,men,K-Swiss,KSwiss Tennisschuhe Hypercourt Express 2 Clay/Sandplatz 2025 indigoblau/weiss Herren,EU 43,,103.41,114.9,139.99,€,out_of_stock,https://www.tennistown.de/product_info.php?cPath=786_515&products_id=95242
Tennistown,2026-06-21 10:39:23,shoes,men,K-Swiss,KSwiss Tennisschuhe Express Light 3 Clay/Sandplatz weiss/blau Herren,EU 43,,79.95,,119.99,€,out_of_stock,https://www.tennistown.de/product_info.php?cPath=786_515&products_id=95241
Tennistown,2026-06-21 10:39:24,shoes,men,K-Swiss,KSwiss Tennisschuhe Express Light 3 Allcourt 2025 schwarz Herren,EU 43,0196483819076,76.95,,119.95,€,in_stock,https://www.tennistown.de/product_info.php?cPath=786_515&products_id=95240
Tennistown,2026-06-21 10:39:24,shoes,men,K-Swiss,KSwiss Tennisschuhe Hypercourt Express 2 Clay/Sandplatz 2025 schwarz/neongrün Herren,EU 43,,89.91,99.9,139.99,€,out_of_stock,https://www.tennistown.de/product_info.php?cPath=786_515&products_id=95239
Tennistown,2026-06-21 10:39:29,shoes,men,Wilson,Wilson Tennisschuhe Rush Lite 5.0 Clay/Sandplatz blau/weiss Herren,EU 43,,94.46,104.96,130.0,€,out_of_stock,https://www.tennistown.de/product_info.php?cPath=786_515&products_id=103067
Tennistown,2026-06-21 10:39:29,shoes,men,Wilson,Wilson Tennisschuhe Rush Pro 5.0 Clay/Sandplatz grau/schwarz/violett Herren,EU 43,0097512990684,116.95,129.95,160.0,€,in_stock,https://www.tennistown.de/product_info.php?cPath=786_515&products_id=103064
Tennistown,2026-06-21 10:39:30,shoes,men,Wilson,Wilson Tennisschuhe Rush Pro 5.0 Clay/Sandplatz blau/weiss Herren,EU 43,0097512990844,116.95,129.95,160.0,€,in_stock,https://www.tennistown.de/product_info.php?cPath=786_515&products_id=103063
Tennistown,2026-06-21 10:39:31,shoes,men,Wilson,Wilson Tennisschuhe Courtglide Allcourt (Stabilität) weiss Herren,EU 43,0199073000700,58.45,64.95,80.0,€,in_stock,https://www.tennistown.de/product_info.php?cPath=786_515&products_id=103058
Tennistown,2026-06-21 10:39:31,shoes,men,Wilson,Wilson Tennisschuhe Courtglide Allcourt (Stabilität) weiss/blau Herren,EU 43,0199073000267,58.45,64.95,80.0,€,in_stock,https://www.tennistown.de/product_info.php?cPath=786_515&products_id=103057
Tennistown,2026-06-21 10:39:32,shoes,men,Head,Head Tennisschuhe Revolt Evo 5.0 Allcourt 2026 dunkelblau/teal Herren,EU 43,0198772058647,94.45,104.95,130.0,€,in_stock,https://www.tennistown.de/product_info.php?cPath=786_515&products_id=100910
Tennistown,2026-06-21 10:39:34,shoes,men,Head,Head Tennisschuhe Sprint Pro 4.0 SF Clay/Sandplatz 2026 schwarz/teal Herren,EU 43,0198772055615,122.36,135.95,180.0,€,in_stock,https://www.tennistown.de/product_info.php?cPath=786_515&products_id=100675
Tennistown,2026-06-21 10:39:34,shoes,men,Head,Head Tennisschuhe Sprint Pro 4.0 Clay/Sandplatz 2026 rot Herren,EU 43,0198772056278,115.06,127.84,160.0,€,in_stock,https://www.tennistown.de/product_info.php?cPath=786_515&products_id=100608
Tennistown,2026-06-21 10:39:35,shoes,men,K-Swiss,KSwiss Tennisschuhe Hypercourt Supreme 2 Clay/Sandplatz 2026 dazzlingblau/weiss Herren,EU 43,0196483937510,118.99,,169.99,€,in_stock,https://www.tennistown.de/product_info.php?cPath=786_515&products_id=100594
Tennistown,2026-06-21 10:39:35,shoes,men,K-Swiss,KSwiss Padelschuhe Express Light 3 schwarz/lavarot Herren,EU 43,0196483937145,89.95,99.95,119.9,€,in_stock,https://www.tennistown.de/product_info.php?cPath=786_515&products_id=100593
Tennistown,2026-06-21 10:39:36,shoes,men,K-Swiss,KSwiss Tennisschuhe Express Light 3 Clay/Sandplatz 2026 weiss/dazzlingblau Herren,EU 43,0196483937015,83.99,,119.99,€,in_stock,https://www.tennistown.de/product_info.php?cPath=786_515&products_id=100592
Tennistown,2026-06-21 10:39:37,shoes,men,K-Swiss,KSwiss Tennisschuhe Hypercourt Express 3 Clay/Sandplatz weiss/dunkelblau Herren,EU 43,0196483935585,115.16,127.95,149.95,€,in_stock,https://www.tennistown.de/product_info.php?cPath=786_515&products_id=100578
Tennistown,2026-06-21 10:39:38,shoes,men,Wilson,Wilson Tennisschuhe Kaos Swift 1.5 Allcourt/Leichtigkeit grau/schwarz Herren,EU 43,,89.9,,130.0,€,out_of_stock,https://www.tennistown.de/product_info.php?cPath=786_515&products_id=69965
Tennistown,2026-06-21 10:39:39,shoes,men,Head,Head Tennisschuhe Sprint Pro 3.5 Allcourt weiss/schwarz Herren,EU 43,,89.9,,160.0,€,out_of_stock,https://www.tennistown.de/product_info.php?cPath=786_515&products_id=77106
Tennistown,2026-06-21 10:39:43,shoes,men,K-Swiss,KSwiss Tennisschuhe Hypercourt Supreme Allcourt hellblau/orionblau Herren,EU 43,,119.9,,179.99,€,out_of_stock,https://www.tennistown.de/product_info.php?cPath=786_515&products_id=73000
Tennistown,2026-06-21 10:39:44,shoes,men,K-Swiss,KSwiss Tennisschuhe Hypercourt Supreme Allcourt weiss/bunt Herren,EU 43,0192935707908,79.9,,169.9,€,in_stock,https://www.tennistown.de/product_info.php?cPath=786_515&products_id=72690
Tennistown,2026-06-21 10:39:45,shoes,men,K-Swiss,KSwiss Tennisschuhe Express Light 3 Allcourt orionblau Herren,EU 43,,70.2,77.99,129.99,€,out_of_stock,https://www.tennistown.de/product_info.php?cPath=786_515&products_id=72528
Tennistown,2026-06-21 10:39:45,shoes,men,K-Swiss,KSwiss Tennisschuhe Ultrashot Team Allcourt blau/orionblau Herren,EU 43,,98.91,109.9,149.99,€,out_of_stock,https://www.tennistown.de/product_info.php?cPath=786_515&products_id=72527
Tennistown,2026-06-21 10:39:47,shoes,men,Wilson,Wilson Tennisschuhe Rush Pro 3.5 Britto Allcourt weiss/schwarz Herren,EU 43,,99.9,,160.0,€,out_of_stock,https://www.tennistown.de/product_info.php?cPath=786_515&products_id=71434
Tennistown,2026-06-21 10:39:47,shoes,men,Head,Head Tennisschuhe Sprint Pro 3.5 Clay/Sandplatz schwarz Herren,EU 43,,79.9,,160.0,€,out_of_stock,https://www.tennistown.de/product_info.php?cPath=786_515&products_id=71078
Tennistown,2026-06-21 10:39:52,shoes,men,Wilson,Wilson Tennisschuhe Rush Pro Extra Duty Allcourt/Stabilität/Haltbarkeit 2024 schwarz Herren,EU 43,,98.91,109.9,160.0,€,out_of_stock,https://www.tennistown.de/product_info.php?cPath=786_515&products_id=81061
Tennistown,2026-06-21 10:39:53,shoes,men,K-Swiss,KSwiss Tennisschuhe Hypercourt Express 2 Indoor/Carpet/Teppich weiss/blau Herren,EU 43,,107.91,119.9,139.99,€,out_of_stock,https://www.tennistown.de/product_info.php?cPath=786_515&products_id=61675
Tennistown,2026-06-21 10:39:56,shoes,men,Head,Head Tennisschuhe Revolt Pro 4.0 Clay/Sandplatz blau/weiss Herren,EU 43,,99.9,,150.0,€,out_of_stock,https://www.tennistown.de/product_info.php?cPath=786_515&products_id=59652
Tennistown,2026-06-21 10:39:57,shoes,men,Wilson,Wilson Tennisschuhe Kaos Swift 1.5 Clay/Sandplatz/Leichtigkeit 2024 blau Herren,EU 43,0097512754712,80.91,89.9,130.0,€,in_stock,https://www.tennistown.de/product_info.php?cPath=786_515&products_id=78521
Tennistown,2026-06-21 10:39:57,shoes,men,Wilson,Wilson Tennisschuhe Rush Pro Lite Allcourt pearlblau/grau Herren,EU 43,,69.9,,100.0,€,out_of_stock,https://www.tennistown.de/product_info.php?cPath=786_515&products_id=78479
Tennistown,2026-06-21 10:39:58,shoes,women,Head,Head Tennisschuhe Revolt Pro 5.0 Allcourt weiss Damen,EU 39,0198772063795,112.41,124.9,160.0,€,in_stock,https://www.tennistown.de/product_info.php?cPath=786_515&products_id=100571
Tennistown,2026-06-21 10:39:59,shoes,women,Head,Head Tennisschuhe Revolt Pro 5.0 Clay/Sandplatz weiss/dunkelblau/orange Damen,EU 39,0198772063672,113.36,125.95,160.0,€,in_stock,https://www.tennistown.de/product_info.php?cPath=786_515&products_id=100566
Tennistown,2026-06-21 10:40:00,shoes,women,K-Swiss,KSwiss Padelschuhe Express Light 3 - creamweiss/rot Damen,EU 39,,79.9,,119.99,€,out_of_stock,https://www.tennistown.de/product_info.php?cPath=786_515&products_id=102470
Tennistown,2026-06-21 10:40:02,shoes,women,K-Swiss,KSwiss Tennisschuhe Express Light 3 Clay/Sandplatz weiss/violett/peach Damen,EU 39,0196483439762,71.99,,119.99,€,in_stock,https://www.tennistown.de/product_info.php?cPath=786_515&products_id=77904
Tennistown,2026-06-21 10:40:02,shoes,women,K-Swiss,KSwiss Tennisschuhe Express Light 3 Allcourt grau/weiss/limegrün Damen,EU 39,,64.8,71.99,119.99,€,out_of_stock,https://www.tennistown.de/product_info.php?cPath=786_515&products_id=77893
Tennistown,2026-06-21 10:40:03,shoes,women,K-Swiss,KSwiss Tennisschuhe Ultrashot 3 HB Clay/Sandplatz weiss/grau/limegrün Damen,EU 39,,149.99,,199.99,€,out_of_stock,https://www.tennistown.de/product_info.php?cPath=786_515&products_id=77874
Tennistown,2026-06-21 10:40:04,shoes,women,Head,Head Tennisschuhe Sprint Pro 3.5 Clay/Sandplatz 2024 dunkelblau Damen,EU 39,0724794823163,119.9,,160.0,€,in_stock,https://www.tennistown.de/product_info.php?cPath=786_515&products_id=77755
Tennistown,2026-06-21 10:40:06,shoes,women,Head,Head Tennisschuhe Sprint Evo 3.0 Clay/Sandplatz weiss/burgund Damen,EU 39,,79.49,,130.0,€,out_of_stock,https://www.tennistown.de/product_info.php?cPath=786_515&products_id=72683
Tennistown,2026-06-21 10:40:07,shoes,women,Head,Head Tennisschuhe Revolt Pro 4.0 Clay/Sandplatz beige/limegrün Damen,EU 39,,89.9,,160.0,€,out_of_stock,https://www.tennistown.de/product_info.php?cPath=786_515&products_id=72682
Tennistown,2026-06-21 10:40:07,shoes,women,Head,Head Tennisschuhe Sprint Pro 3.5 Clay/Sandplatz weiss/aquablau Damen,EU 39,,80.1,89.0,160.0,€,out_of_stock,https://www.tennistown.de/product_info.php?cPath=786_515&products_id=72671
Tennistown,2026-06-21 10:40:08,shoes,women,Head,Head Tennisschuhe Sprint Pro 3.5 Clay/Sandplatz beige/limegrün Damen,EU 39,,99.9,,160.0,€,out_of_stock,https://www.tennistown.de/product_info.php?cPath=786_515&products_id=72669
Tennistown,2026-06-21 10:40:09,shoes,women,Head,Head Tennisschuhe Sprint Pro 3.0 SF Allcourt schwarz/lime Damen,EU 39,0724794224700,119.9,,180.0,€,in_stock,https://www.tennistown.de/product_info.php?cPath=786_515&products_id=72152
Tennistown,2026-06-21 10:40:10,shoes,women,Head,Head Tennisschuhe Sprint Team 3.5 Clay/Sandplatz blau/mintgrün Damen,EU 39,,67.95,,110.0,€,out_of_stock,https://www.tennistown.de/product_info.php?cPath=786_515&products_id=71063
Tennistown,2026-06-21 10:40:10,shoes,women,K-Swiss,KSwiss Tennisschuhe Hypercourt Express 2 Clay/Sandplatz hellblau Damen,EU 39,0192935750942,89.91,99.9,139.95,€,in_stock,https://www.tennistown.de/product_info.php?cPath=786_515&products_id=57756
Tennistown,2026-06-21 10:40:11,shoes,women,K-Swiss,KSwiss Tennisschuhe Hypercourt Supreme Allcourt weiss Damen,EU 39,0192935751185,109.9,,159.95,€,in_stock,https://www.tennistown.de/product_info.php?cPath=786_515&products_id=57754
Tennistown,2026-06-21 10:40:11,shoes,women,K-Swiss,KSwiss Tennisschuhe Express Light 2 Clay/Sandplatz hellblau Damen,EU 39,0192935750584,77.97,,129.95,€,in_stock,https://www.tennistown.de/product_info.php?cPath=786_515&products_id=57751
Tennistown,2026-06-21 10:40:13,shoes,women,Head,Head Tennisschuhe Sprint Pro 3.5 Clay/Sandplatz blau Damen,EU 39,0724794193402,99.9,,150.0,€,in_stock,https://www.tennistown.de/product_info.php?cPath=786_515&products_id=66514
Tennistown,2026-06-21 10:40:14,shoes,women,K-Swiss,KSwiss Tennisschuhe Court Express Clay/Sandplatz schwarz/weiss Damen,EU 39,0196483144529,69.26,76.95,99.95,€,in_stock,https://www.tennistown.de/product_info.php?cPath=786_515&products_id=66506
Tennistown,2026-06-21 10:40:15,shoes,women,K-Swiss,KSwiss Tennisschuhe Express Light 3 Clay/Sandplatz weiss/grau Damen,EU 39,,70.17,77.97,129.95,€,out_of_stock,https://www.tennistown.de/product_info.php?cPath=786_515&products_id=66505
Tennistown,2026-06-21 10:40:16,shoes,women,K-Swiss,KSwiss Tennisschuhe Express Light 3 Clay/Sandplatz weiss/hellblau Damen,EU 39,0196483107685,77.97,,129.95,€,in_stock,https://www.tennistown.de/product_info.php?cPath=786_515&products_id=66504
Tennistown,2026-06-21 10:40:16,shoes,women,K-Swiss,KSwiss Tennisschuhe Express Light 3 Clay/Sandplatz schwarz/grau Damen,EU 39,0196483107562,71.97,,119.95,€,in_stock,https://www.tennistown.de/product_info.php?cPath=786_515&products_id=66503
Tennistown,2026-06-21 10:40:17,shoes,women,K-Swiss,KSwiss Tennisschuhe Hypercourt Supreme Clay/Sandplatz hellblau Damen,EU 39,0196483105766,124.9,,179.9,€,in_stock,https://www.tennistown.de/product_info.php?cPath=786_515&products_id=66500
Tennistown,2026-06-21 10:40:21,shoes,women,Wilson,Wilson Tennisschuhe Kaos Swift 1.5 Clay/Sandplatz/Leichtigkeit 2024 gelb Damen,EU 39,,80.91,89.9,130.0,€,out_of_stock,https://www.tennistown.de/product_info.php?cPath=786_515&products_id=81494
Tennistown,2026-06-21 10:40:22,shoes,women,Wilson,Wilson Tennisschuhe Kaos Swift 1.5 Clay/Sandplatz/Leichtigkeit 2024 weiss Damen,EU 39,,71.91,79.9,130.0,€,out_of_stock,https://www.tennistown.de/product_info.php?cPath=786_515&products_id=81373
Tennistown,2026-06-21 10:40:22,shoes,women,Head,Head Tennisschuhe Sprint Team 3.5 Clay/Sandplatz pink Damen,EU 39,,76.95,,110.0,€,out_of_stock,https://www.tennistown.de/product_info.php?cPath=786_515&products_id=81224
Tennistown,2026-06-21 10:40:23,shoes,women,Head,Head Tennisschuhe Revolt Pro 4.5 Clay/Sandplatz weiss/aquablau Damen,EU 39,,89.91,99.9,160.0,€,out_of_stock,https://www.tennistown.de/product_info.php?cPath=786_515&products_id=81217
Tennistown,2026-06-21 10:40:28,shoes,women,K-Swiss,KSwiss Tennisschuhe Speedex HB Clay/Sandplatz - weiss/blau/limegrün Damen,EU 39,0196483719680,63.95,,99.99,€,in_stock,https://www.tennistown.de/product_info.php?cPath=786_515&products_id=89595
Tennistown,2026-06-21 10:40:28,shoes,women,K-Swiss,KSwiss Tennisschuhe Hypercourt Supreme 2 HB Clay/Sandplatz weiss/grün/blau Damen,EU 39,0196483711868,110.49,,169.99,€,in_stock,https://www.tennistown.de/product_info.php?cPath=786_515&products_id=89593
Tennistown,2026-06-21 10:40:32,shoes,women,K-Swiss,KSwiss Tennisschuhe Defier RS Allcourt (Stabilität) uniweiss Damen,EU 39,0192935035834,107.91,119.9,149.9,€,in_stock,https://www.tennistown.de/product_info.php?cPath=786_515&products_id=36463
Tennistown,2026-06-21 10:40:33,shoes,women,Wilson,Wilson Tennisschuhe Kaos Symbiofit 3.0 Allcourt weiss/blau Damen,EU 39,,71.91,79.9,140.0,€,out_of_stock,https://www.tennistown.de/product_info.php?cPath=786_515&products_id=43222
Tennistown,2026-06-21 10:40:34,shoes,women,K-Swiss,KSwiss Tennisschuhe Ultrashot 2 Allcourt arubablau Damen,EU 39,0192935271188,100.77,111.97,159.95,€,in_stock,https://www.tennistown.de/product_info.php?cPath=786_515&products_id=42975
Tennistown,2026-06-21 10:40:35,shoes,women,K-Swiss,KSwiss Tennisschuhe Court Express Clay/Sandplatz graublau Damen,EU 39,,62.94,69.93,99.9,€,out_of_stock,https://www.tennistown.de/product_info.php?cPath=786_515&products_id=48795
Tennistown,2026-06-21 10:40:35,shoes,women,K-Swiss,KSwiss Tennisschuhe Hypercourt Express 2 Clay/Sandplatz schwarz/rose Damen,EU 39,0192935846720,104.95,,159.95,€,in_stock,https://www.tennistown.de/product_info.php?cPath=786_515&products_id=61577
Tennistown,2026-06-21 10:40:36,shoes,women,Wilson,Wilson Tennisschuhe Kaos Comp 3.0 Allcourt hellblau Damen,EU 39,,69.9,,100.0,€,out_of_stock,https://www.tennistown.de/product_info.php?cPath=786_515&products_id=59573
Tennistown,2026-06-21 10:40:36,shoes,women,K-Swiss,KSwiss Tennisschuhe Receiver V Indoor/Carpet/Teppich weiss Damen,EU 39,,89.95,99.95,119.95,€,out_of_stock,https://www.tennistown.de/product_info.php?cPath=786_515&products_id=62627
Tennistown,2026-06-21 10:40:37,shoes,women,K-Swiss,KSwiss Tennisschuhe Hypercourt Supreme Clay/Sandplatz weiss Damen,EU 39,0192935751307,84.9,,169.9,€,in_stock,https://www.tennistown.de/product_info.php?cPath=786_515&products_id=57080
Tennistown,2026-06-21 10:40:40,shoes,women,Wilson,Wilson Tennisschuhe Intrigue Tour Allcourt 2025 weiss/navyblau/rot Damen,EU 39,0097512877121,99.96,,160.0,€,in_stock,https://www.tennistown.de/product_info.php?cPath=786_515&products_id=104811
Tennistown,2026-06-21 10:40:40,shoes,women,Head,Head Tennisschuhe Revolt Court 5.0 Allcourt 2026 weiss/denimblau Damen,EU 39,0198772064914,62.95,69.95,85.0,€,in_stock,https://www.tennistown.de/product_info.php?cPath=786_515&products_id=100263
Tennistown,2026-06-21 10:40:41,shoes,women,Head,Head Tennisschuhe Revolt Court 5.0 Allcourt 2026 schwarz/weiss Damen,EU 39,0198772064785,62.95,69.95,85.0,€,in_stock,https://www.tennistown.de/product_info.php?cPath=786_515&products_id=100262
Tennistown,2026-06-21 10:40:41,shoes,women,Head,Head Tennisschuhe Sprint Pro 4.0 Clay/Sandplatz 2026 creamweiss Damen,EU 39,,112.41,124.9,160.0,€,out_of_stock,https://www.tennistown.de/product_info.php?cPath=786_515&products_id=100258
Tennistown,2026-06-21 10:40:46,shoes,women,K-Swiss,KSwiss Tennisschuhe Express Light 3 Indoor/Carpet/Teppich schwarz Damen,EU 39,0196483928822,79.9,,119.99,€,in_stock,https://www.tennistown.de/product_info.php?cPath=786_515&products_id=95494
Tennistown,2026-06-21 10:40:46,shoes,women,Head,Head Tennisschuhe Revolt Court Allcourt weiss/grau Damen,EU 39,,49.9,,85.0,€,out_of_stock,https://www.tennistown.de/product_info.php?cPath=786_515&products_id=95363
Tennistown,2026-06-21 10:40:47,shoes,women,Wilson,Wilson Tennisschuhe Intrigue Lite Allcourt 2025 navyblau Damen,EU 39,,71.91,79.9,100.0,€,out_of_stock,https://www.tennistown.de/product_info.php?cPath=786_515&products_id=95265
Tennistown,2026-06-21 10:40:47,shoes,women,Wilson,Wilson Tennisschuhe Intrigue Lite Allcourt 2025 weiss/navyblau Damen,EU 39,,62.91,69.9,100.0,€,out_of_stock,https://www.tennistown.de/product_info.php?cPath=786_515&products_id=95259
Tennistown,2026-06-21 10:40:48,shoes,women,K-Swiss,KSwiss Tennisschuhe Hypercourt Supreme 2 HB Clay/Sandplatz 2025 schwarz Damen,EU 39,0196483825428,107.96,119.95,169.99,€,in_stock,https://www.tennistown.de/product_info.php?cPath=786_515&products_id=95230
Tennistown,2026-06-21 10:40:49,shoes,women,K-Swiss,KSwiss Tennisschuhe Hypercourt Express 2 Allcourt 2025 weiss/pink/schwarz Damen,EU 39,0196483823141,91.0,,139.99,€,in_stock,https://www.tennistown.de/product_info.php?cPath=786_515&products_id=94768
Tennistown,2026-06-21 10:40:50,shoes,women,K-Swiss,KSwiss Tennisschuhe Express Light 3 Clay/Sandplatz schwarz/mint Damen,EU 39,0196483824704,71.91,79.9,119.99,€,in_stock,https://www.tennistown.de/product_info.php?cPath=786_515&products_id=94765
Tennistown,2026-06-21 10:40:51,shoes,women,K-Swiss,KSwiss Tennisschuhe Hypercourt Express 2 Allcourt hellblau Damen,EU 39,0196483548013,97.5,,149.99,€,in_stock,https://www.tennistown.de/product_info.php?cPath=786_515&products_id=94743
Tennistown,2026-06-21 10:40:57,rackets,unisex,Dunlop,Dunlop Tennisschläger Srixon CX 200 Tour 95in/310g/16x19/Turnier 2024 rot - unbesaitet -,L2,0045566180841,166.5,,269.99,€,in_stock,https://www.tennistown.de/product_info.php?cPath=786_21&products_id=80109
Tennistown,2026-06-21 10:40:57,rackets,unisex,Dunlop,Dunlop Tennisschläger Srixon CX 200 Tour 95in/310g/16x19/Turnier 2024 rot - unbesaitet -,L3,0045566180858,166.5,,269.99,€,in_stock,https://www.tennistown.de/product_info.php?cPath=786_21&products_id=80109
Tennistown,2026-06-21 10:40:57,rackets,unisex,Dunlop,Dunlop Tennisschläger Srixon CX 200 OS (Oversize) 105in/295g 2024 rot - unbesaitet -,L2,0045566180940,129.9,,249.99,€,in_stock,https://www.tennistown.de/product_info.php?cPath=786_21&products_id=80091
Tennistown,2026-06-21 10:40:57,rackets,unisex,Dunlop,Dunlop Tennisschläger Srixon CX 200 OS (Oversize) 105in/295g 2024 rot - unbesaitet -,L3,0045566180957,129.9,,249.99,€,in_stock,https://www.tennistown.de/product_info.php?cPath=786_21&products_id=80091
Tennistown,2026-06-21 10:40:58,rackets,unisex,Dunlop,Dunlop Tennisschläger Srixon CX 200 Tour 95in/315g/18x20/Turnier 2024 rot - unbesaitet -,L2,0045566180810,116.91,129.9,269.99,€,in_stock,https://www.tennistown.de/product_info.php?cPath=786_21&products_id=80066
Tennistown,2026-06-21 10:40:58,rackets,unisex,Dunlop,Dunlop Tennisschläger Srixon CX 200 Tour 95in/315g/18x20/Turnier 2024 rot - unbesaitet -,L3,0045566180827,116.91,129.9,269.99,€,in_stock,https://www.tennistown.de/product_info.php?cPath=786_21&products_id=80066
Tennistown,2026-06-21 10:40:59,rackets,unisex,Head,Head Tennisschläger Boom MP L 100in/270g 2024 schwarz/türkis - unbesaitet -,L2,0724794925089,161.96,179.95,230.0,€,in_stock,https://www.tennistown.de/product_info.php?cPath=786_21&products_id=79671
Tennistown,2026-06-21 10:40:59,rackets,unisex,Head,Head Tennisschläger Boom MP L 100in/270g 2024 schwarz/türkis - unbesaitet -,L3,0724794925096,161.96,179.95,230.0,€,in_stock,https://www.tennistown.de/product_info.php?cPath=786_21&products_id=79671
Tennistown,2026-06-21 10:41:00,rackets,unisex,Head,Head Tennisschläger Boom Pro 98in/310g/Turnier 2024 schwarz/türkis - unbesaitet -,L2,0724794924846,134.91,149.9,280.0,€,in_stock,https://www.tennistown.de/product_info.php?cPath=786_21&products_id=79462
Tennistown,2026-06-21 10:41:00,rackets,unisex,Head,Head Tennisschläger Boom Pro 98in/310g/Turnier 2024 schwarz/türkis - unbesaitet -,L3,0724794924853,134.91,149.9,280.0,€,in_stock,https://www.tennistown.de/product_info.php?cPath=786_21&products_id=79462
Tennistown,2026-06-21 10:41:02,rackets,unisex,Yonex,Yonex Tennisschläger VCore (7th Generation) #23 95in/310g/Turnier rot - unbesaitet -,L2,,129.9,,299.95,€,out_of_stock,https://www.tennistown.de/product_info.php?cPath=786_21&products_id=66280
Tennistown,2026-06-21 10:41:02,rackets,unisex,Yonex,Yonex Tennisschläger VCore (7th Generation) #23 95in/310g/Turnier rot - unbesaitet -,L3,,129.9,,299.95,€,out_of_stock,https://www.tennistown.de/product_info.php?cPath=786_21&products_id=66280
Tennistown,2026-06-21 10:41:03,rackets,unisex,Yonex,Yonex Tennisschläger VCore (7th Generation) #23 98in/285g/Turnier rot - unbesaitet -,L2,,129.9,,289.95,€,out_of_stock,https://www.tennistown.de/product_info.php?cPath=786_21&products_id=66273
Tennistown,2026-06-21 10:41:03,rackets,unisex,Yonex,Yonex Tennisschläger VCore (7th Generation) #23 98in/285g/Turnier rot - unbesaitet -,L3,4550468409267,129.9,,289.95,€,in_stock,https://www.tennistown.de/product_info.php?cPath=786_21&products_id=66273
Tennistown,2026-06-21 10:41:04,rackets,unisex,Dunlop,Dunlop Tennisschläger FX 500 LS #23 100in/285g/Allround blau - unbesaitet -,L2,,125.91,139.9,209.95,€,out_of_stock,https://www.tennistown.de/product_info.php?cPath=786_21&products_id=66267
Tennistown,2026-06-21 10:41:04,rackets,unisex,Dunlop,Dunlop Tennisschläger FX 500 LS #23 100in/285g/Allround blau - unbesaitet -,L3,0045566179722,125.91,139.9,209.95,€,in_stock,https://www.tennistown.de/product_info.php?cPath=786_21&products_id=66267
Tennistown,2026-06-21 10:41:06,rackets,unisex,Head,Head Tennisschläger Prestige Pro 98in/320g/Turnier 2023 weinrot/schwarz - unbesaitet -,L2,,215.0,,320.0,€,out_of_stock,https://www.tennistown.de/product_info.php?cPath=786_21&products_id=74795
Tennistown,2026-06-21 10:41:06,rackets,unisex,Head,Head Tennisschläger Prestige Pro 98in/320g/Turnier 2023 weinrot/schwarz - unbesaitet -,L3,,215.0,,320.0,€,out_of_stock,https://www.tennistown.de/product_info.php?cPath=786_21&products_id=74795
Tennistown,2026-06-21 10:41:08,rackets,unisex,Yonex,Yonex Tennisschläger Percept 100in/305g/Turnier olivegrün - unbesaitet -,L2,4550468627579,189.9,,319.9,€,in_stock,https://www.tennistown.de/product_info.php?cPath=786_21&products_id=73511
Tennistown,2026-06-21 10:41:08,rackets,unisex,Yonex,Yonex Tennisschläger Percept 100in/305g/Turnier olivegrün - unbesaitet -,L3,4550468627586,189.9,,319.9,€,in_stock,https://www.tennistown.de/product_info.php?cPath=786_21&products_id=73511
Tennistown,2026-06-21 10:41:09,rackets,unisex,Yonex,Yonex Tennisschläger Percept 97in/290g olivegrün - unbesaitet -,L2,4550468627784,193.46,214.95,279.9,€,in_stock,https://www.tennistown.de/product_info.php?cPath=786_21&products_id=73509
Tennistown,2026-06-21 10:41:09,rackets,unisex,Yonex,Yonex Tennisschläger Percept 97in/290g olivegrün - unbesaitet -,L3,4550468627791,193.46,214.95,279.9,€,in_stock,https://www.tennistown.de/product_info.php?cPath=786_21&products_id=73509
Tennistown,2026-06-21 10:41:10,rackets,unisex,Dunlop,Dunlop Tennisschläger LX 800 110in/255g/Komfort 2024 grau - unbesaitet -,L2,0045566182456,97.18,107.97,179.95,€,in_stock,https://www.tennistown.de/product_info.php?cPath=786_21&products_id=84501
Tennistown,2026-06-21 10:41:10,rackets,unisex,Dunlop,Dunlop Tennisschläger LX 800 110in/255g/Komfort 2024 grau - unbesaitet -,L3,0045566182463,97.18,107.97,179.95,€,in_stock,https://www.tennistown.de/product_info.php?cPath=786_21&products_id=84501
Tennistown,2026-06-21 10:41:11,rackets,unisex,Dunlop,Dunlop Tennisschläger LX 1000 115in/255g/Komfort 2024 grau - unbesaitet -,L2,,107.97,119.97,199.95,€,out_of_stock,https://www.tennistown.de/product_info.php?cPath=786_21&products_id=84499
Tennistown,2026-06-21 10:41:11,rackets,unisex,Dunlop,Dunlop Tennisschläger LX 1000 115in/255g/Komfort 2024 grau - unbesaitet -,L3,,107.97,119.97,199.95,€,out_of_stock,https://www.tennistown.de/product_info.php?cPath=786_21&products_id=84499
Tennistown,2026-06-21 10:41:13,rackets,unisex,Head,Head Tennisschläger Speed Pro Legend 100in/310g/Turnier 2024 schwarz - unbesaitet -,L2,0726423205272,162.0,180.0,300.0,€,in_stock,https://www.tennistown.de/product_info.php?cPath=786_21&products_id=81900
Tennistown,2026-06-21 10:41:13,rackets,unisex,Head,Head Tennisschläger Speed Pro Legend 100in/310g/Turnier 2024 schwarz - unbesaitet -,L3,0726423205289,162.0,180.0,300.0,€,in_stock,https://www.tennistown.de/product_info.php?cPath=786_21&products_id=81900
Tennistown,2026-06-21 10:41:17,rackets,unisex,Head,Head Tennisschläger Radical Pro 98in/315g/Turnier 2025 rot - unbesaitet -,L2,0726423384861,179.91,199.9,300.0,€,in_stock,https://www.tennistown.de/product_info.php?cPath=786_21&products_id=90727
Tennistown,2026-06-21 10:41:17,rackets,unisex,Head,Head Tennisschläger Radical Pro 98in/315g/Turnier 2025 rot - unbesaitet -,L3,0726423384878,179.91,199.9,300.0,€,in_stock,https://www.tennistown.de/product_info.php?cPath=786_21&products_id=90727
Tennistown,2026-06-21 10:41:17,rackets,unisex,Yonex,Yonex Tennisschläger Ezone (8th Gen.) 100in/300g/Turnier 2025 Blast blau - unbesaitet -,L2,4550468976004,239.95,,279.95,€,in_stock,https://www.tennistown.de/product_info.php?cPath=786_21&products_id=87665
Tennistown,2026-06-21 10:41:17,rackets,unisex,Yonex,Yonex Tennisschläger Ezone (8th Gen.) 100in/300g/Turnier 2025 Blast blau - unbesaitet -,L3,4550468976011,239.95,,279.95,€,in_stock,https://www.tennistown.de/product_info.php?cPath=786_21&products_id=87665
Tennistown,2026-06-21 10:41:19,rackets,unisex,Head,Head Tennisschläger Extreme Pro 98in/305g/Turnier 2024 gelb - unbesaitet -,L2,0726423218012,151.15,167.95,260.0,€,in_stock,https://www.tennistown.de/product_info.php?cPath=786_21&products_id=83674
Tennistown,2026-06-21 10:41:19,rackets,unisex,Head,Head Tennisschläger Extreme Pro 98in/305g/Turnier 2024 gelb - unbesaitet -,L3,0726423218029,151.15,167.95,260.0,€,in_stock,https://www.tennistown.de/product_info.php?cPath=786_21&products_id=83674
Tennistown,2026-06-21 10:41:20,rackets,unisex,Head,Head Tennisschläger Extreme Team 105in/265g/Allround 2024 gelb - unbesaitet -,L2,0726423218357,134.91,149.9,230.0,€,in_stock,https://www.tennistown.de/product_info.php?cPath=786_21&products_id=83329
Tennistown,2026-06-21 10:41:20,rackets,unisex,Head,Head Tennisschläger Extreme Team 105in/265g/Allround 2024 gelb - unbesaitet -,L3,0726423218364,134.91,149.9,230.0,€,in_stock,https://www.tennistown.de/product_info.php?cPath=786_21&products_id=83329
Tennistown,2026-06-21 10:41:25,rackets,unisex,Head,Head Tennisschläger Gravity MP Lite 100in/280g/Allround 2025 schwarz/blau - unbesaitet -,L2,,156.51,173.9,250.0,€,out_of_stock,https://www.tennistown.de/product_info.php?cPath=786_21&products_id=88943
Tennistown,2026-06-21 10:41:25,rackets,unisex,Head,Head Tennisschläger Gravity MP Lite 100in/280g/Allround 2025 schwarz/blau - unbesaitet -,L3,0726423385691,156.51,173.9,250.0,€,in_stock,https://www.tennistown.de/product_info.php?cPath=786_21&products_id=88943
Tennistown,2026-06-21 10:41:29,rackets,unisex,Head,Head Tennisschläger Gravity Tour #21 100in/305g/Turnier - unbesaitet -,L2,0724794045619,125.95,139.95,260.0,€,in_stock,https://www.tennistown.de/product_info.php?cPath=786_21&products_id=49623
Tennistown,2026-06-21 10:41:29,rackets,unisex,Head,Head Tennisschläger Gravity Tour #21 100in/305g/Turnier - unbesaitet -,L3,0724794045626,125.95,139.95,260.0,€,in_stock,https://www.tennistown.de/product_info.php?cPath=786_21&products_id=49623
Tennistown,2026-06-21 10:41:30,rackets,unisex,Dunlop,Dunlop Tennisschläger Srixon FX 700 107in/265g/Komfort schwarz - unbesaitet -,L2,0045566175274,89.91,99.9,169.95,€,in_stock,https://www.tennistown.de/product_info.php?cPath=786_21&products_id=48099
Tennistown,2026-06-21 10:41:30,rackets,unisex,Dunlop,Dunlop Tennisschläger Srixon FX 700 107in/265g/Komfort schwarz - unbesaitet -,L3,0045566175281,89.91,99.9,169.95,€,in_stock,https://www.tennistown.de/product_info.php?cPath=786_21&products_id=48099
Tennistown,2026-06-21 10:41:31,rackets,unisex,Head,Head Tennisschläger Boom Pro #22 98in/310g/Turnier - unbesaitet -,L2,0724794366028,119.9,,280.0,€,in_stock,https://www.tennistown.de/product_info.php?cPath=786_21&products_id=54748
Tennistown,2026-06-21 10:41:31,rackets,unisex,Head,Head Tennisschläger Boom Pro #22 98in/310g/Turnier - unbesaitet -,L3,0724794366035,119.9,,280.0,€,in_stock,https://www.tennistown.de/product_info.php?cPath=786_21&products_id=54748
Tennistown,2026-06-21 10:41:31,rackets,unisex,Head,Head Tennisschläger Prestige MP L (Light) #21 99in/300g/Turnier - unbesaitet -,L2,,145.95,,280.0,€,out_of_stock,https://www.tennistown.de/product_info.php?cPath=786_21&products_id=54297
Tennistown,2026-06-21 10:41:31,rackets,unisex,Head,Head Tennisschläger Prestige MP L (Light) #21 99in/300g/Turnier - unbesaitet -,L3,,145.95,,280.0,€,out_of_stock,https://www.tennistown.de/product_info.php?cPath=786_21&products_id=54297
Tennistown,2026-06-21 10:41:32,rackets,unisex,Head,Head Tennisschläger Prestige Tour #21 95in/315g/Turnier - unbesaitet -,L2,0724794224014,125.91,139.9,300.0,€,in_stock,https://www.tennistown.de/product_info.php?cPath=786_21&products_id=54295
Tennistown,2026-06-21 10:41:32,rackets,unisex,Head,Head Tennisschläger Prestige Tour #21 95in/315g/Turnier - unbesaitet -,L3,,125.91,139.9,300.0,€,out_of_stock,https://www.tennistown.de/product_info.php?cPath=786_21&products_id=54295
Tennistown,2026-06-21 10:41:33,rackets,unisex,Wilson,Wilson Tennisschläger Clash v2.0 L 100in/280g/Allround rot - unbesaitet -,L2,,130.0,,260.0,€,out_of_stock,https://www.tennistown.de/product_info.php?cPath=786_21&products_id=57031
Tennistown,2026-06-21 10:41:33,rackets,unisex,Wilson,Wilson Tennisschläger Clash v2.0 L 100in/280g/Allround rot - unbesaitet -,L3,,130.0,,260.0,€,out_of_stock,https://www.tennistown.de/product_info.php?cPath=786_21&products_id=57031
Tennistown,2026-06-21 10:41:35,rackets,unisex,Wilson,Wilson Tennisschläger Burn V5.0 100in/300g/Turnier orange - unbesaitet -,L2,,129.9,,200.0,€,out_of_stock,https://www.tennistown.de/product_info.php?cPath=786_21&products_id=105299
Tennistown,2026-06-21 10:41:35,rackets,unisex,Wilson,Wilson Tennisschläger Burn V5.0 100in/300g/Turnier orange - unbesaitet -,L3,0097512643894,129.9,,200.0,€,in_stock,https://www.tennistown.de/product_info.php?cPath=786_21&products_id=105299
Tennistown,2026-06-21 10:41:36,rackets,unisex,Wilson,Wilson Tennisschläger Burn v5.0 ULS 100in/260g/Allround orange - unbesaitet -,L2,0097512642118,104.9,,160.0,€,in_stock,https://www.tennistown.de/product_info.php?cPath=786_21&products_id=105101
Tennistown,2026-06-21 10:41:36,rackets,unisex,Wilson,Wilson Tennisschläger Burn v5.0 ULS 100in/260g/Allround orange - unbesaitet -,L3,,104.9,,160.0,€,out_of_stock,https://www.tennistown.de/product_info.php?cPath=786_21&products_id=105101
Tennistown,2026-06-21 10:41:37,rackets,unisex,Wilson,Wilson Tennisschläger Ultra Pro 16x19 V4.0 97in/305g/Turnier blau - unbesaitet -,L2,0097512640473,179.95,199.95,250.0,€,in_stock,https://www.tennistown.de/product_info.php?cPath=786_21&products_id=104713
Tennistown,2026-06-21 10:41:37,rackets,unisex,Wilson,Wilson Tennisschläger Ultra Pro 16x19 V4.0 97in/305g/Turnier blau - unbesaitet -,L3,,179.95,199.95,250.0,€,out_of_stock,https://www.tennistown.de/product_info.php?cPath=786_21&products_id=104713
Tennistown,2026-06-21 10:41:38,rackets,unisex,Head,Head Tennisschläger Squared 100in/295g/Turnier grau - unbesaitet -,L2,0198772137298,234.0,260.0,260.0,€,in_stock,https://www.tennistown.de/product_info.php?cPath=786_21&products_id=103971
Tennistown,2026-06-21 10:41:38,rackets,unisex,Head,Head Tennisschläger Squared 100in/295g/Turnier grau - unbesaitet -,L3,0198772137304,234.0,260.0,260.0,€,in_stock,https://www.tennistown.de/product_info.php?cPath=786_21&products_id=103971
Tennistown,2026-06-21 10:41:44,rackets,unisex,Head,Head Tennisschläger Speed Team 105in/270g/Allround 2026 schwarz/weiss - unbesaitet -,L2,0198772135553,161.84,,250.0,€,in_stock,https://www.tennistown.de/product_info.php?cPath=786_21&products_id=100162
Tennistown,2026-06-21 10:41:44,rackets,unisex,Head,Head Tennisschläger Speed Team 105in/270g/Allround 2026 schwarz/weiss - unbesaitet -,L3,0198772135560,161.84,,250.0,€,in_stock,https://www.tennistown.de/product_info.php?cPath=786_21&products_id=100162
Tennistown,2026-06-21 10:41:59,strings,unisex,Solinco,Solinco Tennissaite X Natural (Armschonung+Touch) schwarz 200m Rolle,1.25 mm,,103.92,129.9,170.0,€,out_of_stock,https://www.tennistown.de/product_info.php?cPath=786_24&products_id=36703
Tennistown,2026-06-21 10:42:00,strings,unisex,Wilson,Wilson Tennissaite Sensation Plus (Komfort+Kontrolle) schwarz 200m Rolle,1.25 mm,,87.92,109.9,160.0,€,out_of_stock,https://www.tennistown.de/product_info.php?cPath=786_24&products_id=35249
Tennistown,2026-06-21 10:42:09,strings,unisex,Yonex,Yonex Tennissaite Poly Tour Fire (Haltbarkeit+Power) rot 200m Rolle,1.25 mm,,129.9,,229.9,€,out_of_stock,https://www.tennistown.de/product_info.php?cPath=786_24&products_id=21543
Tennistown,2026-06-21 10:42:14,strings,unisex,Head,Head Tennissaite Velocity MLT (Armschonung+Touch) natur 200m Rolle,1.25 mm,,76.41,89.9,130.0,€,out_of_stock,https://www.tennistown.de/product_info.php?cPath=786_24&products_id=20272
Tennistown,2026-06-21 10:42:15,strings,unisex,Head,Head Tennissaite Velocity MLT (Armschonung+Touch) schwarz 200m Rolle,1.25 mm,0726424106578,80.91,89.9,130.0,€,in_stock,https://www.tennistown.de/product_info.php?cPath=786_24&products_id=20271
Tennistown,2026-06-21 10:42:18,strings,unisex,Wilson,Wilson Tennissaite Revolve (Haltbarkeit+Spin) schwarz 200m Rolle,1.25 mm,,101.91,119.9,160.0,€,out_of_stock,https://www.tennistown.de/product_info.php?cPath=786_24&products_id=19661
Tennistown,2026-06-21 10:42:25,strings,unisex,Head,Head Tennissaite Lynx Tour (Kontrolle+Spin) orange 200m Rolle,1.25 mm,,89.91,99.9,150.0,€,out_of_stock,https://www.tennistown.de/product_info.php?cPath=786_24&products_id=51218
Tennistown,2026-06-21 10:42:34,strings,unisex,Head,Head Tennissaite Hawk (Haltbarkeit+Power) schwarz 200m Rolle,1.25 mm,0724794338575,111.92,139.9,199.95,€,in_stock,https://www.tennistown.de/product_info.php?cPath=786_24&products_id=50425
Tennistown,2026-06-21 10:42:35,strings,unisex,Head,Head Tennissaite Lynx Tour (Kontrolle+Spin) grau 200m Rolle,1.25 mm,0724794338629,95.03,105.59,150.0,€,in_stock,https://www.tennistown.de/product_info.php?cPath=786_24&products_id=46673
Tennistown,2026-06-21 10:42:38,shoes,men,Wilson,Wilson Tennisschuhe Rush Pro Lite Allcourt schwarz Herren,EU 43,0097512754880,67.95,,100.0,€,in_stock,https://www.tennistown.de/product_info.php?cPath=786_515&products_id=78476
Tennistown,2026-06-21 10:42:39,shoes,men,Wilson,Wilson Tennisschuhe Rush Pro Ace Clay/Sandplatz (2E/weit) 2024 navyblau/weiss Herren,EU 43,,99.9,,120.0,€,out_of_stock,https://www.tennistown.de/product_info.php?cPath=786_515&products_id=78374
Tennistown,2026-06-21 10:42:40,shoes,men,K-Swiss,KSwiss Tennisschuhe Court Express HB Clay/Sandplatz 2024 tealblau/weiss Herren,EU 43,0196483474664,64.9,,89.99,€,in_stock,https://www.tennistown.de/product_info.php?cPath=786_515&products_id=77872
Tennistown,2026-06-21 10:42:40,shoes,men,K-Swiss,KSwiss Tennisschuhe Express Light 3 HB Clay/Sandplatz weiss/tealblau Herren,EU 43,,64.8,71.99,119.99,€,out_of_stock,https://www.tennistown.de/product_info.php?cPath=786_515&products_id=77863
Tennistown,2026-06-21 10:42:41,shoes,men,K-Swiss,KSwiss Tennisschuhe Hypercourt Supreme 2 HB Clay/Sandplatz - peacoatblau/weiss/limegrün Herren,EU 43,,124.9,,179.99,€,out_of_stock,https://www.tennistown.de/product_info.php?cPath=786_515&products_id=77851
Tennistown,2026-06-21 10:42:42,shoes,men,Head,Head Tennisschuhe Sprint Team 3.5 Clay/Sandplatz 2024 blau/weiss Herren,EU 43,,79.95,,110.0,€,out_of_stock,https://www.tennistown.de/product_info.php?cPath=786_515&products_id=77750
Tennistown,2026-06-21 10:42:42,shoes,men,Head,Head Tennisschuhe Revolt Pro 4.5 Clay/Sandplatz 2024 gelb/schwarz Herren,EU 43,,89.91,99.9,160.0,€,out_of_stock,https://www.tennistown.de/product_info.php?cPath=786_515&products_id=77744
Tennistown,2026-06-21 10:42:43,shoes,men,Head,Head Tennisschuhe Sprint Pro 3.5 Allcourt weiss/schwarz Herren,EU 43,,80.91,89.9,160.0,€,out_of_stock,https://www.tennistown.de/product_info.php?cPath=786_515&products_id=77723
Tennistown,2026-06-21 10:42:43,shoes,men,Head,Head Tennisschuhe Sprint Pro 3.5 Allcourt weinrot Herren,EU 43,,89.91,99.9,160.0,€,out_of_stock,https://www.tennistown.de/product_info.php?cPath=786_515&products_id=77718
Tennistown,2026-06-21 10:42:44,shoes,men,Head,Head Tennisschuhe Sprint Pro 3.5 Clay/Sandplatz weiss/schwarz Herren,EU 43,,99.9,,160.0,€,out_of_stock,https://www.tennistown.de/product_info.php?cPath=786_515&products_id=77717
Tennistown,2026-06-21 10:42:44,shoes,men,Wilson,Wilson Tennisschuhe Rush Pro 4.0 Clay/Sandplatz weiss/grün Herren,EU 43,,89.91,99.9,140.0,€,out_of_stock,https://www.tennistown.de/product_info.php?cPath=786_515&products_id=68735
Tennistown,2026-06-21 10:42:46,shoes,men,Wilson,Wilson Tennisschuhe Kaos Swift 1.5 Allcourt/Leichtigkeit weiss Herren,EU 43,,98.91,109.9,130.0,€,out_of_stock,https://www.tennistown.de/product_info.php?cPath=786_515&products_id=66922
Tennistown,2026-06-21 10:42:49,shoes,men,Head,Head Tennisschuhe Revolt Pro 4.5 Clay/Sandplatz dunkelblau/rot Herren,EU 43,,89.9,,160.0,€,out_of_stock,https://www.tennistown.de/product_info.php?cPath=786_515&products_id=91918
Tennistown,2026-06-21 10:42:50,shoes,men,Head,Head Tennisschuhe Revolt Pro 4.5 Clay/Sandplatz 2025 weiss/schwarz Herren,EU 43,,89.95,,160.0,€,out_of_stock,https://www.tennistown.de/product_info.php?cPath=786_515&products_id=91917
Tennistown,2026-06-21 10:42:50,shoes,men,Head,Head Tennisschuhe Revolt Evo 2.0 Clay/Sandplatz 2025 navyblau Herren,EU 43,,89.9,,130.0,€,out_of_stock,https://www.tennistown.de/product_info.php?cPath=786_515&products_id=91916
Tennistown,2026-06-21 10:42:51,shoes,men,Head,Head Tennisschuhe Sprint Team 4.0 Clay/Sandplatz 2025 dunkelblau Herren,EU 43,,64.95,,110.0,€,out_of_stock,https://www.tennistown.de/product_info.php?cPath=786_515&products_id=91914
Tennistown,2026-06-21 10:42:51,shoes,men,Head,Head Tennisschuhe Sprint Pro 4.0 Clay/Sandplatz 2025 beige/braun Herren,EU 43,,79.89,,160.0,€,out_of_stock,https://www.tennistown.de/product_info.php?cPath=786_515&products_id=91052
Tennistown,2026-06-21 10:42:52,shoes,men,Head,Head Tennisschuhe Sprint Pro 4.0 Clay/Sandplatz 2025 lime/navyy Herren,EU 43,,84.9,,160.0,€,out_of_stock,https://www.tennistown.de/product_info.php?cPath=786_515&products_id=91051
Tennistown,2026-06-21 10:42:54,shoes,men,K-Swiss,KSwiss Tennisschuhe Court Express HB Clay/Sandplatz 2024 schwarz/weiss Herren,EU 43,,58.49,,89.99,€,out_of_stock,https://www.tennistown.de/product_info.php?cPath=786_515&products_id=94706
Tennistown,2026-06-21 10:42:58,shoes,men,Wilson,Wilson Tennisschuhe Rush Pro 4.5 Clay/Sandplatz 2025 weiss/grün Herren,EU 43,0097512845717,76.46,84.95,140.0,€,in_stock,https://www.tennistown.de/product_info.php?cPath=786_515&products_id=94460
Tennistown,2026-06-21 10:42:58,shoes,men,Wilson,Wilson Tennisschuhe Rush Pro 4.5 Clay/Sandplatz 2025 rot Herren,EU 43,,76.46,84.95,140.0,€,out_of_stock,https://www.tennistown.de/product_info.php?cPath=786_515&products_id=94458
Tennistown,2026-06-21 10:43:02,shoes,men,Wilson,Wilson Tennisschuhe Rush Pro 4.5 Allcourt (Stabilität) 2025 schwarz/weiss Herren,EU 43,0097512805261,89.95,,140.0,€,in_stock,https://www.tennistown.de/product_info.php?cPath=786_515&products_id=93484
Tennistown,2026-06-21 10:43:05,shoes,men,Head,Head Tennisschuhe Sprint Pro 4.0 Clay/Sandplatz 2025 dunkelblau/rot Herren,EU 43,,79.9,,160.0,€,out_of_stock,https://www.tennistown.de/product_info.php?cPath=786_515&products_id=88905
Tennistown,2026-06-21 10:43:06,shoes,men,Head,Head Tennisschuhe Sprint Pro 4.0 SF Clay/Sandplatz schwarz/weiss Herren,EU 43,0726423350422,109.9,,180.0,€,in_stock,https://www.tennistown.de/product_info.php?cPath=786_515&products_id=88904
Tennistown,2026-06-21 10:43:08,shoes,men,K-Swiss,KSwiss Tennisschuhe Hypercourt Express 2 Clay/Sandplatz 2025 infinityblau Herren,EU 43,0196483713060,99.9,,139.99,€,in_stock,https://www.tennistown.de/product_info.php?cPath=786_515&products_id=88535
Tennistown,2026-06-21 10:43:16,shoes,men,K-Swiss,KSwiss Tennisschuhe Defier RS Allcourt (Stabil) weiss/blau Herren,EU 43,,107.91,119.9,149.95,€,out_of_stock,https://www.tennistown.de/product_info.php?cPath=786_515&products_id=22279
Tennistown,2026-06-21 10:43:18,shoes,men,Wilson,Wilson Tennisschuhe Rush Pro 4.0 Allcourt schwarz Herren,EU 43,,99.9,,140.0,€,out_of_stock,https://www.tennistown.de/product_info.php?cPath=786_515&products_id=58980
Tennistown,2026-06-21 10:43:19,shoes,men,Wilson,Wilson Tennisschuhe Kaos Devo 2.0 Allcourt (Stabil) orange/rot Herren,EU 43,,69.9,,90.0,€,out_of_stock,https://www.tennistown.de/product_info.php?cPath=786_515&products_id=58210
Tennistown,2026-06-21 10:43:21,shoes,men,K-Swiss,KSwiss Tennisschuhe Express Light 2 Clay/Sandplatz blau Herren,EU 43,,70.17,77.97,129.95,€,out_of_stock,https://www.tennistown.de/product_info.php?cPath=786_515&products_id=57746
Tennistown,2026-06-21 10:43:22,shoes,men,K-Swiss,KSwiss Tennisschuhe Express Light 2 Allcourt schwarz Herren,EU 43,,70.15,77.94,129.9,€,out_of_stock,https://www.tennistown.de/product_info.php?cPath=786_515&products_id=57156
Tennistown,2026-06-21 10:43:24,shoes,men,K-Swiss,KSwiss Tennisschuhe Receiver V Indoor/Carpet/Teppich weiss Herren,EU 43,,79.95,,119.9,€,out_of_stock,https://www.tennistown.de/product_info.php?cPath=786_515&products_id=62584
Tennistown,2026-06-21 10:43:25,shoes,men,Head,Head Tennisschuhe Sprint Pro 3.5 Clay/Sandplatz weiss Herren,EU 43,,94.95,,150.0,€,out_of_stock,https://www.tennistown.de/product_info.php?cPath=786_515&products_id=61947
Tennistown,2026-06-21 10:43:27,shoes,men,K-Swiss,KSwiss Tennisschuhe Ultrashot 3 Clay/Sandplatz rot Herren,EU 43,,152.91,169.9,199.9,€,out_of_stock,https://www.tennistown.de/product_info.php?cPath=786_515&products_id=66469
Tennistown,2026-06-21 10:43:28,shoes,men,K-Swiss,KSwiss Tennisschuhe Hypercourt Express 2 Clay/Sandplatz weiss/blau/rot Herren,EU 43,,121.41,134.9,159.95,€,out_of_stock,https://www.tennistown.de/product_info.php?cPath=786_515&products_id=66463
Tennistown,2026-06-21 10:43:29,shoes,men,Wilson,Wilson Tennisschuhe Kaos Swift Clay/Sandplatz (Leichtigkeit) weiss Herren,EU 43,,89.9,,125.0,€,out_of_stock,https://www.tennistown.de/product_info.php?cPath=786_515&products_id=65952
Tennistown,2026-06-21 10:43:30,shoes,men,Head,Head Tennisschuhe Sprint Pro 3.5 Allcourt hellgrau Herren,EU 43,0724794189191,99.9,,150.0,€,in_stock,https://www.tennistown.de/product_info.php?cPath=786_515&products_id=64393
Tennistown,2026-06-21 10:43:30,shoes,men,K-Swiss,KSwiss Tennisschuhe Hypercourt Express 2 Allcourt schwarz Herren,EU 43,0192935707205,107.91,119.9,139.95,€,in_stock,https://www.tennistown.de/product_info.php?cPath=786_515&products_id=55302
Tennistown,2026-06-21 10:43:31,shoes,men,Head,Head Tennisschuhe Sprint Team 3.0 Allcourt dunkelblau/neonrot Herren,EU 43,,69.9,,100.0,€,out_of_stock,https://www.tennistown.de/product_info.php?cPath=786_515&products_id=54934
Tennistown,2026-06-21 10:43:32,shoes,men,Head,Head Tennisschuhe Sprint Pro 3.0 Clay/Sandplatz dunkelblau/neonrot Herren,EU 43,,99.9,,150.0,€,out_of_stock,https://www.tennistown.de/product_info.php?cPath=786_515&products_id=54932
Tennistown,2026-06-21 10:43:36,shoes,women,Wilson,Wilson Tennisschuhe Intrigue Pro Clay/Sandplatz 2026 weiss/rosa Damen,EU 39,0097512997232,98.55,109.5,130.0,€,in_stock,https://www.tennistown.de/product_info.php?cPath=786_515&products_id=103071
Tennistown,2026-06-21 10:43:36,shoes,women,Wilson,Wilson Tennisschuhe Intrigue Pro Clay/Sandplatz 2026 weiss/mint/blau Damen,EU 39,0097512992909,80.91,89.9,130.0,€,in_stock,https://www.tennistown.de/product_info.php?cPath=786_515&products_id=103070
Tennistown,2026-06-21 10:43:37,shoes,women,Wilson,Wilson Tennisschuhe Intrigue Tour Clay/Sandplatz 2026 weiss/blau Damen,EU 39,0097512986854,116.95,129.95,160.0,€,in_stock,https://www.tennistown.de/product_info.php?cPath=786_515&products_id=103069
Tennistown,2026-06-21 10:43:39,shoes,women,Head,Head Tennisschuhe Revolt Pro 5.0 Clay/Sandplatz hellblau Damen,EU 39,0198772063443,113.36,125.95,160.0,€,in_stock,https://www.tennistown.de/product_info.php?cPath=786_515&products_id=100677
Tennistown,2026-06-21 10:43:40,shoes,women,Head,Head Tennisschuhe Sprint Evo 4.0 Allcourt weiss/hellblau Damen,EU 39,0198772064044,89.95,99.95,130.0,€,in_stock,https://www.tennistown.de/product_info.php?cPath=786_515&products_id=100674
Tennistown,2026-06-21 10:43:40,shoes,women,K-Swiss,KSwiss Tennisschuhe Hypercourt Express 3 Clay/Sandplatz weiss/purple Damen,EU 39,0196483942941,115.16,127.95,149.95,€,in_stock,https://www.tennistown.de/product_info.php?cPath=786_515&products_id=100579
Tennistown,2026-06-21 10:43:41,shoes,women,Head,Head Tennisschuhe Revolt Pro 5.0 Clay/Sandplatz weiss Damen,EU 39,0198772063917,113.36,125.95,160.0,€,in_stock,https://www.tennistown.de/product_info.php?cPath=786_515&products_id=100567
Tennistown,2026-06-21 10:43:43,shoes,women,Head,Head Tennisschuhe Sprint Pro 3.5 Allcourt beige/limegrün Damen,EU 39,0724794588758,76.95,,160.0,€,in_stock,https://www.tennistown.de/product_info.php?cPath=786_515&products_id=76628
Tennistown,2026-06-21 10:43:44,shoes,women,Head,Head Tennisschuhe Revolt Pro 4.0 Allcourt weiss/grau Damen,EU 39,,79.9,,160.0,€,out_of_stock,https://www.tennistown.de/product_info.php?cPath=786_515&products_id=76624
Tennistown,2026-06-21 10:43:47,shoes,women,Head,Head Tennisschuhe Sprint Pro 3.5 Clay/Sandplatz dunkelblau Damen,EU 39,,89.9,,160.0,€,out_of_stock,https://www.tennistown.de/product_info.php?cPath=786_515&products_id=72667
Tennistown,2026-06-21 10:43:48,shoes,women,K-Swiss,KSwiss Tennisschuhe Hypercourt Express 2 Indoor/Carpet/Teppich schwarz/weiss Damen,EU 39,0196483321883,121.45,134.95,159.99,€,in_stock,https://www.tennistown.de/product_info.php?cPath=786_515&products_id=72551
Tennistown,2026-06-21 10:43:49,shoes,women,Head,Head Tennisschuhe Sprint Team 3.5 Clay/Sandplatz dunkelblau Damen,EU 39,,63.95,,100.0,€,out_of_stock,https://www.tennistown.de/product_info.php?cPath=786_515&products_id=72161
Tennistown,2026-06-21 10:43:49,shoes,women,Head,Head Tennisschuhe Sprint Team 3.5 Allcourt dunkelblau Damen,EU 39,,69.9,,100.0,€,out_of_stock,https://www.tennistown.de/product_info.php?cPath=786_515&products_id=72160
Tennistown,2026-06-21 10:43:50,shoes,women,Head,Head Tennisschuhe Sprint Pro 3.0 SF Clay/Sandplatz schwarz/lime Damen,EU 39,0724794224816,119.9,,180.0,€,in_stock,https://www.tennistown.de/product_info.php?cPath=786_515&products_id=72153
Tennistown,2026-06-21 10:43:53,shoes,women,Head,Head Tennisschuhe Revolt Court Allcourt 2024 dunkelblau Damen,EU 39,0724794864487,53.91,59.9,85.0,€,in_stock,https://www.tennistown.de/product_info.php?cPath=786_515&products_id=81225
Tennistown,2026-06-21 10:43:53,shoes,women,Head,Head Tennisschuhe Sprint Team 3.5 Clay/Sandplatz 2024 grünblau Damen,EU 39,,71.59,79.55,110.0,€,out_of_stock,https://www.tennistown.de/product_info.php?cPath=786_515&products_id=81222
Tennistown,2026-06-21 10:43:54,shoes,women,Head,Head Tennisschuhe Revolt Evo 2.0 Allcourt weiss/beige Damen,EU 39,,79.9,,130.0,€,out_of_stock,https://www.tennistown.de/product_info.php?cPath=786_515&products_id=81220
Tennistown,2026-06-21 10:43:54,shoes,women,Head,Head Tennisschuhe Revolt Evo 2.0 Allcourt aquablau Damen,EU 39,,89.9,,130.0,€,out_of_stock,https://www.tennistown.de/product_info.php?cPath=786_515&products_id=81218
Tennistown,2026-06-21 10:43:55,shoes,women,K-Swiss,KSwiss Tennisschuhe Speedtrack Allcourt mintgrün/cremeweiss Damen,EU 39,0196483106855,142.49,,189.99,€,in_stock,https://www.tennistown.de/product_info.php?cPath=786_515&products_id=80938
Tennistown,2026-06-21 10:43:56,shoes,women,K-Swiss,KSwiss Padelschuhe Speedtrack - blau Damen,EU 39,,134.9,,189.99,€,out_of_stock,https://www.tennistown.de/product_info.php?cPath=786_515&products_id=80935
Tennistown,2026-06-21 10:43:57,shoes,women,Wilson,Wilson Tennisschuhe Rush Pro Lite Allcourt 2024 blau Damen,EU 39,,88.9,,100.0,€,out_of_stock,https://www.tennistown.de/product_info.php?cPath=786_515&products_id=78490
Tennistown,2026-06-21 10:43:57,shoes,women,K-Swiss,KSwiss Tennisschuhe Speedex HB Clay/Sandplatz - weiss/grau/limegrün Damen,EU 39,,59.9,,99.99,€,out_of_stock,https://www.tennistown.de/product_info.php?cPath=786_515&products_id=77907
Tennistown,2026-06-21 10:43:59,shoes,women,Wilson,Wilson Tennisschuhe Kaos Swift 1.5 Allcourt/Leichtigkeit weiss Damen,EU 39,,109.9,,130.0,€,out_of_stock,https://www.tennistown.de/product_info.php?cPath=786_515&products_id=66925
Tennistown,2026-06-21 10:44:00,shoes,women,Wilson,Wilson Tennisschuhe Kaos Swift 1.5 Eastern Allcourt/Leichtigkeit blaugrün Damen,EU 39,,85.45,94.95,130.0,€,out_of_stock,https://www.tennistown.de/product_info.php?cPath=786_515&products_id=66924
Tennistown,2026-06-21 10:44:03,shoes,women,K-Swiss,KSwiss Tennisschuhe Express Light 3 Allcourt hellblau/rose Damen,EU 39,0196483549584,77.99,,119.99,€,in_stock,https://www.tennistown.de/product_info.php?cPath=786_515&products_id=91462
Tennistown,2026-06-21 10:44:06,shoes,women,Head,Head Tennisschuhe Sprint Pro 4.0 Clay/Sandplatz 2025 weiss/lime Damen,EU 39,,89.95,,160.0,€,out_of_stock,https://www.tennistown.de/product_info.php?cPath=786_515&products_id=93440
Tennistown,2026-06-21 10:44:06,shoes,women,Head,Head Tennisschuhe Sprint Pro 4.0 Clay/Sandplatz 2025 coral/weiss Damen,EU 39,0726423356486,89.95,,160.0,€,in_stock,https://www.tennistown.de/product_info.php?cPath=786_515&products_id=93430
Tennistown,2026-06-21 10:44:07,shoes,women,K-Swiss,KSwiss Tennisschuhe Hypercourt Express 2 HB Clay/Sandplatz weiss/orchid/pink Damen,EU 39,0196483713633,99.9,,139.99,€,in_stock,https://www.tennistown.de/product_info.php?cPath=786_515&products_id=89588
Tennistown,2026-06-21 10:44:08,shoes,women,K-Swiss,KSwiss Tennisschuhe Hypercourt Express 2 HB Clay/Sandplatz 2025 weiss/blau/grün Damen,EU 39,0196483719079,91.0,,139.99,€,in_stock,https://www.tennistown.de/product_info.php?cPath=786_515&products_id=89587
Tennistown,2026-06-21 10:44:08,shoes,women,K-Swiss,KSwiss Tennisschuhe Court Express 2 Clay/Sandplatz 2025 weiss/blau/grün Damen,EU 39,,67.95,,79.9,€,out_of_stock,https://www.tennistown.de/product_info.php?cPath=786_515&products_id=89585
Tennistown,2026-06-21 10:44:09,shoes,women,Head,Head Tennisschuhe Sprint Evo 3.5 Clay/Sandplatz 2025 weiss/türkisblau Damen,EU 39,,89.91,99.9,130.0,€,out_of_stock,https://www.tennistown.de/product_info.php?cPath=786_515&products_id=89336
Tennistown,2026-06-21 10:44:09,shoes,women,Head,Head Tennisschuhe Sprint Pro 4.0 Clay/Sandplatz 2025 schwarz/purple Damen,EU 39,,89.9,,160.0,€,out_of_stock,https://www.tennistown.de/product_info.php?cPath=786_515&products_id=89335
Tennistown,2026-06-21 10:44:10,shoes,women,K-Swiss,KSwiss Tennisschuhe Ultrashot 3 Allcourt weiss/türkis Damen,EU 39,0196483106244,130.0,,199.99,€,in_stock,https://www.tennistown.de/product_info.php?cPath=786_515&products_id=88557
Tennistown,2026-06-21 10:44:16,shoes,women,K-Swiss,KSwiss Tennisschuhe Court Express Indoor/Carpet/Teppich weiss Damen,EU 39,,71.96,79.96,99.95,€,out_of_stock,https://www.tennistown.de/product_info.php?cPath=786_515&products_id=46358
Tennistown,2026-06-21 10:44:17,shoes,women,K-Swiss,KSwiss Tennisschuhe Defier RS Allcourt (Stabil) weiss/pink Damen,EU 39,0192935746983,89.91,99.9,139.9,€,in_stock,https://www.tennistown.de/product_info.php?cPath=786_515&products_id=57750
Tennistown,2026-06-21 10:44:18,shoes,women,K-Swiss,KSwiss Tennisschuhe Express Light 2 Indoor/Carpet/Teppich türkis Damen,EU 39,0192935847321,75.54,83.94,139.9,€,in_stock,https://www.tennistown.de/product_info.php?cPath=786_515&products_id=62208
Tennistown,2026-06-21 10:44:19,shoes,women,Head,Head Tennisschuhe Revolt Pro 4.0 Allcourt grau Damen,EU 39,0724794193952,79.0,,150.0,€,in_stock,https://www.tennistown.de/product_info.php?cPath=786_515&products_id=66530
Tennistown,2026-06-21 10:44:20,shoes,women,K-Swiss,KSwiss Tennisschuhe Ultrashot Team Allcourt weiss Damen,EU 39,0196483107098,79.9,,149.99,€,in_stock,https://www.tennistown.de/product_info.php?cPath=786_515&products_id=66508
Tennistown,2026-06-21 10:44:21,shoes,women,K-Swiss,KSwiss Tennisschuhe Hypercourt Express 2 Clay/Sandplatz weiss/schwarz Damen,EU 39,0192935893939,116.91,129.9,149.95,€,in_stock,https://www.tennistown.de/product_info.php?cPath=786_515&products_id=66501
Tennistown,2026-06-21 10:44:25,shoes,women,Head,Head Tennisschuhe Sprint Team 3.0 Clay/Sandplatz dunkelblau Damen,EU 39,,69.9,,100.0,€,out_of_stock,https://www.tennistown.de/product_info.php?cPath=786_515&products_id=54938
Tennistown,2026-06-21 10:44:25,shoes,women,K-Swiss,KSwiss Tennisschuhe Hypercourt Express 2 Clay/Sandplatz schwarz Damen,EU 39,0192935621983,80.91,89.9,139.95,€,in_stock,https://www.tennistown.de/product_info.php?cPath=786_515&products_id=53172
Tennistown,2026-06-21 10:44:26,rackets,unisex,Head,Head Tennisschläger Boom MP L 100in/275g 2026 blau - unbesaitet -,L2,0198772136130,165.15,183.5,230.0,€,in_stock,https://www.tennistown.de/product_info.php?cPath=786_21&products_id=102239
Tennistown,2026-06-21 10:44:26,rackets,unisex,Head,Head Tennisschläger Boom MP L 100in/275g 2026 blau - unbesaitet -,L3,0198772136147,165.15,183.5,230.0,€,in_stock,https://www.tennistown.de/product_info.php?cPath=786_21&products_id=102239
Tennistown,2026-06-21 10:44:30,rackets,unisex,Head,Head Tennisschläger Speed Pro Legend 100in/310g/Turnier 2025 schwarz/gold - unbesaitet -,L2,0198772121150,189.8,,300.0,€,in_stock,https://www.tennistown.de/product_info.php?cPath=786_21&products_id=95871
Tennistown,2026-06-21 10:44:30,rackets,unisex,Head,Head Tennisschläger Speed Pro Legend 100in/310g/Turnier 2025 schwarz/gold - unbesaitet -,L3,0198772121167,189.8,,300.0,€,in_stock,https://www.tennistown.de/product_info.php?cPath=786_21&products_id=95871
Tennistown,2026-06-21 10:44:35,rackets,unisex,Head,Head Tennisschläger Boom MP Neon 100in/295g/Turnier 2025 schwarz - unbesaitet -,L2,0198772103576,161.96,179.95,260.0,€,in_stock,https://www.tennistown.de/product_info.php?cPath=786_21&products_id=95421
Tennistown,2026-06-21 10:44:35,rackets,unisex,Head,Head Tennisschläger Boom MP Neon 100in/295g/Turnier 2025 schwarz - unbesaitet -,L3,0198772103583,161.96,179.95,260.0,€,in_stock,https://www.tennistown.de/product_info.php?cPath=786_21&products_id=95421
Tennistown,2026-06-21 10:44:36,rackets,unisex,Yonex,Yonex Tennisschläger Percept 100in/300g/Turnier 2025 midnight navyblau - unbesaitet -,L2,4550675268602,254.9,,309.9,€,in_stock,https://www.tennistown.de/product_info.php?cPath=786_21&products_id=95106
Tennistown,2026-06-21 10:44:36,rackets,unisex,Yonex,Yonex Tennisschläger Percept 100in/300g/Turnier 2025 midnight navyblau - unbesaitet -,L3,4550675268619,254.9,,309.9,€,in_stock,https://www.tennistown.de/product_info.php?cPath=786_21&products_id=95106
Tennistown,2026-06-21 10:44:37,rackets,unisex,Wilson,Wilson Tennisschläger Ultra 100L V5 100in/280g 2025 elektrikblau - unbesaitet -,L2,0097512931953,152.95,169.95,220.0,€,in_stock,https://www.tennistown.de/product_info.php?cPath=786_21&products_id=94740
Tennistown,2026-06-21 10:44:37,rackets,unisex,Wilson,Wilson Tennisschläger Ultra 100L V5 100in/280g 2025 elektrikblau - unbesaitet -,L3,0097512931984,152.95,169.95,220.0,€,in_stock,https://www.tennistown.de/product_info.php?cPath=786_21&products_id=94740
Tennistown,2026-06-21 10:44:38,rackets,unisex,Dunlop,Dunlop Tennisschläger FX 500 Super Lite 100in/255g/Allround 2026 blau - unbesaitet -,L2,,159.9,,209.95,€,out_of_stock,https://www.tennistown.de/product_info.php?cPath=786_21&products_id=98614
Tennistown,2026-06-21 10:44:38,rackets,unisex,Dunlop,Dunlop Tennisschläger FX 500 Super Lite 100in/255g/Allround 2026 blau - unbesaitet -,L3,,159.9,,209.95,€,out_of_stock,https://www.tennistown.de/product_info.php?cPath=786_21&products_id=98614
Tennistown,2026-06-21 10:44:39,rackets,unisex,Wilson,Wilson Tennisschläger Shift 99 Pro V1 99in/315g arcticgrau - unbesaitet,L2,,139.9,,270.0,€,out_of_stock,https://www.tennistown.de/product_info.php?cPath=786_21&products_id=98566
Tennistown,2026-06-21 10:44:39,rackets,unisex,Wilson,Wilson Tennisschläger Shift 99 Pro V1 99in/315g arcticgrau - unbesaitet,L3,0097512727983,139.9,,270.0,€,in_stock,https://www.tennistown.de/product_info.php?cPath=786_21&products_id=98566
Tennistown,2026-06-21 10:44:44,rackets,unisex,Dunlop,Dunlop Tennisschläger Srixon CX 400 100in/285g/Turnier 2024 rot - unbesaitet -,L2,0045566181015,99.9,,229.9,€,in_stock,https://www.tennistown.de/product_info.php?cPath=786_21&products_id=80118
Tennistown,2026-06-21 10:44:44,rackets,unisex,Dunlop,Dunlop Tennisschläger Srixon CX 400 100in/285g/Turnier 2024 rot - unbesaitet -,L3,,99.9,,229.9,€,out_of_stock,https://www.tennistown.de/product_info.php?cPath=786_21&products_id=80118
Tennistown,2026-06-21 10:44:45,rackets,unisex,Dunlop,Dunlop Tennisschläger Srixon CX 200 LS 98in/290g 2024 rot - unbesaitet -,L2,0045566180919,116.91,129.9,259.99,€,in_stock,https://www.tennistown.de/product_info.php?cPath=786_21&products_id=80106
Tennistown,2026-06-21 10:44:45,rackets,unisex,Dunlop,Dunlop Tennisschläger Srixon CX 200 LS 98in/290g 2024 rot - unbesaitet -,L3,0045566180926,116.91,129.9,259.99,€,in_stock,https://www.tennistown.de/product_info.php?cPath=786_21&products_id=80106
Tennistown,2026-06-21 10:44:45,rackets,unisex,Head,Head Tennisschläger Boom MP L Alternate 100in/270g 2024 mint/türkis - unbesaitet -,L2,0724794925805,143.95,159.95,230.0,€,in_stock,https://www.tennistown.de/product_info.php?cPath=786_21&products_id=79672
Tennistown,2026-06-21 10:44:45,rackets,unisex,Head,Head Tennisschläger Boom MP L Alternate 100in/270g 2024 mint/türkis - unbesaitet -,L3,0724794925812,143.95,159.95,230.0,€,in_stock,https://www.tennistown.de/product_info.php?cPath=786_21&products_id=79672
Tennistown,2026-06-21 10:44:47,rackets,unisex,Head,Head Tennisschläger Boom MP 100in/295g/Turnier 2024 schwarz/türkis - unbesaitet -,L2,,125.91,139.9,260.0,€,out_of_stock,https://www.tennistown.de/product_info.php?cPath=786_21&products_id=79447
Tennistown,2026-06-21 10:44:47,rackets,unisex,Head,Head Tennisschläger Boom MP 100in/295g/Turnier 2024 schwarz/türkis - unbesaitet -,L3,0724794924976,125.91,139.9,260.0,€,in_stock,https://www.tennistown.de/product_info.php?cPath=786_21&products_id=79447
Tennistown,2026-06-21 10:44:49,rackets,unisex,Head,Head Tennisschläger Prestige MP 99in/310g/Turnier 2023 weinrot/schwarz - unbesaitet -,L2,,162.0,180.0,300.0,€,out_of_stock,https://www.tennistown.de/product_info.php?cPath=786_21&products_id=74797
Tennistown,2026-06-21 10:44:49,rackets,unisex,Head,Head Tennisschläger Prestige MP 99in/310g/Turnier 2023 weinrot/schwarz - unbesaitet -,L3,0724794924358,162.0,180.0,300.0,€,in_stock,https://www.tennistown.de/product_info.php?cPath=786_21&products_id=74797
Tennistown,2026-06-21 10:44:51,rackets,unisex,Head,Head Tennisschläger Speed Team 105in/270g/Allround 2024 weiss/schwarz - unbesaitet -,L2,0724794926369,152.91,169.9,250.0,€,in_stock,https://www.tennistown.de/product_info.php?cPath=786_21&products_id=77549
Tennistown,2026-06-21 10:44:51,rackets,unisex,Head,Head Tennisschläger Speed Team 105in/270g/Allround 2024 weiss/schwarz - unbesaitet -,L3,0724794926376,152.91,169.9,250.0,€,in_stock,https://www.tennistown.de/product_info.php?cPath=786_21&products_id=77549
Tennistown,2026-06-21 10:44:52,rackets,unisex,Head,Head Tennisschläger Speed Pro 100in/310g/Turnier weiss/schwarz - unbesaitet -,L2,0724794926024,124.15,137.95,300.0,€,in_stock,https://www.tennistown.de/product_info.php?cPath=786_21&products_id=77544
Tennistown,2026-06-21 10:44:52,rackets,unisex,Head,Head Tennisschläger Speed Pro 100in/310g/Turnier weiss/schwarz - unbesaitet -,L3,0724794926031,124.15,137.95,300.0,€,in_stock,https://www.tennistown.de/product_info.php?cPath=786_21&products_id=77544
Tennistown,2026-06-21 10:44:54,rackets,unisex,Yonex,Yonex Tennisschläger Ezone (8th Gen.) 100in/285g/Turnier 2025 Blast blau - unbesaitet -,L2,4550468975892,219.9,,259.95,€,in_stock,https://www.tennistown.de/product_info.php?cPath=786_21&products_id=87666
Tennistown,2026-06-21 10:44:54,rackets,unisex,Yonex,Yonex Tennisschläger Ezone (8th Gen.) 100in/285g/Turnier 2025 Blast blau - unbesaitet -,L3,,219.9,,259.95,€,out_of_stock,https://www.tennistown.de/product_info.php?cPath=786_21&products_id=87666
Tennistown,2026-06-21 10:44:56,rackets,unisex,Yonex,Yonex Tennisschläger Ezone Tour (8th Gen.) 98in/315g/Turnier 2025 blau - unbesaitet -,L2,4550468976165,237.9,,279.9,€,in_stock,https://www.tennistown.de/product_info.php?cPath=786_21&products_id=91196
Tennistown,2026-06-21 10:44:56,rackets,unisex,Yonex,Yonex Tennisschläger Ezone Tour (8th Gen.) 98in/315g/Turnier 2025 blau - unbesaitet -,L3,4550468976172,237.9,,279.9,€,in_stock,https://www.tennistown.de/product_info.php?cPath=786_21&products_id=91196
Tennistown,2026-06-21 10:44:56,rackets,unisex,Yonex,Yonex Tennisschläger Ezone (8th Gen.) SL 100in/270g/Allround 2025 blau - unbesaitet -,L2,,209.9,,249.9,€,out_of_stock,https://www.tennistown.de/product_info.php?cPath=786_21&products_id=91132
Tennistown,2026-06-21 10:44:56,rackets,unisex,Yonex,Yonex Tennisschläger Ezone (8th Gen.) SL 100in/270g/Allround 2025 blau - unbesaitet -,L3,4550468975984,209.9,,249.9,€,in_stock,https://www.tennistown.de/product_info.php?cPath=786_21&products_id=91132
Tennistown,2026-06-21 10:44:59,rackets,unisex,Head,Head Tennisschläger Gravity Team 104in/270g/Allround 2025 schwarz/blau - unbesaitet -,L2,0726423385806,169.9,,250.0,€,in_stock,https://www.tennistown.de/product_info.php?cPath=786_21&products_id=88944
Tennistown,2026-06-21 10:44:59,rackets,unisex,Head,Head Tennisschläger Gravity Team 104in/270g/Allround 2025 schwarz/blau - unbesaitet -,L3,0726423385813,169.9,,250.0,€,in_stock,https://www.tennistown.de/product_info.php?cPath=786_21&products_id=88944
Tennistown,2026-06-21 10:45:00,rackets,unisex,Head,Head Tennisschläger Gravity Tour 98in/305g/Turnier 2025 schwarz/blau - unbesaitet -,L2,0726423385462,167.31,185.9,280.0,€,in_stock,https://www.tennistown.de/product_info.php?cPath=786_21&products_id=88907
Tennistown,2026-06-21 10:45:00,rackets,unisex,Head,Head Tennisschläger Gravity Tour 98in/305g/Turnier 2025 schwarz/blau - unbesaitet -,L3,,167.31,185.9,280.0,€,out_of_stock,https://www.tennistown.de/product_info.php?cPath=786_21&products_id=88907
Tennistown,2026-06-21 10:45:02,rackets,unisex,Yonex,Yonex Tennisschläger Percept Game 100in/270g/Allround olivegrün - unbesaitet -,L2,4550468636359,149.9,,229.95,€,in_stock,https://www.tennistown.de/product_info.php?cPath=786_21&products_id=84576
Tennistown,2026-06-21 10:45:02,rackets,unisex,Yonex,Yonex Tennisschläger Percept Game 100in/270g/Allround olivegrün - unbesaitet -,L3,4550468636366,149.9,,229.95,€,in_stock,https://www.tennistown.de/product_info.php?cPath=786_21&products_id=84576
Tennistown,2026-06-21 10:45:08,rackets,unisex,Dunlop,Dunlop Tennisschläger Srixon FX 500 Lite 100in/270g/Allround schwarz - unbesaitet -,L2,,89.55,99.5,164.95,€,out_of_stock,https://www.tennistown.de/product_info.php?cPath=786_21&products_id=48100
Tennistown,2026-06-21 10:45:08,rackets,unisex,Dunlop,Dunlop Tennisschläger Srixon FX 500 Lite 100in/270g/Allround schwarz - unbesaitet -,L3,0045566175250,89.55,99.5,164.95,€,in_stock,https://www.tennistown.de/product_info.php?cPath=786_21&products_id=48100
Tennistown,2026-06-21 10:45:12,rackets,unisex,Dunlop,Dunlop Tennisschläger FX 500 Lite #23 100in/270g/Allround blau - unbesaitet -,L2,0045566179753,119.9,,199.95,€,in_stock,https://www.tennistown.de/product_info.php?cPath=786_21&products_id=66268
Tennistown,2026-06-21 10:45:12,rackets,unisex,Dunlop,Dunlop Tennisschläger FX 500 Lite #23 100in/270g/Allround blau - unbesaitet -,L3,0045566179760,119.9,,199.95,€,in_stock,https://www.tennistown.de/product_info.php?cPath=786_21&products_id=66268
Tennistown,2026-06-21 10:45:14,rackets,unisex,Yonex,Yonex Tennisschläger EZone (7th Gen.) #22 98in/305g/Turnier himmelblau - unbesaitet -,L2,,179.95,199.95,279.95,€,out_of_stock,https://www.tennistown.de/product_info.php?cPath=786_21&products_id=54675
Tennistown,2026-06-21 10:45:14,rackets,unisex,Yonex,Yonex Tennisschläger EZone (7th Gen.) #22 98in/305g/Turnier himmelblau - unbesaitet -,L3,,179.95,199.95,279.95,€,out_of_stock,https://www.tennistown.de/product_info.php?cPath=786_21&products_id=54675
Tennistown,2026-06-21 10:45:15,rackets,unisex,Head,Head Tennisschläger Prestige Pro #21 98in/320g/Turnier - unbesaitet -,L2,,139.0,,320.0,€,out_of_stock,https://www.tennistown.de/product_info.php?cPath=786_21&products_id=54294
Tennistown,2026-06-21 10:45:15,rackets,unisex,Head,Head Tennisschläger Prestige Pro #21 98in/320g/Turnier - unbesaitet -,L3,,139.0,,320.0,€,out_of_stock,https://www.tennistown.de/product_info.php?cPath=786_21&products_id=54294
