retailer,timestamp,category,gender,brand,name,reference_variant,ean,current_price,regular_price,msrp_price,currency,availability,url
Tennis-Point,2026-06-19 20:09:26,shoes,women,Head,"Sprint Pro 4.0  Sandplatzschuh Damen-weiß, hellgrau",EU 39,0198772063191,124.95,160.0,,€,in_stock,https://www.tennis-point.de/products/head-sprint-pro-40-sandplatzschuh-damen-weiss-hellgrau-p0000004220201
Tennis-Point,2026-06-19 20:32:19,rackets,unisex,Head,Speed MP 2026 Turnierschläger unbesaitet,L2,198772135195,192.95,280.0,,€,in_stock,https://www.tennis-point.de/products/head-speed-mp-2026-turnierschlaeger-unbesaitet-p0000001851601?_pos=31&_fid=a5d1893ec&_ss=c
Tennis-Point,2026-06-19 20:32:19,rackets,unisex,Head,Speed MP 2026 Turnierschläger unbesaitet,L3,198772135201,192.95,280.0,,€,in_stock,https://www.tennis-point.de/products/head-speed-mp-2026-turnierschlaeger-unbesaitet-p0000001851601?_pos=31&_fid=a5d1893ec&_ss=c
Tennis-Point,2026-06-19 20:32:27,rackets,unisex,Wilson,Pro Staff 97 V14 Turnierschläger,L2,00097512683944,139.95,320.0,,€,in_stock,https://www.tennis-point.de/products/wilson-pro-staff-97-v14-turnierschlaeger-00706203875000?_pos=32&_fid=a5d1893ec&_ss=c
Tennis-Point,2026-06-19 20:32:27,rackets,unisex,Wilson,Pro Staff 97 V14 Turnierschläger,L3,00097512683937,139.95,320.0,,€,in_stock,https://www.tennis-point.de/products/wilson-pro-staff-97-v14-turnierschlaeger-00706203875000?_pos=32&_fid=a5d1893ec&_ss=c
Tennis-Point,2026-06-19 20:32:35,rackets,unisex,Wilson,Clash 100 V2.0 Turnierschläger,L2,00097512592109,139.95,250.0,,€,in_stock,https://www.tennis-point.de/products/wilson-clash-100-v20-turnierschlaeger-00705503744000?_pos=33&_fid=a5d1893ec&_ss=c
Tennis-Point,2026-06-19 20:32:35,rackets,unisex,Wilson,Clash 100 V2.0 Turnierschläger,L3,00097512592116,139.95,250.0,,€,in_stock,https://www.tennis-point.de/products/wilson-clash-100-v20-turnierschlaeger-00705503744000?_pos=33&_fid=a5d1893ec&_ss=c
Tennis-Point,2026-06-19 20:32:44,rackets,unisex,Head,Boom MP 2026 Turnierschläger unbesaitet,L2,198772136017,207.95,260.0,,€,in_stock,https://www.tennis-point.de/products/head-boom-mp-2026-turnierschlaeger-unbesaitet-p0000001853001?_pos=34&_fid=a5d1893ec&_ss=c
Tennis-Point,2026-06-19 20:32:44,rackets,unisex,Head,Boom MP 2026 Turnierschläger unbesaitet,L3,198772136024,207.95,260.0,,€,in_stock,https://www.tennis-point.de/products/head-boom-mp-2026-turnierschlaeger-unbesaitet-p0000001853001?_pos=34&_fid=a5d1893ec&_ss=c
Tennis-Point,2026-06-19 20:35:15,shoes,women,K-Swiss,"Court Express 2 Sandplatzschuh Damen - weiß, lavendel",EU 39,196483984798,47.95,79.99,,€,in_stock,https://www.tennis-point.de/products/k-swiss-court-express-2-sandplatzschuh-damen-weiss-lavendel-a0000004300602
Tennis-Point,2026-06-19 20:36:50,rackets,unisex,Wilson,Blade BLADE 98L V9 Turnierschläger,L2,00097512818773,164.95,280.0,,€,in_stock,https://www.tennis-point.de/products/wilson-blade-blade-98l-v9-turnierschlaeger-00706704140000?_pos=35&_fid=a5d1893ec&_ss=c
Tennis-Point,2026-06-19 20:36:50,rackets,unisex,Wilson,Blade BLADE 98L V9 Turnierschläger,L3,00097512818827,164.95,280.0,,€,in_stock,https://www.tennis-point.de/products/wilson-blade-blade-98l-v9-turnierschlaeger-00706704140000?_pos=35&_fid=a5d1893ec&_ss=c
Tennis-Point,2026-06-19 20:36:56,rackets,unisex,Head,Boom MP Alternate 2026 Turnierschläger unbesaitet,L2,198772139971,217.95,260.0,,€,in_stock,https://www.tennis-point.de/products/head-boom-mp-alternate-2026-turnierschlaeger-unbesaitet-p0000001850301?_pos=36&_fid=a5d1893ec&_ss=c
Tennis-Point,2026-06-19 20:36:56,rackets,unisex,Head,Boom MP Alternate 2026 Turnierschläger unbesaitet,L3,198772139988,217.95,260.0,,€,in_stock,https://www.tennis-point.de/products/head-boom-mp-alternate-2026-turnierschlaeger-unbesaitet-p0000001850301?_pos=36&_fid=a5d1893ec&_ss=c
Tennis-Point,2026-06-19 20:37:07,rackets,unisex,Yonex,EZONE 98 (2025) Turnierschläger,L2,4550468976202,224.95,279.95,,€,in_stock,https://www.tennis-point.de/products/yonex-ezone-98-2025-turnierschlaeger-01907501958000?_pos=37&_fid=a5d1893ec&_ss=c
Tennis-Point,2026-06-19 20:37:07,rackets,unisex,Yonex,EZONE 98 (2025) Turnierschläger,L3,4550468976219,224.95,279.95,,€,out_of_stock,https://www.tennis-point.de/products/yonex-ezone-98-2025-turnierschlaeger-01907501958000?_pos=37&_fid=a5d1893ec&_ss=c
Tennis-Point,2026-06-19 20:37:17,rackets,unisex,Head,Speed MP L 2026 Turnierschläger unbesaitet,L2,198772135317,172.95,250.0,,€,in_stock,https://www.tennis-point.de/products/head-speed-mp-l-2026-turnierschlaeger-unbesaitet-p0000001853301?_pos=38&_fid=a5d1893ec&_ss=c
Tennis-Point,2026-06-19 20:37:17,rackets,unisex,Head,Speed MP L 2026 Turnierschläger unbesaitet,L3,198772135324,172.95,250.0,,€,in_stock,https://www.tennis-point.de/products/head-speed-mp-l-2026-turnierschlaeger-unbesaitet-p0000001853301?_pos=38&_fid=a5d1893ec&_ss=c
Tennis-Point,2026-06-19 20:37:26,rackets,unisex,Head,Boom Team Alternate 2026 Turnierschläger unbesaitet,L2,198772140335,142.95,210.0,,€,in_stock,https://www.tennis-point.de/products/head-boom-team-alternate-2026-turnierschlaeger-unbesaitet-p0000001852901?_pos=39&_fid=a5d1893ec&_ss=c
Tennis-Point,2026-06-19 20:37:26,rackets,unisex,Head,Boom Team Alternate 2026 Turnierschläger unbesaitet,L3,198772140342,142.95,210.0,,€,in_stock,https://www.tennis-point.de/products/head-boom-team-alternate-2026-turnierschlaeger-unbesaitet-p0000001852901?_pos=39&_fid=a5d1893ec&_ss=c
Tennis-Point,2026-06-19 20:37:30,rackets,unisex,Head,Boom MP UL Alternate 2026 Turnierschläger unbesaitet,L2,198772140212,181.95,230.0,,€,in_stock,https://www.tennis-point.de/products/head-boom-mp-ul-alternate-2026-turnierschlaeger-unbesaitet-p0000001851001?_pos=40&_fid=a5d1893ec&_ss=c
Tennis-Point,2026-06-19 20:37:30,rackets,unisex,Head,Boom MP UL Alternate 2026 Turnierschläger unbesaitet,L3,198772140229,181.95,230.0,,€,in_stock,https://www.tennis-point.de/products/head-boom-mp-ul-alternate-2026-turnierschlaeger-unbesaitet-p0000001851001?_pos=40&_fid=a5d1893ec&_ss=c
Tennis-Point,2026-06-19 20:37:38,rackets,unisex,Wilson,Ultra 100L V5 Desert Turnierschläger unbesaitet,L2,00199073012994,192.95,220.0,,€,in_stock,https://www.tennis-point.de/products/wilson-ultra-100l-v5-desert-turnierschlaeger-unbesaitet-p0000004020201?_pos=41&_fid=a5d1893ec&_ss=c
Tennis-Point,2026-06-19 20:37:38,rackets,unisex,Wilson,Ultra 100L V5 Desert Turnierschläger unbesaitet,L3,00199073013014,192.95,220.0,,€,in_stock,https://www.tennis-point.de/products/wilson-ultra-100l-v5-desert-turnierschlaeger-unbesaitet-p0000004020201?_pos=41&_fid=a5d1893ec&_ss=c
Tennis-Point,2026-06-19 20:37:56,rackets,unisex,Head,Boom MP 2024 Turnierschläger,L2,724794924969,119.95,260.0,,€,in_stock,https://www.tennis-point.de/products/head-boom-mp-2024-turnierschlaeger-00606604331000?_pos=43&_fid=a5d1893ec&_ss=c
Tennis-Point,2026-06-19 20:37:56,rackets,unisex,Head,Boom MP 2024 Turnierschläger,L3,724794924976,119.95,260.0,,€,in_stock,https://www.tennis-point.de/products/head-boom-mp-2024-turnierschlaeger-00606604331000?_pos=43&_fid=a5d1893ec&_ss=c
Tennis-Point,2026-06-19 20:38:04,rackets,unisex,Wilson,Ultra 100 V5 Desert Turnierschläger unbesaitet,L2,00199073013038,197.95,240.95,,€,in_stock,https://www.tennis-point.de/products/wilson-ultra-100-v5-desert-turnierschlaeger-unbesaitet-p0000004020301?_pos=44&_fid=a5d1893ec&_ss=c
Tennis-Point,2026-06-19 20:38:04,rackets,unisex,Wilson,Ultra 100 V5 Desert Turnierschläger unbesaitet,L3,00199073013045,197.95,240.95,,€,in_stock,https://www.tennis-point.de/products/wilson-ultra-100-v5-desert-turnierschlaeger-unbesaitet-p0000004020301?_pos=44&_fid=a5d1893ec&_ss=c
Tennis-Point,2026-06-19 20:38:11,rackets,unisex,Wilson,Clash 100 V3.0 Turnierschläger,L2,00097512892544,171.95,250.0,,€,in_stock,https://www.tennis-point.de/products/wilson-clash-100-v30-turnierschlaeger-00707504149000?_pos=45&_fid=a5d1893ec&_ss=c
Tennis-Point,2026-06-19 20:38:11,rackets,unisex,Wilson,Clash 100 V3.0 Turnierschläger,L3,00097512892537,171.95,250.0,,€,in_stock,https://www.tennis-point.de/products/wilson-clash-100-v30-turnierschlaeger-00707504149000?_pos=45&_fid=a5d1893ec&_ss=c
Tennis-Point,2026-06-19 20:38:20,rackets,unisex,Head,Boom MP L 2026 Turnierschläger unbesaitet,L2,198772136130,163.95,230.0,,€,in_stock,https://www.tennis-point.de/products/head-boom-mp-l-2026-turnierschlaeger-unbesaitet-p0000001850601?_pos=46&_fid=a5d1893ec&_ss=c
Tennis-Point,2026-06-19 20:38:20,rackets,unisex,Head,Boom MP L 2026 Turnierschläger unbesaitet,L3,198772136147,163.95,230.0,,€,in_stock,https://www.tennis-point.de/products/head-boom-mp-l-2026-turnierschlaeger-unbesaitet-p0000001850601?_pos=46&_fid=a5d1893ec&_ss=c
Tennis-Point,2026-06-19 20:38:36,rackets,unisex,Head,Boom Team 2026 Turnierschläger unbesaitet,L2,198772136376,141.95,210.0,,€,in_stock,https://www.tennis-point.de/products/head-boom-team-2026-turnierschlaeger-unbesaitet-p0000001851501?_pos=48&_fid=a5d1893ec&_ss=c
Tennis-Point,2026-06-19 20:38:36,rackets,unisex,Head,Boom Team 2026 Turnierschläger unbesaitet,L3,198772136383,141.95,210.0,,€,in_stock,https://www.tennis-point.de/products/head-boom-team-2026-turnierschlaeger-unbesaitet-p0000001851501?_pos=48&_fid=a5d1893ec&_ss=c
Tennis-Point,2026-06-19 20:38:40,rackets,unisex,Head,Boom MP UL 2026 Turnierschläger unbesaitet,L2,198772136253,157.95,230.0,,€,in_stock,https://www.tennis-point.de/products/head-boom-mp-ul-2026-turnierschlaeger-unbesaitet-p0000001852301?_pos=49&_fid=a5d1893ec&_ss=c
Tennis-Point,2026-06-19 20:38:40,rackets,unisex,Head,Boom MP UL 2026 Turnierschläger unbesaitet,L3,198772136260,157.95,230.0,,€,in_stock,https://www.tennis-point.de/products/head-boom-mp-ul-2026-turnierschlaeger-unbesaitet-p0000001852301?_pos=49&_fid=a5d1893ec&_ss=c
Tennis-Point,2026-06-19 20:38:50,rackets,unisex,Wilson,Blade 100 V9 Turnierschläger,L2,00097512792288,187.95,270.0,,€,out_of_stock,https://www.tennis-point.de/products/wilson-blade-100-v9-turnierschlaeger-00706604027000?_pos=50&_fid=a5d1893ec&_ss=c
Tennis-Point,2026-06-19 20:38:50,rackets,unisex,Wilson,Blade 100 V9 Turnierschläger,L3,00097512792240,187.95,270.0,,€,out_of_stock,https://www.tennis-point.de/products/wilson-blade-100-v9-turnierschlaeger-00706604027000?_pos=50&_fid=a5d1893ec&_ss=c
Tennis-Point,2026-06-19 20:39:00,rackets,unisex,Head,Boom Pro Turnierschläger unbesaitet,L2,198772135898,229.95,280.0,,€,in_stock,https://www.tennis-point.de/products/head-boom-pro-turnierschlaeger-unbesaitet-p0000006240201?_pos=51&_fid=a5d1893ec&_ss=c
Tennis-Point,2026-06-19 20:39:00,rackets,unisex,Head,Boom Pro Turnierschläger unbesaitet,L3,198772135904,229.95,280.0,,€,in_stock,https://www.tennis-point.de/products/head-boom-pro-turnierschlaeger-unbesaitet-p0000006240201?_pos=51&_fid=a5d1893ec&_ss=c
Tennis-Point,2026-06-19 20:39:18,rackets,unisex,Wilson,Blade 98 18X20 V9 Turnierschläger,L2,00097512791915,177.95,280.0,,€,in_stock,https://www.tennis-point.de/products/wilson-blade-98-18x20-v9-turnierschlaeger-00706604025000?_pos=53&_fid=a5d1893ec&_ss=c
Tennis-Point,2026-06-19 20:39:18,rackets,unisex,Wilson,Blade 98 18X20 V9 Turnierschläger,L3,00097512791922,177.95,280.0,,€,in_stock,https://www.tennis-point.de/products/wilson-blade-98-18x20-v9-turnierschlaeger-00706604025000?_pos=53&_fid=a5d1893ec&_ss=c
Tennis-Point,2026-06-19 20:39:24,rackets,unisex,Wilson,Clash 100 L V3.0 RG Turnierschläger unbesaitet,L2,00097512975292,219.95,220.0,,€,in_stock,https://www.tennis-point.de/products/wilson-clash-100-l-v30-rg-turnierschlaeger-unbesaitet-00707604295000?_pos=54&_fid=a5d1893ec&_ss=c
Tennis-Point,2026-06-19 20:39:24,rackets,unisex,Wilson,Clash 100 L V3.0 RG Turnierschläger unbesaitet,L3,00097512975261,219.95,220.0,,€,in_stock,https://www.tennis-point.de/products/wilson-clash-100-l-v30-rg-turnierschlaeger-unbesaitet-00707604295000?_pos=54&_fid=a5d1893ec&_ss=c
Tennis-Point,2026-06-19 20:39:34,rackets,unisex,Head,Radical MP 2025 Turnierschläger,L2,726423384960,221.95,280.0,,€,in_stock,https://www.tennis-point.de/products/head-radical-mp-2025-turnierschlaeger-00607504503000?_pos=55&_fid=a5d1893ec&_ss=c
Tennis-Point,2026-06-19 20:39:34,rackets,unisex,Head,Radical MP 2025 Turnierschläger,L3,726423384977,221.95,280.0,,€,in_stock,https://www.tennis-point.de/products/head-radical-mp-2025-turnierschlaeger-00607504503000?_pos=55&_fid=a5d1893ec&_ss=c
Tennis-Point,2026-06-19 20:39:44,rackets,unisex,Wilson,Ultra 100L V4.0 Turnierschläger,L2,00097512640299,129.95,220.0,,€,in_stock,https://www.tennis-point.de/products/wilson-ultra-100l-v40-turnierschlaeger-00706003841000?_pos=56&_fid=a5d1893ec&_ss=c
Tennis-Point,2026-06-19 20:39:44,rackets,unisex,Wilson,Ultra 100L V4.0 Turnierschläger,L3,00097512640305,129.95,220.0,,€,in_stock,https://www.tennis-point.de/products/wilson-ultra-100l-v40-turnierschlaeger-00706003841000?_pos=56&_fid=a5d1893ec&_ss=c
Tennis-Point,2026-06-19 20:39:59,rackets,unisex,Head,Gravity Tour 2025 Turnierschläger unbesaitet,L2,726423385462,194.95,280.0,,€,in_stock,https://www.tennis-point.de/products/head-gravity-tour-2025-turnierschlaeger-unbesaitet-00607504509000?_pos=58&_fid=a5d1893ec&_ss=c
Tennis-Point,2026-06-19 20:39:59,rackets,unisex,Head,Gravity Tour 2025 Turnierschläger unbesaitet,L3,726423385479,194.95,280.0,,€,in_stock,https://www.tennis-point.de/products/head-gravity-tour-2025-turnierschlaeger-unbesaitet-00607504509000?_pos=58&_fid=a5d1893ec&_ss=c
Tennis-Point,2026-06-19 20:40:15,rackets,unisex,Wilson,RF 01 Turnierschläger,L2,00097512849715,189.95,280.0,,€,in_stock,https://www.tennis-point.de/products/wilson-rf-01-turnierschlaeger-00706704087000?_pos=60&_fid=a5d1893ec&_ss=c
Tennis-Point,2026-06-19 20:40:15,rackets,unisex,Wilson,RF 01 Turnierschläger,L3,00097512849685,189.95,280.0,,€,in_stock,https://www.tennis-point.de/products/wilson-rf-01-turnierschlaeger-00706704087000?_pos=60&_fid=a5d1893ec&_ss=c
Tennis-Point,2026-06-19 20:40:25,rackets,unisex,Yonex,EZONE 100 (2025) Turnierschläger,L2,4550468976004,244.95,279.95,,€,out_of_stock,https://www.tennis-point.de/products/yonex-ezone-100-2025-turnierschlaeger-01907501960000?_pos=61&_fid=a5d1893ec&_ss=c
Tennis-Point,2026-06-19 20:40:25,rackets,unisex,Yonex,EZONE 100 (2025) Turnierschläger,L3,4550468976011,244.95,279.95,,€,in_stock,https://www.tennis-point.de/products/yonex-ezone-100-2025-turnierschlaeger-01907501960000?_pos=61&_fid=a5d1893ec&_ss=c
Tennis-Point,2026-06-19 20:40:31,rackets,unisex,Head,Speed MP Legend 2025 Turnierschläger,L2,198772121259,224.95,280.0,,€,in_stock,https://www.tennis-point.de/products/head-speed-mp-legend-2025-turnierschlaeger-00607104580000?_pos=62&_fid=a5d1893ec&_ss=c
Tennis-Point,2026-06-19 20:40:31,rackets,unisex,Head,Speed MP Legend 2025 Turnierschläger,L3,198772121266,224.95,280.0,,€,in_stock,https://www.tennis-point.de/products/head-speed-mp-legend-2025-turnierschlaeger-00607104580000?_pos=62&_fid=a5d1893ec&_ss=c
Tennis-Point,2026-06-19 20:40:38,rackets,unisex,Yonex,VCORE 98 (2026) Turnierschläger unbesaitet,L2,4550675355258,309.95,,,€,in_stock,https://www.tennis-point.de/products/yonex-vcore-98-2026-turnierschlaeger-unbesaitet-p0000004730901?_pos=63&_fid=a5d1893ec&_ss=c
Tennis-Point,2026-06-19 20:40:38,rackets,unisex,Yonex,VCORE 98 (2026) Turnierschläger unbesaitet,L3,4550675355265,309.95,,,€,in_stock,https://www.tennis-point.de/products/yonex-vcore-98-2026-turnierschlaeger-unbesaitet-p0000004730901?_pos=63&_fid=a5d1893ec&_ss=c
Tennis-Point,2026-06-19 20:40:46,rackets,unisex,Wilson,Blade 98 16X19 V9 Turnierschläger,L2,00097512791854,179.95,280.0,,€,in_stock,https://www.tennis-point.de/products/wilson-blade-98-16x19-v9-turnierschlaeger-00706604024000?_pos=64&_fid=a5d1893ec&_ss=c
Tennis-Point,2026-06-19 20:40:46,rackets,unisex,Wilson,Blade 98 16X19 V9 Turnierschläger,L3,00097512791847,179.95,280.0,,€,out_of_stock,https://www.tennis-point.de/products/wilson-blade-98-16x19-v9-turnierschlaeger-00706604024000?_pos=64&_fid=a5d1893ec&_ss=c
Tennis-Point,2026-06-19 20:40:57,rackets,unisex,Wilson,Clash 100L V2.0 Bright Neon Yellow Turnierschläger,L2,00097512742405,139.95,270.0,,€,in_stock,https://www.tennis-point.de/products/wilson-clash-100l-v20-bright-neon-yellow-turnierschlaeger-00706404004000?_pos=65&_fid=a5d1893ec&_ss=c
Tennis-Point,2026-06-19 20:40:57,rackets,unisex,Wilson,Clash 100L V2.0 Bright Neon Yellow Turnierschläger,L3,00097512742399,139.95,270.0,,€,in_stock,https://www.tennis-point.de/products/wilson-clash-100l-v20-bright-neon-yellow-turnierschlaeger-00706404004000?_pos=65&_fid=a5d1893ec&_ss=c
Tennis-Point,2026-06-19 20:41:13,rackets,unisex,Wilson,Clash 100L V2.0 Turnierschläger,L2,00097512605212,134.95,230.0,,€,in_stock,https://www.tennis-point.de/products/wilson-clash-100l-v20-turnierschlaeger-00705503745000?_pos=67&_fid=a5d1893ec&_ss=c
Tennis-Point,2026-06-19 20:41:13,rackets,unisex,Wilson,Clash 100L V2.0 Turnierschläger,L3,00097512605229,134.95,230.0,,€,in_stock,https://www.tennis-point.de/products/wilson-clash-100l-v20-turnierschlaeger-00705503745000?_pos=67&_fid=a5d1893ec&_ss=c
Tennis-Point,2026-06-19 20:41:19,rackets,unisex,Wilson,Ultra 100 V5 Turnierschläger,L2,00097512932028,189.95,240.0,,€,in_stock,https://www.tennis-point.de/products/wilson-ultra-100-v5-turnierschlaeger-00707104222000?_pos=68&_fid=a5d1893ec&_ss=c
Tennis-Point,2026-06-19 20:41:19,rackets,unisex,Wilson,Ultra 100 V5 Turnierschläger,L3,00097512932035,189.95,240.0,,€,in_stock,https://www.tennis-point.de/products/wilson-ultra-100-v5-turnierschlaeger-00707104222000?_pos=68&_fid=a5d1893ec&_ss=c
Tennis-Point,2026-06-19 20:41:29,shoes,women,K-Swiss,"Ultrashot Light Sandplatzschuh Damen - weiß, lavendel",EU 39,199286041644,57.95,100.0,,€,in_stock,https://www.tennis-point.de/products/k-swiss-ultrashot-light-sandplatzschuh-damen-weiss-lavendel-p0000004300701
Tennis-Point,2026-06-19 20:42:39,shoes,women,K-Swiss,"Ultrashot Team 2 Sandplatzschuh Damen - weiß, lavendel",EU 39,196483942057,69.95,129.99,,€,in_stock,https://www.tennis-point.de/products/k-swiss-ultrashot-team-2-sandplatzschuh-damen-weiss-lavendel-p0000004310701
Tennis-Point,2026-06-19 20:43:10,shoes,women,Wilson,"Intrigue Pro Sandplatzschuh Damen-weiß, türkis",EU 39,97512992794,89.95,130.0,,€,in_stock,https://www.tennis-point.de/products/wilson-intrigue-pro-sandplatzschuh-damen-weiss-tuerkis-p0000004130501
Tennis-Point,2026-06-19 20:43:27,shoes,women,K-Swiss,"COURT EXPRESS 2  AC Allcourtschuh Damen-weiß, lavendel",EU 39,196483940732,47.95,79.99,,€,in_stock,https://www.tennis-point.de/products/k-swiss-court-express-2-ac-allcourtschuh-damen-weiss-lavendel-p0000004300501
Tennis-Point,2026-06-19 20:44:06,shoes,women,K-Swiss,"Court Express 2 Sandplatzschuh Damen - schwarz, weiß",EU 39,196483940855,42.95,79.99,,€,in_stock,https://www.tennis-point.de/products/k-swiss-court-express-2-sandplatzschuh-damen-schwarz-weiss-a0000004300601
Tennis-Point,2026-06-19 20:44:41,shoes,women,K-Swiss,"Court Express Sandplatzschuh Damen - weiß, pink",EU 39,0199286149890,66.95,79.99,,€,in_stock,https://www.tennis-point.de/products/k-swiss-court-express-sandplatzschuh-damen-weiss-pink-p0000004910501
Tennis-Point,2026-06-19 20:46:17,rackets,unisex,Head,Speed Pro 2024 Turnierschläger,L2,724794926024,149.95,300.0,,€,in_stock,https://www.tennis-point.de/products/head-speed-pro-2024-turnierschlaeger-00606604347000?_pos=69&_fid=a5d1893ec&_ss=c
Tennis-Point,2026-06-19 20:46:17,rackets,unisex,Head,Speed Pro 2024 Turnierschläger,L3,724794926031,149.95,300.0,,€,in_stock,https://www.tennis-point.de/products/head-speed-pro-2024-turnierschlaeger-00606604347000?_pos=69&_fid=a5d1893ec&_ss=c
Tennis-Point,2026-06-19 20:46:25,rackets,unisex,Wilson,Pro Staff X V14 Turnierschläger unbesaitet,L2,00097512683685,149.95,300.0,,€,in_stock,https://www.tennis-point.de/products/wilson-pro-staff-x-v14-turnierschlaeger-unbesaitet-00706203876000?_pos=70&_fid=a5d1893ec&_ss=c
Tennis-Point,2026-06-19 20:46:25,rackets,unisex,Wilson,Pro Staff X V14 Turnierschläger unbesaitet,L3,00097512683692,149.95,300.0,,€,in_stock,https://www.tennis-point.de/products/wilson-pro-staff-x-v14-turnierschlaeger-unbesaitet-00706203876000?_pos=70&_fid=a5d1893ec&_ss=c
Tennis-Point,2026-06-19 20:46:37,rackets,unisex,Head,Boom Team 2024 Turnierschläger unbesaitet,L2,724794925201,99.95,230.0,,€,out_of_stock,https://www.tennis-point.de/products/head-boom-team-2024-turnierschlaeger-unbesaitet-00606604333000?_pos=71&_fid=a5d1893ec&_ss=c
Tennis-Point,2026-06-19 20:46:37,rackets,unisex,Head,Boom Team 2024 Turnierschläger unbesaitet,L3,724794925218,99.95,230.0,,€,in_stock,https://www.tennis-point.de/products/head-boom-team-2024-turnierschlaeger-unbesaitet-00606604333000?_pos=71&_fid=a5d1893ec&_ss=c
Tennis-Point,2026-06-19 20:46:56,rackets,unisex,Yonex,Percept 100 (300g) Turnierschläger unbesaitet,L2,4550468627654,209.95,309.95,,€,in_stock,https://www.tennis-point.de/products/yonex-percept-100-300g-turnierschlaeger-unbesaitet-01906401921000?_pos=73&_fid=a5d1893ec&_ss=c
Tennis-Point,2026-06-19 20:46:56,rackets,unisex,Yonex,Percept 100 (300g) Turnierschläger unbesaitet,L3,4550468627661,209.95,309.95,,€,in_stock,https://www.tennis-point.de/products/yonex-percept-100-300g-turnierschlaeger-unbesaitet-01906401921000?_pos=73&_fid=a5d1893ec&_ss=c
Tennis-Point,2026-06-19 20:47:01,rackets,unisex,Wilson,Pro Staff 97 Classic Turnierschläger unbesaitet,L2,00097512975698,207.95,260.0,,€,in_stock,https://www.tennis-point.de/products/wilson-pro-staff-97-classic-turnierschlaeger-unbesaitet-00707604289000?_pos=74&_fid=a5d1893ec&_ss=c
Tennis-Point,2026-06-19 20:47:01,rackets,unisex,Wilson,Pro Staff 97 Classic Turnierschläger unbesaitet,L3,00097512975728,207.95,260.0,,€,in_stock,https://www.tennis-point.de/products/wilson-pro-staff-97-classic-turnierschlaeger-unbesaitet-00707604289000?_pos=74&_fid=a5d1893ec&_ss=c
Tennis-Point,2026-06-19 20:47:18,rackets,unisex,Dunlop,FX 500 Turnierschläger,L2,0045566179678,109.95,219.99,,€,in_stock,https://www.tennis-point.de/products/dunlop-fx-500-turnierschlaeger-01606202307000?_pos=76&_fid=a5d1893ec&_ss=c
Tennis-Point,2026-06-19 20:47:18,rackets,unisex,Dunlop,FX 500 Turnierschläger,L3,0045566179685,109.95,219.99,,€,in_stock,https://www.tennis-point.de/products/dunlop-fx-500-turnierschlaeger-01606202307000?_pos=76&_fid=a5d1893ec&_ss=c
Tennis-Point,2026-06-19 20:47:28,rackets,unisex,Head,Gravity MP 2025 Turnierschläger,L2,726423385561,225.95,280.0,,€,in_stock,https://www.tennis-point.de/products/head-gravity-mp-2025-turnierschlaeger-00607504510000?_pos=77&_fid=a5d1893ec&_ss=c
Tennis-Point,2026-06-19 20:47:28,rackets,unisex,Head,Gravity MP 2025 Turnierschläger,L3,726423385578,225.95,280.0,,€,in_stock,https://www.tennis-point.de/products/head-gravity-mp-2025-turnierschlaeger-00607504510000?_pos=77&_fid=a5d1893ec&_ss=c
Tennis-Point,2026-06-19 20:47:37,rackets,unisex,Head,Radical Team Turnierschläger,L2,724794624265,124.95,250.0,,€,in_stock,https://www.tennis-point.de/products/head-radical-team-turnierschlaeger-00606204254000?_pos=78&_fid=a5d1893ec&_ss=c
Tennis-Point,2026-06-19 20:47:37,rackets,unisex,Head,Radical Team Turnierschläger,L3,724794624272,124.95,250.0,,€,in_stock,https://www.tennis-point.de/products/head-radical-team-turnierschlaeger-00606204254000?_pos=78&_fid=a5d1893ec&_ss=c
Tennis-Point,2026-06-19 20:47:45,rackets,unisex,Yonex,VCORE 100 (2026) Turnierschläger unbesaitet,L2,4550675355227,299.95,,,€,in_stock,https://www.tennis-point.de/products/yonex-vcore-100-2026-turnierschlaeger-unbesaitet-p0000004731201?_pos=79&_fid=a5d1893ec&_ss=c
Tennis-Point,2026-06-19 20:47:45,rackets,unisex,Yonex,VCORE 100 (2026) Turnierschläger unbesaitet,L3,4550675355234,299.95,,,€,in_stock,https://www.tennis-point.de/products/yonex-vcore-100-2026-turnierschlaeger-unbesaitet-p0000004731201?_pos=79&_fid=a5d1893ec&_ss=c
Tennis-Point,2026-06-19 20:48:02,rackets,unisex,Wilson,Ultra 100L V5 Turnierschläger unbesaitet,L2,00097512931953,149.95,220.0,,€,in_stock,https://www.tennis-point.de/products/wilson-ultra-100l-v5-turnierschlaeger-unbesaitet-00707104224000?_pos=81&_fid=a5d1893ec&_ss=c
Tennis-Point,2026-06-19 20:48:02,rackets,unisex,Wilson,Ultra 100L V5 Turnierschläger unbesaitet,L3,00097512931984,149.95,220.0,,€,in_stock,https://www.tennis-point.de/products/wilson-ultra-100l-v5-turnierschlaeger-unbesaitet-00707104224000?_pos=81&_fid=a5d1893ec&_ss=c
Tennis-Point,2026-06-19 20:48:12,rackets,unisex,Yonex,Percept 100 (300g) Turnierschläger,L2,4550675268602,259.95,309.95,,€,in_stock,https://www.tennis-point.de/products/yonex-percept-100-300g-turnierschlaeger-01907101987000?_pos=82&_fid=a5d1893ec&_ss=c
Tennis-Point,2026-06-19 20:48:12,rackets,unisex,Yonex,Percept 100 (300g) Turnierschläger,L3,4550675268619,259.95,309.95,,€,in_stock,https://www.tennis-point.de/products/yonex-percept-100-300g-turnierschlaeger-01907101987000?_pos=82&_fid=a5d1893ec&_ss=c
Tennis-Point,2026-06-19 20:48:19,rackets,unisex,Head,Extreme MP 2024 Turnierschläger,L2,726423218111,209.95,260.0,,€,in_stock,https://www.tennis-point.de/products/head-extreme-mp-2024-turnierschlaeger-00606704419000?_pos=83&_fid=a5d1893ec&_ss=c
Tennis-Point,2026-06-19 20:48:19,rackets,unisex,Head,Extreme MP 2024 Turnierschläger,L3,726423218128,209.95,260.0,,€,in_stock,https://www.tennis-point.de/products/head-extreme-mp-2024-turnierschlaeger-00606704419000?_pos=83&_fid=a5d1893ec&_ss=c
Tennis-Point,2026-06-19 20:48:27,rackets,unisex,Wilson,Ultra 100UL V5 Turnierschläger,L2,00097512942003,137.95,200.0,,€,in_stock,https://www.tennis-point.de/products/wilson-ultra-100ul-v5-turnierschlaeger-00707104225000?_pos=84&_fid=a5d1893ec&_ss=c
Tennis-Point,2026-06-19 20:48:27,rackets,unisex,Wilson,Ultra 100UL V5 Turnierschläger,L3,00097512941990,137.95,200.0,,€,in_stock,https://www.tennis-point.de/products/wilson-ultra-100ul-v5-turnierschlaeger-00707104225000?_pos=84&_fid=a5d1893ec&_ss=c
Tennis-Point,2026-06-19 20:48:55,rackets,unisex,Wilson,Clash 100 V3.0 Reverse Turnierschläger unbesaitet,L2,199073010877,193.95,250.0,,€,in_stock,https://www.tennis-point.de/products/wilson-clash-100-v30-reverse-turnierschlaeger-unbesaitet-00707604324000?_pos=87&_fid=a5d1893ec&_ss=c
Tennis-Point,2026-06-19 20:48:55,rackets,unisex,Wilson,Clash 100 V3.0 Reverse Turnierschläger unbesaitet,L3,199073010860,193.95,250.0,,€,in_stock,https://www.tennis-point.de/products/wilson-clash-100-v30-reverse-turnierschlaeger-unbesaitet-00707604324000?_pos=87&_fid=a5d1893ec&_ss=c
Tennis-Point,2026-06-19 20:49:02,rackets,unisex,Wilson,Clash 100 Pro V3.0 Turnierschläger,L2,00097512892223,197.95,250.0,,€,in_stock,https://www.tennis-point.de/products/wilson-clash-100-pro-v30-turnierschlaeger-00707504146000?_pos=88&_fid=a5d1893ec&_ss=c
Tennis-Point,2026-06-19 20:49:02,rackets,unisex,Wilson,Clash 100 Pro V3.0 Turnierschläger,L3,00097512892230,197.95,250.0,,€,out_of_stock,https://www.tennis-point.de/products/wilson-clash-100-pro-v30-turnierschlaeger-00707504146000?_pos=88&_fid=a5d1893ec&_ss=c
Tennis-Point,2026-06-19 20:49:09,rackets,unisex,Head,Extreme MP L 2024 Turnierschläger unbesaitet,L2,726423218234,185.95,230.0,,€,in_stock,https://www.tennis-point.de/products/head-extreme-mp-l-2024-turnierschlaeger-unbesaitet-00606704420000?_pos=89&_fid=a5d1893ec&_ss=c
Tennis-Point,2026-06-19 20:49:09,rackets,unisex,Head,Extreme MP L 2024 Turnierschläger unbesaitet,L3,726423218241,185.95,230.0,,€,in_stock,https://www.tennis-point.de/products/head-extreme-mp-l-2024-turnierschlaeger-unbesaitet-00606704420000?_pos=89&_fid=a5d1893ec&_ss=c
Tennis-Point,2026-06-19 20:49:17,rackets,unisex,Wilson,Pro Staff 97 L Classic Turnierschläger unbesaitet,L2,00097512974578,182.95,240.0,,€,in_stock,https://www.tennis-point.de/products/wilson-pro-staff-97-l-classic-turnierschlaeger-unbesaitet-00707604290000?_pos=90&_fid=a5d1893ec&_ss=c
Tennis-Point,2026-06-19 20:49:17,rackets,unisex,Wilson,Pro Staff 97 L Classic Turnierschläger unbesaitet,L3,00097512974561,182.95,240.0,,€,in_stock,https://www.tennis-point.de/products/wilson-pro-staff-97-l-classic-turnierschlaeger-unbesaitet-00707604290000?_pos=90&_fid=a5d1893ec&_ss=c
Tennis-Point,2026-06-19 20:49:28,rackets,unisex,Wilson,Blade 104 V9 Turnierschläger,L2,00097512791946,184.95,240.0,,€,in_stock,https://www.tennis-point.de/products/wilson-blade-104-v9-turnierschlaeger-00706604031000?_pos=91&_fid=a5d1893ec&_ss=c
Tennis-Point,2026-06-19 20:49:28,rackets,unisex,Wilson,Blade 104 V9 Turnierschläger,L3,00097512791977,184.95,240.0,,€,in_stock,https://www.tennis-point.de/products/wilson-blade-104-v9-turnierschlaeger-00706604031000?_pos=91&_fid=a5d1893ec&_ss=c
Tennis-Point,2026-06-19 20:49:37,rackets,unisex,Head,Radical MP 18X20 Turnierschläger,L2,0724794624937,129.95,279.95,,€,in_stock,https://www.tennis-point.de/products/head-radical-mp-18x20-turnierschlaeger-00606704408000?_pos=92&_fid=a5d1893ec&_ss=c
Tennis-Point,2026-06-19 20:49:37,rackets,unisex,Head,Radical MP 18X20 Turnierschläger,L3,0724794624944,129.95,279.95,,€,in_stock,https://www.tennis-point.de/products/head-radical-mp-18x20-turnierschlaeger-00606704408000?_pos=92&_fid=a5d1893ec&_ss=c
Tennis-Point,2026-06-19 20:49:46,rackets,unisex,Head,Speed Tour 2026 Turnierschläger unbesaitet,L2,198772135096,216.95,280.0,,€,in_stock,https://www.tennis-point.de/products/head-speed-tour-2026-turnierschlaeger-unbesaitet-p0000001852401?_pos=93&_fid=a5d1893ec&_ss=c
Tennis-Point,2026-06-19 20:49:46,rackets,unisex,Head,Speed Tour 2026 Turnierschläger unbesaitet,L3,198772135102,216.95,280.0,,€,in_stock,https://www.tennis-point.de/products/head-speed-tour-2026-turnierschlaeger-unbesaitet-p0000001852401?_pos=93&_fid=a5d1893ec&_ss=c
Tennis-Point,2026-06-19 20:50:05,rackets,unisex,Wilson,Clash 100L V3.0 Turnierschläger,L2,00097512893602,157.95,230.0,,€,in_stock,https://www.tennis-point.de/products/wilson-clash-100l-v30-turnierschlaeger-00707504152000?_pos=95&_fid=a5d1893ec&_ss=c
Tennis-Point,2026-06-19 20:50:05,rackets,unisex,Wilson,Clash 100L V3.0 Turnierschläger,L3,00097512893572,157.95,230.0,,€,in_stock,https://www.tennis-point.de/products/wilson-clash-100l-v30-turnierschlaeger-00707504152000?_pos=95&_fid=a5d1893ec&_ss=c
Tennis-Point,2026-06-19 20:50:16,rackets,unisex,Head,Speed Pro Legend 2025 Turnierschläger,L2,198772121150,237.95,300.0,,€,in_stock,https://www.tennis-point.de/products/head-speed-pro-legend-2025-turnierschlaeger-00607104578000?_pos=96&_fid=a5d1893ec&_ss=c
Tennis-Point,2026-06-19 20:50:16,rackets,unisex,Head,Speed Pro Legend 2025 Turnierschläger,L3,198772121167,237.95,300.0,,€,in_stock,https://www.tennis-point.de/products/head-speed-pro-legend-2025-turnierschlaeger-00607104578000?_pos=96&_fid=a5d1893ec&_ss=c
Tennis-Point,2026-06-19 20:50:23,rackets,unisex,Wilson,Shift 99L V1 Turnierschläger,L2,00097512728058,197.95,250.0,,€,in_stock,https://www.tennis-point.de/products/wilson-shift-99l-v1-turnierschlaeger-00706403998000?_pos=97&_fid=a5d1893ec&_ss=c
Tennis-Point,2026-06-19 20:50:23,rackets,unisex,Wilson,Shift 99L V1 Turnierschläger,L3,00097512728096,197.95,250.0,,€,in_stock,https://www.tennis-point.de/products/wilson-shift-99l-v1-turnierschlaeger-00706403998000?_pos=97&_fid=a5d1893ec&_ss=c
Tennis-Point,2026-06-19 20:50:33,rackets,unisex,Head,Speed Pro 2026 Turnierschläger unbesaitet,L2,198772134990,233.95,300.0,,€,in_stock,https://www.tennis-point.de/products/head-speed-pro-2026-turnierschlaeger-unbesaitet-p0000001850701?_pos=98&_fid=a5d1893ec&_ss=c
Tennis-Point,2026-06-19 20:50:33,rackets,unisex,Head,Speed Pro 2026 Turnierschläger unbesaitet,L3,198772135003,233.95,300.0,,€,in_stock,https://www.tennis-point.de/products/head-speed-pro-2026-turnierschlaeger-unbesaitet-p0000001850701?_pos=98&_fid=a5d1893ec&_ss=c
Tennis-Point,2026-06-19 20:50:42,rackets,unisex,Wilson,Blade 100L V8 Bright Neon Green Turnierschläger,L2,00097512742856,139.95,240.0,,€,out_of_stock,https://www.tennis-point.de/products/wilson-blade-100l-v8-bright-neon-green-turnierschlaeger-00706404008000?_pos=99&_fid=a5d1893ec&_ss=c
Tennis-Point,2026-06-19 20:50:42,rackets,unisex,Wilson,Blade 100L V8 Bright Neon Green Turnierschläger,L3,00097512742863,139.95,240.0,,€,in_stock,https://www.tennis-point.de/products/wilson-blade-100l-v8-bright-neon-green-turnierschlaeger-00706404008000?_pos=99&_fid=a5d1893ec&_ss=c
Tennis-Point,2026-06-19 20:50:53,rackets,unisex,Wilson,Ultra 99 Pro V5 Turnierschläger,L2,00097512932097,178.95,260.0,,€,in_stock,https://www.tennis-point.de/products/wilson-ultra-99-pro-v5-turnierschlaeger-00707104221000?_pos=100&_fid=a5d1893ec&_ss=c
Tennis-Point,2026-06-19 20:50:53,rackets,unisex,Wilson,Ultra 99 Pro V5 Turnierschläger,L3,00097512932080,178.95,260.0,,€,in_stock,https://www.tennis-point.de/products/wilson-ultra-99-pro-v5-turnierschlaeger-00707104221000?_pos=100&_fid=a5d1893ec&_ss=c
Tennis-Point,2026-06-19 20:51:12,rackets,unisex,Head,Prestige MP 2023 Turnierschläger,L2,724794924341,206.95,300.0,,€,in_stock,https://www.tennis-point.de/products/head-prestige-mp-2023-turnierschlaeger-00606404320000?_pos=102&_fid=a5d1893ec&_ss=c
Tennis-Point,2026-06-19 20:51:12,rackets,unisex,Head,Prestige MP 2023 Turnierschläger,L3,724794924358,206.95,300.0,,€,in_stock,https://www.tennis-point.de/products/head-prestige-mp-2023-turnierschlaeger-00606404320000?_pos=102&_fid=a5d1893ec&_ss=c
Tennis-Point,2026-06-19 20:52:34,shoes,women,K-Swiss,"Ultrashot Light Allcourtschuh Damen - weiß, lavendel",EU 39,199286041767,67.95,100.0,,€,in_stock,https://www.tennis-point.de/products/k-swiss-ultrashot-light-allcourtschuh-damen-weiss-lavendel-p0000004300201
Tennis-Point,2026-06-19 20:52:49,shoes,women,K-Swiss,"Ultrashot 4 Sandplatzschuh Damen - weiß, lavendel",EU 39,196483941579,123.95,189.99,,€,in_stock,https://www.tennis-point.de/products/k-swiss-ultrashot-4-sandplatzschuh-damen-weiss-lavendel-a0000004301501
Tennis-Point,2026-06-19 20:52:59,shoes,women,Head,"Sprint Team 4.0  Sandplatzschuh Damen-blau, dunkelblau",EU 39,0198772064396,67.95,110.0,,€,in_stock,https://www.tennis-point.de/products/head-sprint-team-40-sandplatzschuh-damen-blau-dunkelblau-p0000004220601
Tennis-Point,2026-06-19 20:54:55,shoes,women,Head,"Sprint Team 4.0  Sandplatzschuh Damen-weiß, hellgrau",EU 39,0198772064631,78.95,110.0,,€,out_of_stock,https://www.tennis-point.de/products/head-sprint-team-40-sandplatzschuh-damen-weiss-hellgrau-p0000004220901
Tennis-Point,2026-06-19 20:55:14,shoes,women,K-Swiss,"Hypercourt Express 3 Sandplatzschuh Damen - weiß, lavendel",EU 39,196483942910,111.95,149.99,,€,out_of_stock,https://www.tennis-point.de/products/k-swiss-hypercourt-express-3-sandplatzschuh-damen-weiss-lavendel-p0000004300401
Tennis-Point,2026-06-19 20:56:15,shoes,women,K-Swiss,"Court Kali Sneaker Damen-hellgrau, weiß",EU 39,199286048247,36.95,55.0,,€,in_stock,https://www.tennis-point.de/products/k-swiss-court-kali-sneaker-damen-hellgrau-weiss-p0000003360801
Tennis-Point,2026-06-19 20:56:24,rackets,unisex,Head,Boom MP L 2024 Turnierschläger,L2,724794925089,119.95,230.0,,€,in_stock,https://www.tennis-point.de/products/head-boom-mp-l-2024-turnierschlaeger-00606604332000?_pos=103&_fid=a5d1893ec&_ss=c
Tennis-Point,2026-06-19 20:56:24,rackets,unisex,Head,Boom MP L 2024 Turnierschläger,L3,724794925096,119.95,230.0,,€,in_stock,https://www.tennis-point.de/products/head-boom-mp-l-2024-turnierschlaeger-00606604332000?_pos=103&_fid=a5d1893ec&_ss=c
Tennis-Point,2026-06-19 20:56:34,rackets,unisex,Head,Speed MP UL 2026 Turnierschläger unbesaitet,L2,198772135430,181.95,230.0,,€,in_stock,https://www.tennis-point.de/products/head-speed-mp-ul-2026-turnierschlaeger-unbesaitet-p0000001851401?_pos=104&_fid=a5d1893ec&_ss=c
Tennis-Point,2026-06-19 20:56:34,rackets,unisex,Head,Speed MP UL 2026 Turnierschläger unbesaitet,L3,198772135447,181.95,230.0,,€,in_stock,https://www.tennis-point.de/products/head-speed-mp-ul-2026-turnierschlaeger-unbesaitet-p0000001851401?_pos=104&_fid=a5d1893ec&_ss=c
Tennis-Point,2026-06-19 20:56:54,rackets,unisex,Head,Extreme Pro 2024 Turnierschläger,L2,726423218012,209.95,260.0,,€,in_stock,https://www.tennis-point.de/products/head-extreme-pro-2024-turnierschlaeger-00606704418000?_pos=106&_fid=a5d1893ec&_ss=c
Tennis-Point,2026-06-19 20:56:54,rackets,unisex,Head,Extreme Pro 2024 Turnierschläger,L3,726423218029,209.95,260.0,,€,in_stock,https://www.tennis-point.de/products/head-extreme-pro-2024-turnierschlaeger-00606704418000?_pos=106&_fid=a5d1893ec&_ss=c
Tennis-Point,2026-06-19 20:57:03,rackets,unisex,Wilson,Ultra 100 V4.0 Noir Turnierschläger,L2,00097512718134,149.95,250.0,,€,out_of_stock,https://www.tennis-point.de/products/wilson-ultra-100-v40-noir-turnierschlaeger-00706403964000?_pos=107&_fid=a5d1893ec&_ss=c
Tennis-Point,2026-06-19 20:57:03,rackets,unisex,Wilson,Ultra 100 V4.0 Noir Turnierschläger,L3,00097512718103,149.95,250.0,,€,in_stock,https://www.tennis-point.de/products/wilson-ultra-100-v40-noir-turnierschlaeger-00706403964000?_pos=107&_fid=a5d1893ec&_ss=c
Tennis-Point,2026-06-19 20:57:22,rackets,unisex,Wilson,Shift 99L V1 US Open Turnierschläger,L2,00097512932110,163.95,250.0,,€,in_stock,https://www.tennis-point.de/products/wilson-shift-99l-v1-us-open-turnierschlaeger-00707104230000?_pos=109&_fid=a5d1893ec&_ss=c
Tennis-Point,2026-06-19 20:57:22,rackets,unisex,Wilson,Shift 99L V1 US Open Turnierschläger,L3,00097512941143,163.95,250.0,,€,in_stock,https://www.tennis-point.de/products/wilson-shift-99l-v1-us-open-turnierschlaeger-00707104230000?_pos=109&_fid=a5d1893ec&_ss=c
Tennis-Point,2026-06-19 20:57:38,rackets,unisex,Head,Radical Pro 2025 Turnierschläger,L2,726423384861,241.95,300.0,,€,in_stock,https://www.tennis-point.de/products/head-radical-pro-2025-turnierschlaeger-00607504502000?_pos=111&_fid=a5d1893ec&_ss=c
Tennis-Point,2026-06-19 20:57:38,rackets,unisex,Head,Radical Pro 2025 Turnierschläger,L3,726423384878,241.95,300.0,,€,in_stock,https://www.tennis-point.de/products/head-radical-pro-2025-turnierschlaeger-00607504502000?_pos=111&_fid=a5d1893ec&_ss=c
Tennis-Point,2026-06-19 20:57:48,rackets,unisex,Wilson,Clash 100L V3.0 Reverse Turnierschläger unbesaitet,L2,199073010839,175.95,230.0,,€,in_stock,https://www.tennis-point.de/products/wilson-clash-100l-v30-reverse-turnierschlaeger-unbesaitet-00707604325000?_pos=112&_fid=a5d1893ec&_ss=c
Tennis-Point,2026-06-19 20:57:48,rackets,unisex,Wilson,Clash 100L V3.0 Reverse Turnierschläger unbesaitet,L3,199073010846,175.95,230.0,,€,in_stock,https://www.tennis-point.de/products/wilson-clash-100l-v30-reverse-turnierschlaeger-unbesaitet-00707604325000?_pos=112&_fid=a5d1893ec&_ss=c
Tennis-Point,2026-06-19 20:58:03,rackets,unisex,Head,Boom MP Orlinski Limited Edition Turnierschläger,L2,0198772007348,133.95,260.0,,€,out_of_stock,https://www.tennis-point.de/products/head-boom-mp-orlinski-limited-edition-turnierschlaeger-00606904497000?_pos=114&_fid=a5d1893ec&_ss=c
Tennis-Point,2026-06-19 20:58:03,rackets,unisex,Head,Boom MP Orlinski Limited Edition Turnierschläger,L3,0198772007355,133.95,260.0,,€,in_stock,https://www.tennis-point.de/products/head-boom-mp-orlinski-limited-edition-turnierschlaeger-00606904497000?_pos=114&_fid=a5d1893ec&_ss=c
Tennis-Point,2026-06-19 20:58:10,rackets,unisex,Dunlop,FX 500 LS Turnierschläger,L2,0045566179715,104.95,209.99,,€,in_stock,https://www.tennis-point.de/products/dunlop-fx-500-ls-turnierschlaeger-01606202308000?_pos=115&_fid=a5d1893ec&_ss=c
Tennis-Point,2026-06-19 20:58:10,rackets,unisex,Dunlop,FX 500 LS Turnierschläger,L3,0045566179722,104.95,209.99,,€,in_stock,https://www.tennis-point.de/products/dunlop-fx-500-ls-turnierschlaeger-01606202308000?_pos=115&_fid=a5d1893ec&_ss=c
Tennis-Point,2026-06-19 20:58:17,rackets,unisex,Yonex,VCORE 100L (2026) Turnierschläger unbesaitet,L2,4550675389253,289.95,,,€,in_stock,https://www.tennis-point.de/products/yonex-vcore-100l-2026-turnierschlaeger-unbesaitet-p0000004730601?_pos=116&_fid=a5d1893ec&_ss=c
Tennis-Point,2026-06-19 20:58:17,rackets,unisex,Yonex,VCORE 100L (2026) Turnierschläger unbesaitet,L3,4550675389260,289.95,,,€,in_stock,https://www.tennis-point.de/products/yonex-vcore-100l-2026-turnierschlaeger-unbesaitet-p0000004730601?_pos=116&_fid=a5d1893ec&_ss=c
Tennis-Point,2026-06-19 20:58:38,rackets,unisex,Yonex,Percept 100L (280g) Turnierschläger,L2,4550468627623,209.95,299.95,,€,in_stock,https://www.tennis-point.de/products/yonex-percept-100l-280g-turnierschlaeger-01906401922000?_pos=118&_fid=a5d1893ec&_ss=c
Tennis-Point,2026-06-19 20:58:38,rackets,unisex,Yonex,Percept 100L (280g) Turnierschläger,L3,4550468627630,209.95,299.95,,€,out_of_stock,https://www.tennis-point.de/products/yonex-percept-100l-280g-turnierschlaeger-01906401922000?_pos=118&_fid=a5d1893ec&_ss=c
Tennis-Point,2026-06-19 20:58:47,rackets,unisex,Head,Radical Team 2025 Turnierschläger,L2,726423385080,201.95,250.0,,€,in_stock,https://www.tennis-point.de/products/head-radical-team-2025-turnierschlaeger-00607504505000?_pos=119&_fid=a5d1893ec&_ss=c
Tennis-Point,2026-06-19 20:58:47,rackets,unisex,Head,Radical Team 2025 Turnierschläger,L3,726423385097,201.95,250.0,,€,in_stock,https://www.tennis-point.de/products/head-radical-team-2025-turnierschlaeger-00607504505000?_pos=119&_fid=a5d1893ec&_ss=c
Tennis-Point,2026-06-19 20:58:57,rackets,unisex,Wilson,RF 01 Future Turnierschläger,L2,00097512849678,202.95,260.0,,€,in_stock,https://www.tennis-point.de/products/wilson-rf-01-future-turnierschlaeger-00706704088000?_pos=120&_fid=a5d1893ec&_ss=c
Tennis-Point,2026-06-19 20:58:57,rackets,unisex,Wilson,RF 01 Future Turnierschläger,L3,00097512849654,202.95,260.0,,€,in_stock,https://www.tennis-point.de/products/wilson-rf-01-future-turnierschlaeger-00706704088000?_pos=120&_fid=a5d1893ec&_ss=c
Tennis-Point,2026-06-19 20:59:02,rackets,unisex,Head,Gravity MP L 2025 Turnierschläger,L2,726423385684,201.95,250.0,,€,in_stock,https://www.tennis-point.de/products/head-gravity-mp-l-2025-turnierschlaeger-00607504511000?_pos=121&_fid=a5d1893ec&_ss=c
Tennis-Point,2026-06-19 20:59:02,rackets,unisex,Head,Gravity MP L 2025 Turnierschläger,L3,726423385691,201.95,250.0,,€,in_stock,https://www.tennis-point.de/products/head-gravity-mp-l-2025-turnierschlaeger-00607504511000?_pos=121&_fid=a5d1893ec&_ss=c
Tennis-Point,2026-06-19 20:59:19,rackets,unisex,Head,Boom MP 2024 Alternate Turnierschläger,L2,724794925683,119.95,260.0,,€,out_of_stock,https://www.tennis-point.de/products/head-boom-mp-2024-alternate-turnierschlaeger-00606604356000?_pos=123&_fid=a5d1893ec&_ss=c
Tennis-Point,2026-06-19 20:59:19,rackets,unisex,Head,Boom MP 2024 Alternate Turnierschläger,L3,724794925690,119.95,260.0,,€,out_of_stock,https://www.tennis-point.de/products/head-boom-mp-2024-alternate-turnierschlaeger-00606604356000?_pos=123&_fid=a5d1893ec&_ss=c
Tennis-Point,2026-06-19 20:59:28,rackets,unisex,Dunlop,SX 300 Turnierschläger,L2,0045566182654,149.95,239.99,,€,in_stock,https://www.tennis-point.de/products/dunlop-sx-300-turnierschlaeger-01607502367000?_pos=124&_fid=a5d1893ec&_ss=c
Tennis-Point,2026-06-19 20:59:28,rackets,unisex,Dunlop,SX 300 Turnierschläger,L3,0045566182661,149.95,239.99,,€,in_stock,https://www.tennis-point.de/products/dunlop-sx-300-turnierschlaeger-01607502367000?_pos=124&_fid=a5d1893ec&_ss=c
Tennis-Point,2026-06-19 20:59:38,rackets,unisex,Head,Boom Pro 2024 Turnierschläger unbesaitet,L2,724794924846,119.95,280.0,,€,in_stock,https://www.tennis-point.de/products/head-boom-pro-2024-turnierschlaeger-unbesaitet-00606604330000?_pos=125&_fid=a5d1893ec&_ss=c
Tennis-Point,2026-06-19 20:59:38,rackets,unisex,Head,Boom Pro 2024 Turnierschläger unbesaitet,L3,724794924853,119.95,280.0,,€,in_stock,https://www.tennis-point.de/products/head-boom-pro-2024-turnierschlaeger-unbesaitet-00606604330000?_pos=125&_fid=a5d1893ec&_ss=c
Tennis-Point,2026-06-19 20:59:49,rackets,unisex,Dunlop,FX 500 Turnierschläger unbesaitet,L2,045566185075,139.95,239.99,,€,in_stock,https://www.tennis-point.de/products/dunlop-fx-500-turnierschlaeger-unbesaitet-p0000001520901?_pos=126&_fid=a5d1893ec&_ss=c
Tennis-Point,2026-06-19 20:59:49,rackets,unisex,Dunlop,FX 500 Turnierschläger unbesaitet,L3,045566185082,139.95,239.99,,€,in_stock,https://www.tennis-point.de/products/dunlop-fx-500-turnierschlaeger-unbesaitet-p0000001520901?_pos=126&_fid=a5d1893ec&_ss=c
Tennis-Point,2026-06-19 20:59:55,rackets,unisex,Wilson,Clash 100 Pro V2.0 Turnierschläger,L2,00097512592147,139.95,250.0,,€,in_stock,https://www.tennis-point.de/products/wilson-clash-100-pro-v20-turnierschlaeger-00705503743000?_pos=127&_fid=a5d1893ec&_ss=c
Tennis-Point,2026-06-19 20:59:55,rackets,unisex,Wilson,Clash 100 Pro V2.0 Turnierschläger,L3,00097512592161,139.95,250.0,,€,in_stock,https://www.tennis-point.de/products/wilson-clash-100-pro-v20-turnierschlaeger-00705503743000?_pos=127&_fid=a5d1893ec&_ss=c
Tennis-Point,2026-06-19 21:00:03,rackets,unisex,Head,Speed Team 2026 Turnierschläger unbesaitet,L2,198772135553,193.95,250.0,,€,in_stock,https://www.tennis-point.de/products/head-speed-team-2026-turnierschlaeger-unbesaitet-p0000001853201?_pos=128&_fid=a5d1893ec&_ss=c
Tennis-Point,2026-06-19 21:00:03,rackets,unisex,Head,Speed Team 2026 Turnierschläger unbesaitet,L3,198772135560,193.95,250.0,,€,in_stock,https://www.tennis-point.de/products/head-speed-team-2026-turnierschlaeger-unbesaitet-p0000001853201?_pos=128&_fid=a5d1893ec&_ss=c
Tennis-Point,2026-06-19 21:00:07,rackets,unisex,Wilson,Blade Feel 103 Team Allroundschläger unbesaitet,L2,00097512939454,63.95,70.0,,€,in_stock,https://www.tennis-point.de/products/wilson-blade-feel-103-team-allroundschlaeger-unbesaitet-00707604312000?_pos=129&_fid=a5d1893ec&_ss=c
Tennis-Point,2026-06-19 21:00:07,rackets,unisex,Wilson,Blade Feel 103 Team Allroundschläger unbesaitet,L3,00097512939430,63.95,70.0,,€,in_stock,https://www.tennis-point.de/products/wilson-blade-feel-103-team-allroundschlaeger-unbesaitet-00707604312000?_pos=129&_fid=a5d1893ec&_ss=c
Tennis-Point,2026-06-19 21:00:15,rackets,unisex,Head,Gravity Team 2025 Turnierschläger,L2,726423385806,198.95,250.0,,€,in_stock,https://www.tennis-point.de/products/head-gravity-team-2025-turnierschlaeger-00607504512000?_pos=130&_fid=a5d1893ec&_ss=c
Tennis-Point,2026-06-19 21:00:15,rackets,unisex,Head,Gravity Team 2025 Turnierschläger,L3,726423385813,198.95,250.0,,€,in_stock,https://www.tennis-point.de/products/head-gravity-team-2025-turnierschlaeger-00607504512000?_pos=130&_fid=a5d1893ec&_ss=c
Tennis-Point,2026-06-19 21:00:34,rackets,unisex,Yonex,VCORE 95 (2026) Turnierschläger unbesaitet,L2,4550675389116,309.95,,,€,in_stock,https://www.tennis-point.de/products/yonex-vcore-95-2026-turnierschlaeger-unbesaitet-p0000004731101?_pos=132&_fid=a5d1893ec&_ss=c
Tennis-Point,2026-06-19 21:00:34,rackets,unisex,Yonex,VCORE 95 (2026) Turnierschläger unbesaitet,L3,4550675389123,309.95,,,€,in_stock,https://www.tennis-point.de/products/yonex-vcore-95-2026-turnierschlaeger-unbesaitet-p0000004731101?_pos=132&_fid=a5d1893ec&_ss=c
Tennis-Point,2026-06-19 21:00:41,rackets,unisex,Head,Extreme Elite 2024 Turnierschläger unbesaitet,L2,726423218609,128.95,160.0,,€,in_stock,https://www.tennis-point.de/products/head-extreme-elite-2024-turnierschlaeger-unbesaitet-00606704422000?_pos=133&_fid=a5d1893ec&_ss=c
Tennis-Point,2026-06-19 21:00:41,rackets,unisex,Head,Extreme Elite 2024 Turnierschläger unbesaitet,L3,726423218616,128.95,160.0,,€,in_stock,https://www.tennis-point.de/products/head-extreme-elite-2024-turnierschlaeger-unbesaitet-00606704422000?_pos=133&_fid=a5d1893ec&_ss=c
Tennis-Point,2026-06-19 21:00:48,rackets,unisex,Wilson,Roland Garros Team TNS Allroundschläger unbesaitet,L2,00097512933438,131.95,150.0,,€,in_stock,https://www.tennis-point.de/products/wilson-roland-garros-team-tns-allroundschlaeger-unbesaitet-00707604302000?_pos=134&_fid=a5d1893ec&_ss=c
Tennis-Point,2026-06-19 21:00:48,rackets,unisex,Wilson,Roland Garros Team TNS Allroundschläger unbesaitet,L3,00097512933445,131.95,150.0,,€,out_of_stock,https://www.tennis-point.de/products/wilson-roland-garros-team-tns-allroundschlaeger-unbesaitet-00707604302000?_pos=134&_fid=a5d1893ec&_ss=c
Tennis-Point,2026-06-19 21:00:58,rackets,unisex,Wilson,Blade 98S V9 Turnierschläger,L2,00097512792394,192.95,280.0,,€,in_stock,https://www.tennis-point.de/products/wilson-blade-98s-v9-turnierschlaeger-00706604026000?_pos=135&_fid=a5d1893ec&_ss=c
Tennis-Point,2026-06-19 21:00:58,rackets,unisex,Wilson,Blade 98S V9 Turnierschläger,L3,00097512792431,192.95,280.0,,€,in_stock,https://www.tennis-point.de/products/wilson-blade-98s-v9-turnierschlaeger-00706604026000?_pos=135&_fid=a5d1893ec&_ss=c
Tennis-Point,2026-06-19 21:01:07,rackets,unisex,Wilson,Shift 99 V1 US Open Turnierschläger,L2,0097512932165,149.95,270.0,,€,in_stock,https://www.tennis-point.de/products/wilson-shift-99-v1-us-open-turnierschlaeger-00707104262000?_pos=136&_fid=a5d1893ec&_ss=c
Tennis-Point,2026-06-19 21:01:07,rackets,unisex,Wilson,Shift 99 V1 US Open Turnierschläger,L3,0097512932134,149.95,270.0,,€,in_stock,https://www.tennis-point.de/products/wilson-shift-99-v1-us-open-turnierschlaeger-00707104262000?_pos=136&_fid=a5d1893ec&_ss=c
Tennis-Point,2026-06-19 21:02:14,shoes,women,K-Swiss,"Court Express 2 Sandplatzschuh Damen - weiß, schwarz",EU 39,0196483822069,48.95,79.99,,€,in_stock,https://www.tennis-point.de/products/k-swiss-court-express-2-sandplatzschuh-damen-weiss-schwarz-01417102457000
Tennis-Point,2026-06-19 21:03:33,shoes,women,K-Swiss,"Express Light 3 Allcourtschuh Damen - weiß, lavendel",EU 39,196483943757,73.95,119.99,,€,in_stock,https://www.tennis-point.de/products/k-swiss-express-light-3-allcourtschuh-damen-weiss-lavendel-a0000004310201
Tennis-Point,2026-06-19 21:03:56,shoes,women,K-Swiss,"Court Varsity Sneaker Damen-weiß, creme",EU 39,199286030167,42.95,80.0,,€,in_stock,https://www.tennis-point.de/products/k-swiss-court-varsity-sneaker-damen-weiss-creme-p0000003360601
Tennis-Point,2026-06-19 21:04:11,shoes,women,K-Swiss,"Court Varsity Sde Sneaker Damen-apricot, rosa",EU 39,199286029925,47.95,80.0,,€,in_stock,https://www.tennis-point.de/products/k-swiss-court-varsity-sde-sneaker-damen-apricot-rosa-p0000003360901
Tennis-Point,2026-06-19 21:04:22,shoes,women,K-Swiss,"Express Light 3 Sandplatzschuh Damen - salbei, koralle",EU 39,0196483786934,83.95,119.99,,€,in_stock,https://www.tennis-point.de/products/k-swiss-express-light-3-sandplatzschuh-damen-salbei-koralle-01417502448000
Tennis-Point,2026-06-19 21:04:41,shoes,women,Head,"Revolt Court 5.0  Allcourtschuh Damen-weiß, blau",EU 39,0198772064877,67.95,85.0,,€,in_stock,https://www.tennis-point.de/products/head-revolt-court-50-allcourtschuh-damen-weiss-blau-p0000004220701
Tennis-Point,2026-06-19 21:05:03,shoes,women,K-Swiss,Court Express Sandplatzschuh Damen-Schwarz,EU 39,0196483144529,42.95,89.99,,€,in_stock,https://www.tennis-point.de/products/k-swiss-court-express-sandplatzschuh-damen-schwarz-01416202236000
Tennis-Point,2026-06-19 21:05:18,shoes,women,Head,"Sprint EVO  Allcourtschuh Damen-weiß, hellblau",EU 39,0198772064037,84.95,130.0,,€,in_stock,https://www.tennis-point.de/products/head-sprint-evo-allcourtschuh-damen-weiss-hellblau-p0000004221001
Tennis-Point,2026-06-19 21:08:37,rackets,unisex,Yonex,EZONE 100 SL (2025) Turnierschläger,L2,4550468975977,198.95,249.95,,€,out_of_stock,https://www.tennis-point.de/products/yonex-ezone-100-sl-2025-turnierschlaeger-01907501962000?_pos=402&_fid=516a71540&_ss=c
Tennis-Point,2026-06-19 21:08:37,rackets,unisex,Yonex,EZONE 100 SL (2025) Turnierschläger,L3,4550468975984,198.95,249.95,,€,out_of_stock,https://www.tennis-point.de/products/yonex-ezone-100-sl-2025-turnierschlaeger-01907501962000?_pos=402&_fid=516a71540&_ss=c
Tennis-Point,2026-06-19 21:09:21,shoes,women,K-Swiss,"Hypercourt Express 2 CLAY Sandplatzschuh Damen-Weiß,Apricot",EU 39,196483437959,97.95,150.0,,€,out_of_stock,https://www.tennis-point.de/products/k-swiss-hypercourt-express-2-clay-sandplatzschuh-damen-weissapricot-01416602352000
Tennis-Point,2026-06-19 21:09:28,shoes,women,K-Swiss,"Hypercourt Express 2 Sandplatzschuh Damen-Weiß,Mehrfarbig",EU 39,0196483823509,90.95,139.99,,€,out_of_stock,https://www.tennis-point.de/products/k-swiss-hypercourt-express-2-sandplatzschuh-damen-weissmehrfarbig-01417102452000
Tennis-Point,2026-06-19 21:09:37,shoes,women,K-Swiss,Hypercourt Express 2 Teppichschuh Damen-Weiß,EU 39,0196483548259,77.95,149.99,,€,in_stock,https://www.tennis-point.de/products/k-swiss-hypercourt-express-2-teppichschuh-damen-weiss-01416802383000
Tennis-Point,2026-06-19 21:09:47,shoes,women,K-Swiss,"Express Light 3 Teppichschuh Damen - hellblau, weiß",EU 39,0196483549935,49.95,119.99,,€,out_of_stock,https://www.tennis-point.de/products/k-swiss-express-light-3-teppichschuh-damen-hellblau-weiss-01416802384000
Tennis-Point,2026-06-19 21:10:56,rackets,unisex,Wilson,2x RF 01 Future plus Schlägertasche,L2,,489.95,660.0,,€,in_stock,https://www.tennis-point.de/products/wilson-2x-rf-01-future-plus-schlaegertasche-00706704093000?_pos=401&_fid=516a71540&_ss=c
Tennis-Point,2026-06-19 21:10:56,rackets,unisex,Wilson,2x RF 01 Future plus Schlägertasche,L3,,489.95,660.0,,€,in_stock,https://www.tennis-point.de/products/wilson-2x-rf-01-future-plus-schlaegertasche-00706704093000?_pos=401&_fid=516a71540&_ss=c
Tennis-Point,2026-06-19 21:11:15,rackets,unisex,Wilson,2x RF 01 plus Schlägertasche,L2,,484.95,730.0,,€,in_stock,https://www.tennis-point.de/products/wilson-2x-rf-01-plus-schlaegertasche-00706704089000?_pos=399&_fid=516a71540&_ss=c
Tennis-Point,2026-06-19 21:11:15,rackets,unisex,Wilson,2x RF 01 plus Schlägertasche,L3,,484.95,730.0,,€,in_stock,https://www.tennis-point.de/products/wilson-2x-rf-01-plus-schlaegertasche-00706704089000?_pos=399&_fid=516a71540&_ss=c
Tennis-Point,2026-06-19 21:11:23,rackets,unisex,Dunlop,2x SX 300 Tour plus Schlägertasche,L2,,380.95,639.95,,€,in_stock,https://www.tennis-point.de/products/dunlop-2x-sx-300-tour-plus-schlaegertasche-01607502384000?_pos=398&_fid=516a71540&_ss=c
Tennis-Point,2026-06-19 21:11:23,rackets,unisex,Dunlop,2x SX 300 Tour plus Schlägertasche,L3,,380.95,639.95,,€,in_stock,https://www.tennis-point.de/products/dunlop-2x-sx-300-tour-plus-schlaegertasche-01607502384000?_pos=398&_fid=516a71540&_ss=c
Tennis-Point,2026-06-19 21:11:33,rackets,unisex,Wilson,2x Clash 100L V3.0 plus Schlägertasche,L2,,447.95,590.0,,€,in_stock,https://www.tennis-point.de/products/wilson-2x-clash-100l-v30-plus-schlaegertasche-00707504203000?_pos=397&_fid=516a71540&_ss=c
Tennis-Point,2026-06-19 21:11:33,rackets,unisex,Wilson,2x Clash 100L V3.0 plus Schlägertasche,L3,,447.95,590.0,,€,in_stock,https://www.tennis-point.de/products/wilson-2x-clash-100l-v30-plus-schlaegertasche-00707504203000?_pos=397&_fid=516a71540&_ss=c
Tennis-Point,2026-06-19 21:11:40,rackets,unisex,Head,2x Gravity Tour 2025 plus Schlägertasche,L2,,466.95,680.0,,€,in_stock,https://www.tennis-point.de/products/head-2x-gravity-tour-2025-plus-schlaegertasche-00607504544000?_pos=396&_fid=516a71540&_ss=c
Tennis-Point,2026-06-19 21:11:40,rackets,unisex,Head,2x Gravity Tour 2025 plus Schlägertasche,L3,,466.95,680.0,,€,in_stock,https://www.tennis-point.de/products/head-2x-gravity-tour-2025-plus-schlaegertasche-00607504544000?_pos=396&_fid=516a71540&_ss=c
Tennis-Point,2026-06-19 21:11:45,rackets,unisex,Wilson,2x Clash 100  V2.0 plus Schlägertasche,L2,,338.95,630.0,,€,in_stock,https://www.tennis-point.de/products/wilson-2x-clash-100-v20-plus-schlaegertasche-00705503990000?_pos=395&_fid=516a71540&_ss=c
Tennis-Point,2026-06-19 21:11:45,rackets,unisex,Wilson,2x Clash 100  V2.0 plus Schlägertasche,L3,,338.95,630.0,,€,in_stock,https://www.tennis-point.de/products/wilson-2x-clash-100-v20-plus-schlaegertasche-00705503990000?_pos=395&_fid=516a71540&_ss=c
Tennis-Point,2026-06-19 21:11:55,rackets,unisex,Wilson,2x Clash 100  Pro V2.0 plus Schlägertasche,L2,,338.95,630.0,,€,in_stock,https://www.tennis-point.de/products/wilson-2x-clash-100-pro-v20-plus-schlaegertasche-00705503992000?_pos=394&_fid=516a71540&_ss=c
Tennis-Point,2026-06-19 21:11:55,rackets,unisex,Wilson,2x Clash 100  Pro V2.0 plus Schlägertasche,L3,,338.95,630.0,,€,in_stock,https://www.tennis-point.de/products/wilson-2x-clash-100-pro-v20-plus-schlaegertasche-00705503992000?_pos=394&_fid=516a71540&_ss=c
Tennis-Point,2026-06-19 21:12:03,rackets,unisex,Wilson,2x Clash 100L V3.0 plus Schlägertasche,L2,,380.95,570.0,,€,in_stock,https://www.tennis-point.de/products/wilson-2x-clash-100l-v30-plus-schlaegertasche-00707504202000?_pos=393&_fid=516a71540&_ss=c
Tennis-Point,2026-06-19 21:12:03,rackets,unisex,Wilson,2x Clash 100L V3.0 plus Schlägertasche,L3,,380.95,570.0,,€,in_stock,https://www.tennis-point.de/products/wilson-2x-clash-100l-v30-plus-schlaegertasche-00707504202000?_pos=393&_fid=516a71540&_ss=c
Tennis-Point,2026-06-19 21:12:29,rackets,unisex,Wilson,2x Clash 100 Pro V3.0 plus Schlägertasche,L2,,485.95,650.0,,€,out_of_stock,https://www.tennis-point.de/products/wilson-2x-clash-100-pro-v30-plus-schlaegertasche-00707504198000?_pos=390&_fid=516a71540&_ss=c
Tennis-Point,2026-06-19 21:12:29,rackets,unisex,Wilson,2x Clash 100 Pro V3.0 plus Schlägertasche,L3,,485.95,650.0,,€,out_of_stock,https://www.tennis-point.de/products/wilson-2x-clash-100-pro-v30-plus-schlaegertasche-00707504198000?_pos=390&_fid=516a71540&_ss=c
Tennis-Point,2026-06-19 21:12:39,rackets,unisex,Wilson,2x Clash 100L V2.0 plus Schlägertasche,L2,,329.95,590.0,,€,out_of_stock,https://www.tennis-point.de/products/wilson-2x-clash-100l-v20-plus-schlaegertasche-00705503991000?_pos=389&_fid=516a71540&_ss=c
Tennis-Point,2026-06-19 21:12:39,rackets,unisex,Wilson,2x Clash 100L V2.0 plus Schlägertasche,L3,,329.95,590.0,,€,in_stock,https://www.tennis-point.de/products/wilson-2x-clash-100l-v20-plus-schlaegertasche-00705503991000?_pos=389&_fid=516a71540&_ss=c
Tennis-Point,2026-06-19 21:12:58,rackets,unisex,Wilson,2x Clash 100 V3.0 plus Schlägertasche,L2,,400.95,650.0,,€,in_stock,https://www.tennis-point.de/products/wilson-2x-clash-100-v30-plus-schlaegertasche-00707504216000?_pos=387&_fid=516a71540&_ss=c
Tennis-Point,2026-06-19 21:12:58,rackets,unisex,Wilson,2x Clash 100 V3.0 plus Schlägertasche,L3,,400.95,650.0,,€,in_stock,https://www.tennis-point.de/products/wilson-2x-clash-100-v30-plus-schlaegertasche-00707504216000?_pos=387&_fid=516a71540&_ss=c
Tennis-Point,2026-06-19 21:13:06,rackets,unisex,Wilson,2x Clash 100 V3.0 plus Schlägertasche,L2,,434.95,650.0,,€,in_stock,https://www.tennis-point.de/products/wilson-2x-clash-100-v30-plus-schlaegertasche-00707504199000?_pos=386&_fid=516a71540&_ss=c
Tennis-Point,2026-06-19 21:13:06,rackets,unisex,Wilson,2x Clash 100 V3.0 plus Schlägertasche,L3,,434.95,650.0,,€,in_stock,https://www.tennis-point.de/products/wilson-2x-clash-100-v30-plus-schlaegertasche-00707504199000?_pos=386&_fid=516a71540&_ss=c
Tennis-Point,2026-06-19 21:13:15,rackets,unisex,Wilson,2x Clash 100 V3.0 plus Schlägertasche,L2,,420.95,650.0,,€,in_stock,https://www.tennis-point.de/products/wilson-2x-clash-100-v30-plus-schlaegertasche-00707504200000?_pos=385&_fid=516a71540&_ss=c
Tennis-Point,2026-06-19 21:13:15,rackets,unisex,Wilson,2x Clash 100 V3.0 plus Schlägertasche,L3,,420.95,650.0,,€,in_stock,https://www.tennis-point.de/products/wilson-2x-clash-100-v30-plus-schlaegertasche-00707504200000?_pos=385&_fid=516a71540&_ss=c
Tennis-Point,2026-06-19 21:13:53,rackets,unisex,Head,2x Gravity Pro 2025 plus Schlägertasche,L2,,558.95,720.0,,€,in_stock,https://www.tennis-point.de/products/head-2x-gravity-pro-2025-plus-schlaegertasche-00607504542000?_pos=381&_fid=516a71540&_ss=c
Tennis-Point,2026-06-19 21:13:53,rackets,unisex,Head,2x Gravity Pro 2025 plus Schlägertasche,L3,,558.95,720.0,,€,in_stock,https://www.tennis-point.de/products/head-2x-gravity-pro-2025-plus-schlaegertasche-00607504542000?_pos=381&_fid=516a71540&_ss=c
Tennis-Point,2026-06-19 21:14:01,rackets,unisex,Head,2x Gravity MP 2025 plus Schlägertasche,L2,,527.95,680.0,,€,in_stock,https://www.tennis-point.de/products/head-2x-gravity-mp-2025-plus-schlaegertasche-00607504546000?_pos=380&_fid=516a71540&_ss=c
Tennis-Point,2026-06-19 21:14:01,rackets,unisex,Head,2x Gravity MP 2025 plus Schlägertasche,L3,,527.95,680.0,,€,in_stock,https://www.tennis-point.de/products/head-2x-gravity-mp-2025-plus-schlaegertasche-00607504546000?_pos=380&_fid=516a71540&_ss=c
Tennis-Point,2026-06-19 21:14:09,rackets,unisex,Dunlop,2x SX 300 plus Schlägertasche,L2,,380.95,619.95,,€,in_stock,https://www.tennis-point.de/products/dunlop-2x-sx-300-plus-schlaegertasche-01607502383000?_pos=379&_fid=516a71540&_ss=c
Tennis-Point,2026-06-19 21:14:09,rackets,unisex,Dunlop,2x SX 300 plus Schlägertasche,L3,,380.95,619.95,,€,out_of_stock,https://www.tennis-point.de/products/dunlop-2x-sx-300-plus-schlaegertasche-01607502383000?_pos=379&_fid=516a71540&_ss=c
Tennis-Point,2026-06-19 21:19:47,rackets,unisex,Yonex,2x VCore 100 (2026) plus Schlägertasche,L2,,702.95,749.95,,€,in_stock,https://www.tennis-point.de/products/yonex-2x-vcore-100-2026-plus-schlaegertasche-b0000004740200?_pos=374&_fid=516a71540&_ss=c
Tennis-Point,2026-06-19 21:19:47,rackets,unisex,Yonex,2x VCore 100 (2026) plus Schlägertasche,L3,,702.95,749.95,,€,in_stock,https://www.tennis-point.de/products/yonex-2x-vcore-100-2026-plus-schlaegertasche-b0000004740200?_pos=374&_fid=516a71540&_ss=c
Tennis-Point,2026-06-19 21:19:58,rackets,unisex,Yonex,2x VCORE 98 (2026) plus Schlägertasche,L2,,722.95,769.95,,€,in_stock,https://www.tennis-point.de/products/yonex-2x-vcore-98-2026-plus-schlaegertasche-b0000004900200?_pos=373&_fid=516a71540&_ss=c
Tennis-Point,2026-06-19 21:19:58,rackets,unisex,Yonex,2x VCORE 98 (2026) plus Schlägertasche,L3,,722.95,769.95,,€,in_stock,https://www.tennis-point.de/products/yonex-2x-vcore-98-2026-plus-schlaegertasche-b0000004900200?_pos=373&_fid=516a71540&_ss=c
Tennis-Point,2026-06-19 21:20:04,rackets,unisex,Yonex,2x VCORE 100 (2026) plus Schlägertasche,L2,,654.95,689.95,,€,in_stock,https://www.tennis-point.de/products/yonex-2x-vcore-100-2026-plus-schlaegertasche-b0000004800200?_pos=372&_fid=516a71540&_ss=c
Tennis-Point,2026-06-19 21:20:04,rackets,unisex,Yonex,2x VCORE 100 (2026) plus Schlägertasche,L3,,654.95,689.95,,€,in_stock,https://www.tennis-point.de/products/yonex-2x-vcore-100-2026-plus-schlaegertasche-b0000004800200?_pos=372&_fid=516a71540&_ss=c
Tennis-Point,2026-06-19 21:20:12,rackets,unisex,Head,2x Speed Pro Legend 2025 plus Schlägertasche,L2,,587.95,770.0,,€,in_stock,https://www.tennis-point.de/products/head-2x-speed-pro-legend-2025-plus-schlaegertasche-00607104582000?_pos=371&_fid=516a71540&_ss=c
Tennis-Point,2026-06-19 21:20:12,rackets,unisex,Head,2x Speed Pro Legend 2025 plus Schlägertasche,L3,,587.95,770.0,,€,in_stock,https://www.tennis-point.de/products/head-2x-speed-pro-legend-2025-plus-schlaegertasche-00607104582000?_pos=371&_fid=516a71540&_ss=c
Tennis-Point,2026-06-19 21:20:23,rackets,unisex,Head,2x Speed Pro Legend 2025 plus Schlägertasche,L2,,538.95,700.0,,€,in_stock,https://www.tennis-point.de/products/head-2x-speed-pro-legend-2025-plus-schlaegertasche-00607104583000?_pos=370&_fid=516a71540&_ss=c
Tennis-Point,2026-06-19 21:20:23,rackets,unisex,Head,2x Speed Pro Legend 2025 plus Schlägertasche,L3,,538.95,700.0,,€,in_stock,https://www.tennis-point.de/products/head-2x-speed-pro-legend-2025-plus-schlaegertasche-00607104583000?_pos=370&_fid=516a71540&_ss=c
Tennis-Point,2026-06-19 21:20:32,rackets,unisex,Head,2x MP 2025 plus Schlägertasche,L2,,512.95,690.0,,€,in_stock,https://www.tennis-point.de/products/head-2x-mp-2025-plus-schlaegertasche-00607504538000?_pos=369&_fid=516a71540&_ss=c
Tennis-Point,2026-06-19 21:20:32,rackets,unisex,Head,2x MP 2025 plus Schlägertasche,L3,,512.95,690.0,,€,in_stock,https://www.tennis-point.de/products/head-2x-mp-2025-plus-schlaegertasche-00607504538000?_pos=369&_fid=516a71540&_ss=c
Tennis-Point,2026-06-19 21:20:41,rackets,unisex,Wilson,2x Blade 100 Pro v10 plus Schlägertasche,L2,,641.95,730.0,,€,in_stock,https://www.tennis-point.de/products/wilson-2x-blade-100-pro-v10-plus-schlaegertasche-b0000007840200?_pos=368&_fid=516a71540&_ss=c
Tennis-Point,2026-06-19 21:20:41,rackets,unisex,Wilson,2x Blade 100 Pro v10 plus Schlägertasche,L3,,641.95,730.0,,€,in_stock,https://www.tennis-point.de/products/wilson-2x-blade-100-pro-v10-plus-schlaegertasche-b0000007840200?_pos=368&_fid=516a71540&_ss=c
Tennis-Point,2026-06-19 21:20:45,rackets,unisex,Wilson,2x Blade 100L V10 plus Schlägertasche,L2,,555.95,630.0,,€,in_stock,https://www.tennis-point.de/products/wilson-2x-blade-100l-v10-plus-schlaegertasche-b0000007820200?_pos=367&_fid=516a71540&_ss=c
Tennis-Point,2026-06-19 21:20:45,rackets,unisex,Wilson,2x Blade 100L V10 plus Schlägertasche,L3,,555.95,630.0,,€,in_stock,https://www.tennis-point.de/products/wilson-2x-blade-100l-v10-plus-schlaegertasche-b0000007820200?_pos=367&_fid=516a71540&_ss=c
Tennis-Point,2026-06-19 21:20:52,rackets,unisex,Wilson,2x Blade 100 V10 plus Schlägertasche,L2,,603.95,690.0,,€,in_stock,https://www.tennis-point.de/products/wilson-2x-blade-100-v10-plus-schlaegertasche-b0000007810200?_pos=366&_fid=516a71540&_ss=c
Tennis-Point,2026-06-19 21:20:52,rackets,unisex,Wilson,2x Blade 100 V10 plus Schlägertasche,L3,,603.95,690.0,,€,in_stock,https://www.tennis-point.de/products/wilson-2x-blade-100-v10-plus-schlaegertasche-b0000007810200?_pos=366&_fid=516a71540&_ss=c
Tennis-Point,2026-06-19 21:21:01,rackets,unisex,Wilson,2x Blade 98 18X20 v10 plus Schlägertasche,L2,,623.95,710.0,,€,in_stock,https://www.tennis-point.de/products/wilson-2x-blade-98-18x20-v10-plus-schlaegertasche-b0000007790200?_pos=365&_fid=516a71540&_ss=c
Tennis-Point,2026-06-19 21:21:01,rackets,unisex,Wilson,2x Blade 98 18X20 v10 plus Schlägertasche,L3,,623.95,710.0,,€,in_stock,https://www.tennis-point.de/products/wilson-2x-blade-98-18x20-v10-plus-schlaegertasche-b0000007790200?_pos=365&_fid=516a71540&_ss=c
Tennis-Point,2026-06-19 21:21:09,rackets,unisex,Wilson,2x Blade 98 16X19 v10 plus Schlägertasche,L2,,641.95,730.0,,€,in_stock,https://www.tennis-point.de/products/wilson-2x-blade-98-16x19-v10-plus-schlaegertasche-b0000007760200?_pos=364&_fid=516a71540&_ss=c
Tennis-Point,2026-06-19 21:21:09,rackets,unisex,Wilson,2x Blade 98 16X19 v10 plus Schlägertasche,L3,,641.95,730.0,,€,in_stock,https://www.tennis-point.de/products/wilson-2x-blade-98-16x19-v10-plus-schlaegertasche-b0000007760200?_pos=364&_fid=516a71540&_ss=c
Tennis-Point,2026-06-19 21:21:19,rackets,unisex,Wilson,2x Blade 100L v10 plus Schlägertasche,L2,,622.95,710.0,,€,in_stock,https://www.tennis-point.de/products/wilson-2x-blade-100l-v10-plus-schlaegertasche-b0000007800200?_pos=363&_fid=516a71540&_ss=c
Tennis-Point,2026-06-19 21:21:19,rackets,unisex,Wilson,2x Blade 100L v10 plus Schlägertasche,L3,,622.95,710.0,,€,in_stock,https://www.tennis-point.de/products/wilson-2x-blade-100l-v10-plus-schlaegertasche-b0000007800200?_pos=363&_fid=516a71540&_ss=c
Tennis-Point,2026-06-19 21:21:34,rackets,unisex,Head,2x Team 2025 plus Schlägertasche,L2,,473.95,630.0,,€,in_stock,https://www.tennis-point.de/products/head-2x-team-2025-plus-schlaegertasche-00607504540000?_pos=361&_fid=516a71540&_ss=c
Tennis-Point,2026-06-19 21:21:34,rackets,unisex,Head,2x Team 2025 plus Schlägertasche,L3,,473.95,630.0,,€,in_stock,https://www.tennis-point.de/products/head-2x-team-2025-plus-schlaegertasche-00607504540000?_pos=361&_fid=516a71540&_ss=c
Tennis-Point,2026-06-19 21:21:43,rackets,unisex,Head,2x Pro 2025 plus Schlägertasche,L2,,551.95,730.0,,€,in_stock,https://www.tennis-point.de/products/head-2x-pro-2025-plus-schlaegertasche-00607504536000?_pos=360&_fid=516a71540&_ss=c
Tennis-Point,2026-06-19 21:21:43,rackets,unisex,Head,2x Pro 2025 plus Schlägertasche,L3,,551.95,730.0,,€,in_stock,https://www.tennis-point.de/products/head-2x-pro-2025-plus-schlaegertasche-00607504536000?_pos=360&_fid=516a71540&_ss=c
Tennis-Point,2026-06-19 21:21:58,rackets,unisex,Wilson,2x RF 01 Pro plus Schlägertasche,L2,,571.95,770.0,,€,in_stock,https://www.tennis-point.de/products/wilson-2x-rf-01-pro-plus-schlaegertasche-00706704092000?_pos=358&_fid=516a71540&_ss=c
Tennis-Point,2026-06-19 21:21:58,rackets,unisex,Wilson,2x RF 01 Pro plus Schlägertasche,L3,,571.95,770.0,,€,in_stock,https://www.tennis-point.de/products/wilson-2x-rf-01-pro-plus-schlaegertasche-00706704092000?_pos=358&_fid=516a71540&_ss=c
Tennis-Point,2026-06-19 21:22:20,rackets,unisex,Wilson,2x Blade 98 16X19 v10 plus Schlägertasche,L2,,623.95,710.0,,€,in_stock,https://www.tennis-point.de/products/wilson-2x-blade-98-16x19-v10-plus-schlaegertasche-b0000007770200?_pos=355&_fid=516a71540&_ss=c
Tennis-Point,2026-06-19 21:22:20,rackets,unisex,Wilson,2x Blade 98 16X19 v10 plus Schlägertasche,L3,,623.95,710.0,,€,in_stock,https://www.tennis-point.de/products/wilson-2x-blade-98-16x19-v10-plus-schlaegertasche-b0000007770200?_pos=355&_fid=516a71540&_ss=c
Tennis-Point,2026-06-19 21:22:30,rackets,unisex,Wilson,2x Blade 98 Pro 16X19 v10 plus Schlägertasche,L2,,641.95,730.0,,€,in_stock,https://www.tennis-point.de/products/wilson-2x-blade-98-pro-16x19-v10-plus-schlaegertasche-b0000007830200?_pos=354&_fid=516a71540&_ss=c
Tennis-Point,2026-06-19 21:22:30,rackets,unisex,Wilson,2x Blade 98 Pro 16X19 v10 plus Schlägertasche,L3,,641.95,730.0,,€,in_stock,https://www.tennis-point.de/products/wilson-2x-blade-98-pro-16x19-v10-plus-schlaegertasche-b0000007830200?_pos=354&_fid=516a71540&_ss=c
Tennis-Point,2026-06-19 21:22:37,rackets,unisex,Yonex,2x VCORE 98 (2026) plus Schlägertasche,L2,,673.95,709.95,,€,in_stock,https://www.tennis-point.de/products/yonex-2x-vcore-98-2026-plus-schlaegertasche-b0000004770200?_pos=353&_fid=516a71540&_ss=c
Tennis-Point,2026-06-19 21:22:37,rackets,unisex,Yonex,2x VCORE 98 (2026) plus Schlägertasche,L3,,673.95,709.95,,€,in_stock,https://www.tennis-point.de/products/yonex-2x-vcore-98-2026-plus-schlaegertasche-b0000004770200?_pos=353&_fid=516a71540&_ss=c
Tennis-Point,2026-06-19 21:22:47,rackets,unisex,Wilson,2x Blade Blade 98 18X20 v10 plus Schlägertasche,L2,,641.95,730.0,,€,in_stock,https://www.tennis-point.de/products/wilson-2x-blade-blade-98-18x20-v10-plus-schlaegertasche-b0000007780200?_pos=352&_fid=516a71540&_ss=c
Tennis-Point,2026-06-19 21:22:47,rackets,unisex,Wilson,2x Blade Blade 98 18X20 v10 plus Schlägertasche,L3,,641.95,730.0,,€,in_stock,https://www.tennis-point.de/products/wilson-2x-blade-blade-98-18x20-v10-plus-schlaegertasche-b0000007780200?_pos=352&_fid=516a71540&_ss=c
Tennis-Point,2026-06-19 21:24:53,shoes,women,K-Swiss,"Hypercourt Supreme 2 Sandplatzschuh Damen - weiß, hellgrün",EU 39,0196483711868,105.95,169.99,,€,out_of_stock,https://www.tennis-point.de/products/k-swiss-hypercourt-supreme-2-sandplatzschuh-damen-weiss-hellgruen-01417502422000
Tennis-Point,2026-06-19 21:26:13,shoes,women,Head,"Sprint Evo 3.5 Sandplatzschuh Damen-Weiß,Türkis",EU 39,726423358541,71.95,130.0,,€,out_of_stock,https://www.tennis-point.de/products/head-sprint-evo-35-sandplatzschuh-damen-weisstuerkis-00617501996000
Tennis-Point,2026-06-19 21:26:23,shoes,women,Head,"Sprint Pro 4.0 Sandplatzschuh Damen-Weiß,Hellgrün",EU 39,726423357629,71.95,160.0,,€,out_of_stock,https://www.tennis-point.de/products/head-sprint-pro-40-sandplatzschuh-damen-weisshellgruen-00617501994000
Tennis-Point,2026-06-19 21:26:34,shoes,women,Head,"Sprint Team 4.0 Sandplatzschuh Damen-Creme,Hellgrün",EU 39,726423359197,51.95,110.0,,€,out_of_stock,https://www.tennis-point.de/products/head-sprint-team-40-sandplatzschuh-damen-cremehellgruen-00617502001000
Tennis-Point,2026-06-19 21:26:47,shoes,women,K-Swiss,"Rival Trainer Sneaker Damen-Weiß,Weiß",EU 39,196483444070,23.95,80.0,,€,out_of_stock,https://www.tennis-point.de/products/k-swiss-rival-trainer-sneaker-damen-weissweiss-01417502417000
Tennis-Point,2026-06-19 21:30:04,rackets,unisex,Wilson,Ultra 100 L V3.0 Turnierschläger,L2,00097512424523,109.95,220.0,,€,out_of_stock,https://www.tennis-point.de/products/wilson-ultra-100-l-v30-turnierschlaeger-00705003539000?_pos=337&_fid=8f8985b90&_ss=c
Tennis-Point,2026-06-19 21:30:04,rackets,unisex,Wilson,Ultra 100 L V3.0 Turnierschläger,L3,00097512424462,109.95,220.0,,€,out_of_stock,https://www.tennis-point.de/products/wilson-ultra-100-l-v30-turnierschlaeger-00705003539000?_pos=337&_fid=8f8985b90&_ss=c
Tennis-Point,2026-06-19 21:30:31,rackets,unisex,Dunlop,SX 300 Turnierschläger,L2,045566178756,179.95,239.99,,€,out_of_stock,https://www.tennis-point.de/products/dunlop-sx-300-turnierschlaeger-01605402259000?_pos=334&_fid=8f8985b90&_ss=c
Tennis-Point,2026-06-19 21:30:31,rackets,unisex,Dunlop,SX 300 Turnierschläger,L3,045566178763,179.95,239.99,,€,in_stock,https://www.tennis-point.de/products/dunlop-sx-300-turnierschlaeger-01605402259000?_pos=334&_fid=8f8985b90&_ss=c
Tennis-Point,2026-06-19 21:30:41,rackets,unisex,Yonex,VCORE 95 (2023) Turnierschläger,L2,4550468409205,176.95,299.9,,€,out_of_stock,https://www.tennis-point.de/products/yonex-vcore-95-2023-turnierschlaeger-01906201900000?_pos=333&_fid=8f8985b90&_ss=c
Tennis-Point,2026-06-19 21:30:41,rackets,unisex,Yonex,VCORE 95 (2023) Turnierschläger,L3,4550468409212,176.95,299.9,,€,out_of_stock,https://www.tennis-point.de/products/yonex-vcore-95-2023-turnierschlaeger-01906201900000?_pos=333&_fid=8f8985b90&_ss=c
Tennis-Point,2026-06-19 21:30:49,rackets,unisex,Head,Speed MP 2024 Turnierschläger,L2,724794926123,149.95,280.0,,€,out_of_stock,https://www.tennis-point.de/products/head-speed-mp-2024-turnierschlaeger-00606604348000?_pos=332&_fid=8f8985b90&_ss=c
Tennis-Point,2026-06-19 21:30:49,rackets,unisex,Head,Speed MP 2024 Turnierschläger,L3,724794926130,149.95,280.0,,€,out_of_stock,https://www.tennis-point.de/products/head-speed-mp-2024-turnierschlaeger-00606604348000?_pos=332&_fid=8f8985b90&_ss=c
Tennis-Point,2026-06-19 21:31:07,rackets,unisex,Dunlop,FX 500 Lite Turnierschläger,L2,0045566179753,109.95,199.99,,€,out_of_stock,https://www.tennis-point.de/products/dunlop-fx-500-lite-turnierschlaeger-01606202309000?_pos=330&_fid=8f8985b90&_ss=c
Tennis-Point,2026-06-19 21:31:07,rackets,unisex,Dunlop,FX 500 Lite Turnierschläger,L3,0045566179760,109.95,199.99,,€,in_stock,https://www.tennis-point.de/products/dunlop-fx-500-lite-turnierschlaeger-01606202309000?_pos=330&_fid=8f8985b90&_ss=c
Tennis-Point,2026-06-19 21:32:11,rackets,unisex,Wilson,Shift 99 V1 Session Soire RG Turnierschläger,L2,00097512795616,178.95,270.0,,€,out_of_stock,https://www.tennis-point.de/products/wilson-shift-99-v1-session-soire-rg-turnierschlaeger-00706604034000?_pos=323&_fid=8f8985b90&_ss=c
Tennis-Point,2026-06-19 21:32:11,rackets,unisex,Wilson,Shift 99 V1 Session Soire RG Turnierschläger,L3,00097512795586,178.95,270.0,,€,out_of_stock,https://www.tennis-point.de/products/wilson-shift-99-v1-session-soire-rg-turnierschlaeger-00706604034000?_pos=323&_fid=8f8985b90&_ss=c
Tennis-Point,2026-06-19 21:32:16,rackets,unisex,Head,Prestige Pro 2023 Turnierschläger,L2,724794924143,205.95,320.0,,€,out_of_stock,https://www.tennis-point.de/products/head-prestige-pro-2023-turnierschlaeger-00606404318000?_pos=322&_fid=8f8985b90&_ss=c
Tennis-Point,2026-06-19 21:32:16,rackets,unisex,Head,Prestige Pro 2023 Turnierschläger,L3,724794924150,205.95,320.0,,€,in_stock,https://www.tennis-point.de/products/head-prestige-pro-2023-turnierschlaeger-00606404318000?_pos=322&_fid=8f8985b90&_ss=c
Tennis-Point,2026-06-19 21:32:23,rackets,unisex,Yonex,VCore 100L (2023) Turnierschläger unbesaitet,L2,4550468409090,285.95,289.9,,€,out_of_stock,https://www.tennis-point.de/products/yonex-vcore-100l-2023-turnierschlaeger-unbesaitet-01906201899000?_pos=321&_fid=8f8985b90&_ss=c
Tennis-Point,2026-06-19 21:32:23,rackets,unisex,Yonex,VCore 100L (2023) Turnierschläger unbesaitet,L3,4550468409106,285.95,289.9,,€,in_stock,https://www.tennis-point.de/products/yonex-vcore-100l-2023-turnierschlaeger-unbesaitet-01906201899000?_pos=321&_fid=8f8985b90&_ss=c
Tennis-Point,2026-06-19 21:32:33,rackets,unisex,Dunlop,CX 200 Turnierschläger,L2,045566180872,174.95,259.99,,€,in_stock,https://www.tennis-point.de/products/dunlop-cx-200-turnierschlaeger-01606602344000?_pos=320&_fid=8f8985b90&_ss=c
Tennis-Point,2026-06-19 21:32:33,rackets,unisex,Dunlop,CX 200 Turnierschläger,L3,045566180889,174.95,259.99,,€,in_stock,https://www.tennis-point.de/products/dunlop-cx-200-turnierschlaeger-01606602344000?_pos=320&_fid=8f8985b90&_ss=c
Tennis-Point,2026-06-19 21:32:51,rackets,unisex,Dunlop,CX 400 Turnierschläger,L2,045566181015,149.95,229.99,,€,in_stock,https://www.tennis-point.de/products/dunlop-cx-400-turnierschlaeger-01606602346000?_pos=318&_fid=8f8985b90&_ss=c
Tennis-Point,2026-06-19 21:32:51,rackets,unisex,Dunlop,CX 400 Turnierschläger,L3,045566181022,149.95,229.99,,€,in_stock,https://www.tennis-point.de/products/dunlop-cx-400-turnierschlaeger-01606602346000?_pos=318&_fid=8f8985b90&_ss=c
Tennis-Point,2026-06-19 21:32:59,rackets,unisex,Yonex,Percept 97 D (320g) Turnierschläger,L2,4550468627692,259.95,319.9,,€,in_stock,https://www.tennis-point.de/products/yonex-percept-97-d-320g-turnierschlaeger-01906401917000?_pos=317&_fid=8f8985b90&_ss=c
Tennis-Point,2026-06-19 21:32:59,rackets,unisex,Yonex,Percept 97 D (320g) Turnierschläger,L3,4550468627708,259.95,319.9,,€,out_of_stock,https://www.tennis-point.de/products/yonex-percept-97-d-320g-turnierschlaeger-01906401917000?_pos=317&_fid=8f8985b90&_ss=c
Tennis-Point,2026-06-19 21:33:19,rackets,unisex,Dunlop,CX 400 Tour Turnierschläger,L2,045566180971,158.95,239.99,,€,in_stock,https://www.tennis-point.de/products/dunlop-cx-400-tour-turnierschlaeger-01606602345000?_pos=315&_fid=8f8985b90&_ss=c
Tennis-Point,2026-06-19 21:33:19,rackets,unisex,Dunlop,CX 400 Tour Turnierschläger,L3,045566180988,158.95,239.99,,€,in_stock,https://www.tennis-point.de/products/dunlop-cx-400-tour-turnierschlaeger-01606602345000?_pos=315&_fid=8f8985b90&_ss=c
Tennis-Point,2026-06-19 21:33:52,rackets,unisex,Head,Boom MP Orlinski Limited Edition Turnierschläger,L2,0198772007461,188.95,260.0,,€,in_stock,https://www.tennis-point.de/products/head-boom-mp-orlinski-limited-edition-turnierschlaeger-00606904498000?_pos=311&_fid=8f8985b90&_ss=c
Tennis-Point,2026-06-19 21:33:52,rackets,unisex,Head,Boom MP Orlinski Limited Edition Turnierschläger,L3,0198772007478,188.95,260.0,,€,in_stock,https://www.tennis-point.de/products/head-boom-mp-orlinski-limited-edition-turnierschlaeger-00606904498000?_pos=311&_fid=8f8985b90&_ss=c
Tennis-Point,2026-06-19 21:34:59,shoes,women,K-Swiss,"Court Express 2 Teppichschuh Damen - weiß, mint",EU 39,0196483826142,39.95,79.99,,€,out_of_stock,https://www.tennis-point.de/products/k-swiss-court-express-2-teppichschuh-damen-weiss-mint-01417102459000
Tennis-Point,2026-06-19 21:35:08,shoes,women,K-Swiss,"Express Light 3 Allcourtschuh Damen - weiß, hellblau",EU 39,0196483715781,66.95,119.99,,€,out_of_stock,https://www.tennis-point.de/products/k-swiss-express-light-3-allcourtschuh-damen-weiss-hellblau-01417502428000
Tennis-Point,2026-06-19 21:35:51,shoes,women,Head,"Sprint Pro 4.0 Sandplatzschuh Damen-Koralle,Weiß",EU 39,726423356486,69.95,160.0,,€,out_of_stock,https://www.tennis-point.de/products/head-sprint-pro-40-sandplatzschuh-damen-koralleweiss-00617501992000
Tennis-Point,2026-06-19 21:36:03,shoes,women,K-Swiss,"Express Light 3 Allcourtschuh Damen - schwarz, mint",EU 39,0196483824582,73.95,119.99,,€,out_of_stock,https://www.tennis-point.de/products/k-swiss-express-light-3-allcourtschuh-damen-schwarz-mint-01417102456000
Tennis-Point,2026-06-19 21:37:15,shoes,women,K-Swiss,"Hypercourt Express 3 Allcourtschuh Damen - weiß, lavendel",EU 39,196483942422,97.95,149.99,,€,in_stock,https://www.tennis-point.de/products/k-swiss-hypercourt-express-3-allcourtschuh-damen-weiss-lavendel-p0000004300301
Tennis-Point,2026-06-19 21:39:51,rackets,unisex,Dunlop,Dunlop LX 1000 Komfortschläger,L2,0045566182487,133.95,199.95,,€,in_stock,https://www.tennis-point.de/products/dunlop-dunlop-lx-1000-komfortschlaeger-01606802362000?_pos=304&_fid=7103f7f5b&_ss=c
Tennis-Point,2026-06-19 21:39:51,rackets,unisex,Dunlop,Dunlop LX 1000 Komfortschläger,L3,0045566182494,133.95,199.95,,€,in_stock,https://www.tennis-point.de/products/dunlop-dunlop-lx-1000-komfortschlaeger-01606802362000?_pos=304&_fid=7103f7f5b&_ss=c
Tennis-Point,2026-06-19 21:40:21,rackets,unisex,Wilson,Pro Staff Precision XL 110 Allroundschläger,L2,00097512852685,45.95,55.0,,€,in_stock,https://www.tennis-point.de/products/wilson-pro-staff-precision-xl-110-allroundschlaeger-00707504170000?_pos=300&_fid=7103f7f5b&_ss=c
Tennis-Point,2026-06-19 21:40:21,rackets,unisex,Wilson,Pro Staff Precision XL 110 Allroundschläger,L3,00097512852678,45.95,55.0,,€,in_stock,https://www.tennis-point.de/products/wilson-pro-staff-precision-xl-110-allroundschlaeger-00707504170000?_pos=300&_fid=7103f7f5b&_ss=c
Tennis-Point,2026-06-19 21:40:30,rackets,unisex,Wilson,Pro Staff Precision 100 Allroundschläger,L2,00097512850612,89.95,130.0,,€,in_stock,https://www.tennis-point.de/products/wilson-pro-staff-precision-100-allroundschlaeger-00707504167000?_pos=299&_fid=7103f7f5b&_ss=c
Tennis-Point,2026-06-19 21:40:30,rackets,unisex,Wilson,Pro Staff Precision 100 Allroundschläger,L3,00097512850582,89.95,130.0,,€,in_stock,https://www.tennis-point.de/products/wilson-pro-staff-precision-100-allroundschlaeger-00707504167000?_pos=299&_fid=7103f7f5b&_ss=c
Tennis-Point,2026-06-19 21:40:41,rackets,unisex,Dunlop,SX 300 Lite Turnierschläger,L2,045566178831,91.95,209.99,,€,out_of_stock,https://www.tennis-point.de/products/dunlop-sx-300-lite-turnierschlaeger-01605402261000?_pos=298&_fid=7103f7f5b&_ss=c
Tennis-Point,2026-06-19 21:40:41,rackets,unisex,Dunlop,SX 300 Lite Turnierschläger,L3,045566178848,91.95,209.99,,€,out_of_stock,https://www.tennis-point.de/products/dunlop-sx-300-lite-turnierschlaeger-01605402261000?_pos=298&_fid=7103f7f5b&_ss=c
Tennis-Point,2026-06-19 21:42:03,rackets,unisex,Head,Speed Pro Legend Turnierschläger,L2,0726423205272,135.95,300.0,,€,out_of_stock,https://www.tennis-point.de/products/head-speed-pro-legend-turnierschlaeger-00606704397000?_pos=289&_fid=7103f7f5b&_ss=c
Tennis-Point,2026-06-19 21:42:03,rackets,unisex,Head,Speed Pro Legend Turnierschläger,L3,0726423205289,135.95,300.0,,€,out_of_stock,https://www.tennis-point.de/products/head-speed-pro-legend-turnierschlaeger-00606704397000?_pos=289&_fid=7103f7f5b&_ss=c
Tennis-Point,2026-06-19 21:42:37,rackets,unisex,Dunlop,SX 300 LS Turnierschläger unbesaitet,L2,0045566182692,142.95,229.99,,€,in_stock,https://www.tennis-point.de/products/dunlop-sx-300-ls-turnierschlaeger-unbesaitet-01607502368000?_pos=285&_fid=7103f7f5b&_ss=c
Tennis-Point,2026-06-19 21:42:37,rackets,unisex,Dunlop,SX 300 LS Turnierschläger unbesaitet,L3,0045566182708,142.95,229.99,,€,in_stock,https://www.tennis-point.de/products/dunlop-sx-300-ls-turnierschlaeger-unbesaitet-01607502368000?_pos=285&_fid=7103f7f5b&_ss=c
Tennis-Point,2026-06-19 21:43:21,rackets,unisex,Wilson,Shift 99L V1 Turnierschläger,L2,00097512962506,169.95,250.0,,€,in_stock,https://www.tennis-point.de/products/wilson-shift-99l-v1-turnierschlaeger-00707004260000?_pos=280&_fid=7103f7f5b&_ss=c
Tennis-Point,2026-06-19 21:43:21,rackets,unisex,Wilson,Shift 99L V1 Turnierschläger,L3,00097512962513,169.95,250.0,,€,in_stock,https://www.tennis-point.de/products/wilson-shift-99l-v1-turnierschlaeger-00707004260000?_pos=280&_fid=7103f7f5b&_ss=c
Tennis-Point,2026-06-19 21:44:06,rackets,unisex,Dunlop,FX 500 Superlite Allroundschläger,L2,045566185181,113.95,209.99,,€,in_stock,https://www.tennis-point.de/products/dunlop-fx-500-superlite-allroundschlaeger-p0000001521201?_pos=275&_fid=7103f7f5b&_ss=c
Tennis-Point,2026-06-19 21:44:06,rackets,unisex,Dunlop,FX 500 Superlite Allroundschläger,L3,045566185198,113.95,209.99,,€,in_stock,https://www.tennis-point.de/products/dunlop-fx-500-superlite-allroundschlaeger-p0000001521201?_pos=275&_fid=7103f7f5b&_ss=c
Tennis-Point,2026-06-19 21:44:22,rackets,unisex,Head,Boom MP Neon 2025 Turnierschläger,L2,198772103576,129.95,260.0,,€,out_of_stock,https://www.tennis-point.de/products/head-boom-mp-neon-2025-turnierschlaeger-00607004575000?_pos=273&_fid=7103f7f5b&_ss=c
Tennis-Point,2026-06-19 21:44:22,rackets,unisex,Head,Boom MP Neon 2025 Turnierschläger,L3,198772103583,129.95,260.0,,€,out_of_stock,https://www.tennis-point.de/products/head-boom-mp-neon-2025-turnierschlaeger-00607004575000?_pos=273&_fid=7103f7f5b&_ss=c
Tennis-Point,2026-06-19 21:44:48,shoes,women,K-Swiss,"Hypercourt Express 2 Sandplatzschuh Damen-Hellblau,Weiß",EU 39,0196483548136,86.95,149.99,,€,out_of_stock,https://www.tennis-point.de/products/k-swiss-hypercourt-express-2-sandplatzschuh-damen-hellblauweiss-01416802381000
Tennis-Point,2026-06-19 21:45:16,shoes,women,K-Swiss,"Express Light 3 Sandplatzschuh Damen - hellgrau, flieder",EU 39,196483439755,53.95,120.0,,€,out_of_stock,https://www.tennis-point.de/products/k-swiss-express-light-3-sandplatzschuh-damen-hellgrau-flieder-01416602356000
Tennis-Point,2026-06-19 21:45:27,shoes,women,K-Swiss,"Hypercourt Supreme 2 Sandplatzschuh Damen - schwarz, mint",EU 39,0196483825428,109.95,169.99,,€,out_of_stock,https://www.tennis-point.de/products/k-swiss-hypercourt-supreme-2-sandplatzschuh-damen-schwarz-mint-01417102450000
Tennis-Point,2026-06-19 21:47:32,shoes,women,K-Swiss,"Express Light 3 Sandplatzschuh Damen - weiß, türkis",EU 39,0196483824827,69.95,119.99,,€,out_of_stock,https://www.tennis-point.de/products/k-swiss-express-light-3-sandplatzschuh-damen-weiss-tuerkis-01417102455000
Tennis-Point,2026-06-19 21:48:29,shoes,women,K-Swiss,"Hypercourt Express 2 Sandplatzschuh Damen-Weiß,Hellblau",EU 39,0196483719079,89.95,139.99,,€,out_of_stock,https://www.tennis-point.de/products/k-swiss-hypercourt-express-2-sandplatzschuh-damen-weisshellblau-01417502424000
Tennis-Point,2026-06-19 21:49:51,rackets,unisex,Wilson,Clash 100 Pro V3.0 Reverse Turnierschläger unbesaitet,L2,199073010891,189.95,250.0,,€,in_stock,https://www.tennis-point.de/products/wilson-clash-100-pro-v30-reverse-turnierschlaeger-unbesaitet-00707604323000?_pos=271&_fid=7103f7f5b&_ss=c
Tennis-Point,2026-06-19 21:49:51,rackets,unisex,Wilson,Clash 100 Pro V3.0 Reverse Turnierschläger unbesaitet,L3,199073010907,189.95,250.0,,€,in_stock,https://www.tennis-point.de/products/wilson-clash-100-pro-v30-reverse-turnierschlaeger-unbesaitet-00707604323000?_pos=271&_fid=7103f7f5b&_ss=c
Tennis-Point,2026-06-19 21:50:45,rackets,unisex,Dunlop,CX 200 Limited Turnierschläger,L2,0045566184634,165.95,259.99,,€,in_stock,https://www.tennis-point.de/products/dunlop-cx-200-limited-turnierschlaeger-01607102412000?_pos=265&_fid=7103f7f5b&_ss=c
Tennis-Point,2026-06-19 21:50:45,rackets,unisex,Dunlop,CX 200 Limited Turnierschläger,L3,0045566184641,165.95,259.99,,€,in_stock,https://www.tennis-point.de/products/dunlop-cx-200-limited-turnierschlaeger-01607102412000?_pos=265&_fid=7103f7f5b&_ss=c
Tennis-Point,2026-06-19 21:51:00,rackets,unisex,Dunlop,SX 300 LS Turnierschläger,L2,0045566184740,149.95,229.99,,€,in_stock,https://www.tennis-point.de/products/dunlop-sx-300-ls-turnierschlaeger-01607002407000?_pos=263&_fid=7103f7f5b&_ss=c
Tennis-Point,2026-06-19 21:51:00,rackets,unisex,Dunlop,SX 300 LS Turnierschläger,L3,0045566184757,149.95,229.99,,€,in_stock,https://www.tennis-point.de/products/dunlop-sx-300-ls-turnierschlaeger-01607002407000?_pos=263&_fid=7103f7f5b&_ss=c
Tennis-Point,2026-06-19 21:51:16,rackets,unisex,Head,Speed MP L 2024 Turnierschläger unbesaitet,L2,724794926246,151.95,250.0,,€,in_stock,https://www.tennis-point.de/products/head-speed-mp-l-2024-turnierschlaeger-unbesaitet-00606604349000?_pos=261&_fid=7103f7f5b&_ss=c
Tennis-Point,2026-06-19 21:51:16,rackets,unisex,Head,Speed MP L 2024 Turnierschläger unbesaitet,L3,724794926253,151.95,250.0,,€,out_of_stock,https://www.tennis-point.de/products/head-speed-mp-l-2024-turnierschlaeger-unbesaitet-00606604349000?_pos=261&_fid=7103f7f5b&_ss=c
Tennis-Point,2026-06-19 21:51:24,rackets,unisex,Head,Radical Pro Turnierschläger,L2,724794623947,132.95,300.0,,€,in_stock,https://www.tennis-point.de/products/head-radical-pro-turnierschlaeger-00606204252000?_pos=260&_fid=7103f7f5b&_ss=c
Tennis-Point,2026-06-19 21:51:24,rackets,unisex,Head,Radical Pro Turnierschläger,L3,724794623954,132.95,300.0,,€,out_of_stock,https://www.tennis-point.de/products/head-radical-pro-turnierschlaeger-00606204252000?_pos=260&_fid=7103f7f5b&_ss=c
Tennis-Point,2026-06-19 21:51:41,rackets,unisex,Wilson,Clash Noir 100 Pro V2.0 Turnierschläger,L2,00097512727761,137.95,250.0,,€,out_of_stock,https://www.tennis-point.de/products/wilson-clash-noir-100-pro-v20-turnierschlaeger-00706604065000?_pos=258&_fid=7103f7f5b&_ss=c
Tennis-Point,2026-06-19 21:51:41,rackets,unisex,Wilson,Clash Noir 100 Pro V2.0 Turnierschläger,L3,00097512727778,137.95,250.0,,€,out_of_stock,https://www.tennis-point.de/products/wilson-clash-noir-100-pro-v20-turnierschlaeger-00706604065000?_pos=258&_fid=7103f7f5b&_ss=c
Tennis-Point,2026-06-19 21:51:50,rackets,unisex,Dunlop,CX 200 LS Turnierschläger,L2,045566180919,157.95,239.99,,€,in_stock,https://www.tennis-point.de/products/dunlop-cx-200-ls-turnierschlaeger-01606602340000?_pos=257&_fid=7103f7f5b&_ss=c
Tennis-Point,2026-06-19 21:51:50,rackets,unisex,Dunlop,CX 200 LS Turnierschläger,L3,045566180926,157.95,239.99,,€,in_stock,https://www.tennis-point.de/products/dunlop-cx-200-ls-turnierschlaeger-01606602340000?_pos=257&_fid=7103f7f5b&_ss=c
Tennis-Point,2026-06-19 21:52:09,rackets,unisex,Dunlop,CX 200 Tour 16x19 Turnierschläger,L2,045566180841,176.95,269.99,,€,in_stock,https://www.tennis-point.de/products/dunlop-cx-200-tour-16x19-turnierschlaeger-01606602343000?_pos=255&_fid=7103f7f5b&_ss=c
Tennis-Point,2026-06-19 21:52:09,rackets,unisex,Dunlop,CX 200 Tour 16x19 Turnierschläger,L3,045566180858,176.95,269.99,,€,in_stock,https://www.tennis-point.de/products/dunlop-cx-200-tour-16x19-turnierschlaeger-01606602343000?_pos=255&_fid=7103f7f5b&_ss=c
Tennis-Point,2026-06-19 21:52:18,rackets,unisex,Head,Graphene 360+ Radical Pro (2021) Turnierschläger unbesaitet,L2,724794047323,109.95,270.0,,€,out_of_stock,https://www.tennis-point.de/products/head-graphene-360-radical-pro-2021-turnierschlaeger-unbesaitet-00605403999000?_pos=254&_fid=7103f7f5b&_ss=c
Tennis-Point,2026-06-19 21:52:18,rackets,unisex,Head,Graphene 360+ Radical Pro (2021) Turnierschläger unbesaitet,L3,724794047330,109.95,270.0,,€,out_of_stock,https://www.tennis-point.de/products/head-graphene-360-radical-pro-2021-turnierschlaeger-unbesaitet-00605403999000?_pos=254&_fid=7103f7f5b&_ss=c
Tennis-Point,2026-06-19 21:52:24,rackets,unisex,Head,Prestige Tour 2023 Turnierschläger,L2,724794924242,203.95,300.0,,€,in_stock,https://www.tennis-point.de/products/head-prestige-tour-2023-turnierschlaeger-00606404319000?_pos=253&_fid=7103f7f5b&_ss=c
Tennis-Point,2026-06-19 21:52:24,rackets,unisex,Head,Prestige Tour 2023 Turnierschläger,L3,724794924259,203.95,300.0,,€,in_stock,https://www.tennis-point.de/products/head-prestige-tour-2023-turnierschlaeger-00606404319000?_pos=253&_fid=7103f7f5b&_ss=c
Tennis-Point,2026-06-19 21:52:34,rackets,unisex,Yonex,Astrel 105 Turnierschläger,L2,4550468678090,195.95,299.9,,€,out_of_stock,https://www.tennis-point.de/products/yonex-astrel-105-turnierschlaeger-01906401937000?_pos=252&_fid=7103f7f5b&_ss=c
Tennis-Point,2026-06-19 21:52:34,rackets,unisex,Yonex,Astrel 105 Turnierschläger,L3,4550468678106,195.95,299.9,,€,in_stock,https://www.tennis-point.de/products/yonex-astrel-105-turnierschlaeger-01906401937000?_pos=252&_fid=7103f7f5b&_ss=c
Tennis-Point,2026-06-19 21:53:15,rackets,unisex,Wilson,Triad Three Komfortschläger (besaitet),L2,00097512451130,189.95,240.0,,€,in_stock,https://www.tennis-point.de/products/wilson-triad-three-komfortschlaeger-besaitet-00705503705000?_pos=247&_fid=7103f7f5b&_ss=c&variant=43962332643370
Tennis-Point,2026-06-19 21:53:15,rackets,unisex,Wilson,Triad Three Komfortschläger (besaitet),L3,00097512451147,189.95,240.0,,€,in_stock,https://www.tennis-point.de/products/wilson-triad-three-komfortschlaeger-besaitet-00705503705000?_pos=247&_fid=7103f7f5b&_ss=c&variant=43962332643370
Tennis-Point,2026-06-19 21:53:43,rackets,unisex,Wilson,Pro Staff Precision 103 Allroundschläger,L2,00097512850575,99.95,110.0,,€,in_stock,https://www.tennis-point.de/products/wilson-pro-staff-precision-103-allroundschlaeger-00707504168000?_pos=244&_fid=7103f7f5b&_ss=c
Tennis-Point,2026-06-19 21:53:43,rackets,unisex,Wilson,Pro Staff Precision 103 Allroundschläger,L3,00097512850551,99.95,110.0,,€,in_stock,https://www.tennis-point.de/products/wilson-pro-staff-precision-103-allroundschlaeger-00707504168000?_pos=244&_fid=7103f7f5b&_ss=c
Tennis-Point,2026-06-19 21:53:58,rackets,unisex,Head,Instinct Team 2025 Turnierschläger,L2,726423348559,119.95,150.0,,€,in_stock,https://www.tennis-point.de/products/head-instinct-team-2025-turnierschlaeger-00607504516000?_pos=242&_fid=7103f7f5b&_ss=c
Tennis-Point,2026-06-19 21:53:58,rackets,unisex,Head,Instinct Team 2025 Turnierschläger,L3,726423348566,119.95,150.0,,€,out_of_stock,https://www.tennis-point.de/products/head-instinct-team-2025-turnierschlaeger-00607504516000?_pos=242&_fid=7103f7f5b&_ss=c
Tennis-Point,2026-06-19 21:54:16,rackets,unisex,Yonex,Percept 97 (310g) Turnierschläger,L2,4550675268763,269.95,309.95,,€,in_stock,https://www.tennis-point.de/products/yonex-percept-97-310g-turnierschlaeger-01907101986000?_pos=240&_fid=7103f7f5b&_ss=c
Tennis-Point,2026-06-19 21:54:16,rackets,unisex,Yonex,Percept 97 (310g) Turnierschläger,L3,4550675268770,269.95,309.95,,€,in_stock,https://www.tennis-point.de/products/yonex-percept-97-310g-turnierschlaeger-01907101986000?_pos=240&_fid=7103f7f5b&_ss=c
Tennis-Point,2026-06-19 21:54:36,shoes,women,K-Swiss,"Hypercourt Express 2 Sandplatzschuh Damen-Weiß,Koralle",EU 39,0196483713633,59.95,139.99,,€,out_of_stock,https://www.tennis-point.de/products/k-swiss-hypercourt-express-2-sandplatzschuh-damen-weisskoralle-01417502423000
Tennis-Point,2026-06-19 21:57:12,shoes,women,Head,"Sprint Team 3.5 Sandplatzschuh Damen-Pink,Limette",EU 39,724794935743,69.95,110.0,,€,out_of_stock,https://www.tennis-point.de/products/head-sprint-team-35-sandplatzschuh-damen-pinklimette-00617502024000
Tennis-Point,2026-06-19 21:57:58,shoes,women,K-Swiss,"Hypercourt Express 3 Sandplatzschuh Damen - weiß, hellblau",EU 39,199286025545,109.95,149.99,,€,in_stock,https://www.tennis-point.de/products/k-swiss-hypercourt-express-3-sandplatzschuh-damen-weiss-hellblau-p0000004300402
Tennis-Point,2026-06-19 21:58:39,shoes,women,K-Swiss,"Express Light 3 Sandplatzschuh Damen - hellblau, weiß",EU 39,196483549812,67.95,119.99,,€,out_of_stock,https://www.tennis-point.de/products/k-swiss-express-light-3-sandplatzschuh-damen-hellblau-weiss-01416802399000
Tennis-Point,2026-06-19 21:59:06,shoes,women,K-Swiss,"Express Light 3 Sandplatzschuh Damen - weiß, flieder",EU 39,0196483715903,56.95,119.99,,€,out_of_stock,https://www.tennis-point.de/products/k-swiss-express-light-3-sandplatzschuh-damen-weiss-flieder-01417502426000
Tennis-Point,2026-06-19 21:59:42,shoes,women,K-Swiss,"Express Light 3 Teppichschuh Damen-Weiß,Mehrfarbig",EU 39,196483927870,67.95,119.95,,€,in_stock,https://www.tennis-point.de/products/k-swiss-express-light-3-teppichschuh-damen-weissmehrfarbig-01417102481000
Tennis-Point,2026-06-19 22:00:09,rackets,unisex,Dunlop,SX 300 Turnierschläger,L2,0045566184702,159.95,239.99,,€,in_stock,https://www.tennis-point.de/products/dunlop-sx-300-turnierschlaeger-01607002406000?_pos=236&_fid=43b718c78&_ss=c
Tennis-Point,2026-06-19 22:00:09,rackets,unisex,Dunlop,SX 300 Turnierschläger,L3,0045566184719,159.95,239.99,,€,in_stock,https://www.tennis-point.de/products/dunlop-sx-300-turnierschlaeger-01607002406000?_pos=236&_fid=43b718c78&_ss=c
Tennis-Point,2026-06-19 22:00:17,rackets,unisex,Dunlop,FX 500 Tour Turnierschläger unbesaitet,L2,045566185037,139.95,249.99,,€,in_stock,https://www.tennis-point.de/products/dunlop-fx-500-tour-turnierschlaeger-unbesaitet-p0000001520301?_pos=235&_fid=43b718c78&_ss=c
Tennis-Point,2026-06-19 22:00:17,rackets,unisex,Dunlop,FX 500 Tour Turnierschläger unbesaitet,L3,045566185044,139.95,249.99,,€,in_stock,https://www.tennis-point.de/products/dunlop-fx-500-tour-turnierschlaeger-unbesaitet-p0000001520301?_pos=235&_fid=43b718c78&_ss=c
Tennis-Point,2026-06-19 22:00:38,rackets,unisex,Wilson,RF 01 Pro Laver Cup 2025 Turnierschläger unbesaitet,L2,00097512931779,194.95,300.0,,€,out_of_stock,https://www.tennis-point.de/products/wilson-rf-01-pro-laver-cup-2025-turnierschlaeger-unbesaitet-00707104232000?_pos=233&_fid=43b718c78&_ss=c
Tennis-Point,2026-06-19 22:00:38,rackets,unisex,Wilson,RF 01 Pro Laver Cup 2025 Turnierschläger unbesaitet,L3,00097512931762,194.95,300.0,,€,out_of_stock,https://www.tennis-point.de/products/wilson-rf-01-pro-laver-cup-2025-turnierschlaeger-unbesaitet-00707104232000?_pos=233&_fid=43b718c78&_ss=c
Tennis-Point,2026-06-19 22:01:13,rackets,unisex,Wilson,Ultra 100L V4.0 Bright Neon Blue Turnierschläger,L2,00097512768580,129.95,220.0,,€,in_stock,https://www.tennis-point.de/products/wilson-ultra-100l-v40-bright-neon-blue-turnierschlaeger-00706404006000?_pos=229&_fid=43b718c78&_ss=c
Tennis-Point,2026-06-19 22:01:13,rackets,unisex,Wilson,Ultra 100L V4.0 Bright Neon Blue Turnierschläger,L3,00097512768597,129.95,220.0,,€,in_stock,https://www.tennis-point.de/products/wilson-ultra-100l-v40-bright-neon-blue-turnierschlaeger-00706404006000?_pos=229&_fid=43b718c78&_ss=c
Tennis-Point,2026-06-19 22:01:41,rackets,unisex,Wilson,Pro Staff Six One Team Legend Turnierschläger,L2,00097512774833,149.95,250.0,,€,out_of_stock,https://www.tennis-point.de/products/wilson-pro-staff-six-one-team-legend-turnierschlaeger-00706404018000?_pos=226&_fid=43b718c78&_ss=c
Tennis-Point,2026-06-19 22:01:41,rackets,unisex,Wilson,Pro Staff Six One Team Legend Turnierschläger,L3,00097512774826,149.95,250.0,,€,out_of_stock,https://www.tennis-point.de/products/wilson-pro-staff-six-one-team-legend-turnierschlaeger-00706404018000?_pos=226&_fid=43b718c78&_ss=c
Tennis-Point,2026-06-19 22:01:48,rackets,unisex,Dunlop,SX 300 Lite Turnierschläger,L2,0045566182739,124.95,209.99,,€,out_of_stock,https://www.tennis-point.de/products/dunlop-sx-300-lite-turnierschlaeger-01607502369000?_pos=225&_fid=43b718c78&_ss=c
Tennis-Point,2026-06-19 22:01:48,rackets,unisex,Dunlop,SX 300 Lite Turnierschläger,L3,0045566182746,124.95,209.99,,€,in_stock,https://www.tennis-point.de/products/dunlop-sx-300-lite-turnierschlaeger-01607502369000?_pos=225&_fid=43b718c78&_ss=c
Tennis-Point,2026-06-19 22:02:06,rackets,unisex,Wilson,Shift 99 V1 Session Soire RG 2025 Turnierschläger,L2,097512892100,169.95,270.0,,€,in_stock,https://www.tennis-point.de/products/wilson-shift-99-v1-session-soire-rg-2025-turnierschlaeger-00707004255000?_pos=223&_fid=43b718c78&_ss=c
Tennis-Point,2026-06-19 22:02:06,rackets,unisex,Wilson,Shift 99 V1 Session Soire RG 2025 Turnierschläger,L3,097512892094,169.95,270.0,,€,in_stock,https://www.tennis-point.de/products/wilson-shift-99-v1-session-soire-rg-2025-turnierschlaeger-00707004255000?_pos=223&_fid=43b718c78&_ss=c
Tennis-Point,2026-06-19 22:02:32,rackets,unisex,Head,Radical Pro 18x20 2025 Turnierschläger,L2,0198772071653,189.95,299.95,,€,in_stock,https://www.tennis-point.de/products/head-radical-pro-18x20-2025-turnierschlaeger-00607504564000?_pos=220&_fid=43b718c78&_ss=c
Tennis-Point,2026-06-19 22:02:32,rackets,unisex,Head,Radical Pro 18x20 2025 Turnierschläger,L3,0198772071660,189.95,299.95,,€,in_stock,https://www.tennis-point.de/products/head-radical-pro-18x20-2025-turnierschlaeger-00607504564000?_pos=220&_fid=43b718c78&_ss=c
Tennis-Point,2026-06-19 22:02:42,rackets,unisex,Wilson,Roland Garros Triumph TNS Allroundschläger unbesaitet,L2,00097512933360,79.95,90.0,,€,in_stock,https://www.tennis-point.de/products/wilson-roland-garros-triumph-tns-allroundschlaeger-unbesaitet-00707604304000?_pos=219&_fid=43b718c78&_ss=c
Tennis-Point,2026-06-19 22:02:42,rackets,unisex,Wilson,Roland Garros Triumph TNS Allroundschläger unbesaitet,L3,00097512933353,79.95,90.0,,€,in_stock,https://www.tennis-point.de/products/wilson-roland-garros-triumph-tns-allroundschlaeger-unbesaitet-00707604304000?_pos=219&_fid=43b718c78&_ss=c
Tennis-Point,2026-06-19 22:02:46,rackets,unisex,Wilson,Blade 100L V9 Turnierschläger,L2,00097512962520,159.95,240.0,,€,in_stock,https://www.tennis-point.de/products/wilson-blade-100l-v9-turnierschlaeger-00707004259000?_pos=218&_fid=43b718c78&_ss=c
Tennis-Point,2026-06-19 22:02:46,rackets,unisex,Wilson,Blade 100L V9 Turnierschläger,L3,00097512962544,159.95,240.0,,€,in_stock,https://www.tennis-point.de/products/wilson-blade-100l-v9-turnierschlaeger-00707004259000?_pos=218&_fid=43b718c78&_ss=c
Tennis-Point,2026-06-19 22:02:58,rackets,unisex,Dunlop,CX 200 OS Turnierschläger,L2,045566180940,146.95,229.99,,€,in_stock,https://www.tennis-point.de/products/dunlop-cx-200-os-turnierschlaeger-01606602341000?_pos=217&_fid=43b718c78&_ss=c
Tennis-Point,2026-06-19 22:02:58,rackets,unisex,Dunlop,CX 200 OS Turnierschläger,L3,045566180957,146.95,229.99,,€,in_stock,https://www.tennis-point.de/products/dunlop-cx-200-os-turnierschlaeger-01606602341000?_pos=217&_fid=43b718c78&_ss=c
Tennis-Point,2026-06-19 22:03:06,rackets,unisex,Wilson,Pro Staff RXT 105 Allroundschläger,L2,00097512850537,67.95,85.0,,€,in_stock,https://www.tennis-point.de/products/wilson-pro-staff-rxt-105-allroundschlaeger-00707504169000?_pos=216&_fid=43b718c78&_ss=c
Tennis-Point,2026-06-19 22:03:06,rackets,unisex,Wilson,Pro Staff RXT 105 Allroundschläger,L3,00097512850506,67.95,85.0,,€,in_stock,https://www.tennis-point.de/products/wilson-pro-staff-rxt-105-allroundschlaeger-00707504169000?_pos=216&_fid=43b718c78&_ss=c
Tennis-Point,2026-06-19 22:03:29,rackets,unisex,Wilson,Blade Feel 100 Allroundschläger unbesaitet,L2,00097512939546,109.95,130.0,,€,in_stock,https://www.tennis-point.de/products/wilson-blade-feel-100-allroundschlaeger-unbesaitet-00707604310000?_pos=213&_fid=43b718c78&_ss=c
Tennis-Point,2026-06-19 22:03:29,rackets,unisex,Wilson,Blade Feel 100 Allroundschläger unbesaitet,L3,00097512939539,109.95,130.0,,€,in_stock,https://www.tennis-point.de/products/wilson-blade-feel-100-allroundschlaeger-unbesaitet-00707604310000?_pos=213&_fid=43b718c78&_ss=c
Tennis-Point,2026-06-19 22:03:56,rackets,unisex,Wilson,Burn 100 V5 Bright Neon Orange Turnierschläger,L2,00097512742313,119.95,200.0,,€,out_of_stock,https://www.tennis-point.de/products/wilson-burn-100-v5-bright-neon-orange-turnierschlaeger-00706404007000?_pos=210&_fid=43b718c78&_ss=c
Tennis-Point,2026-06-19 22:03:56,rackets,unisex,Wilson,Burn 100 V5 Bright Neon Orange Turnierschläger,L3,00097512742283,119.95,200.0,,€,in_stock,https://www.tennis-point.de/products/wilson-burn-100-v5-bright-neon-orange-turnierschlaeger-00706404007000?_pos=210&_fid=43b718c78&_ss=c
Tennis-Point,2026-06-19 22:04:04,rackets,unisex,Wilson,Noir Shift 99 V1 Turnierschläger,L2,00097512928526,154.95,270.0,,€,in_stock,https://www.tennis-point.de/products/wilson-noir-shift-99-v1-turnierschlaeger-00707504143000?_pos=209&_fid=43b718c78&_ss=c
Tennis-Point,2026-06-19 22:04:04,rackets,unisex,Wilson,Noir Shift 99 V1 Turnierschläger,L3,00097512928533,154.95,270.0,,€,in_stock,https://www.tennis-point.de/products/wilson-noir-shift-99-v1-turnierschlaeger-00707504143000?_pos=209&_fid=43b718c78&_ss=c
Tennis-Point,2026-06-19 22:04:19,rackets,unisex,Dunlop,FX 500 Lite Allroundschläger,L2,045566185150,119.95,219.99,,€,in_stock,https://www.tennis-point.de/products/dunlop-fx-500-lite-allroundschlaeger-p0000001521601?_pos=207&_fid=43b718c78&_ss=c
Tennis-Point,2026-06-19 22:04:19,rackets,unisex,Dunlop,FX 500 Lite Allroundschläger,L3,045566185167,119.95,219.99,,€,in_stock,https://www.tennis-point.de/products/dunlop-fx-500-lite-allroundschlaeger-p0000001521601?_pos=207&_fid=43b718c78&_ss=c
Tennis-Point,2026-06-19 22:04:28,rackets,unisex,Dunlop,Dunlop LX 800 Komfortschläger,L2,0045566182456,129.95,179.95,,€,in_stock,https://www.tennis-point.de/products/dunlop-dunlop-lx-800-komfortschlaeger-01606702363000?_pos=206&_fid=43b718c78&_ss=c
Tennis-Point,2026-06-19 22:04:28,rackets,unisex,Dunlop,Dunlop LX 800 Komfortschläger,L3,0045566182463,129.95,179.95,,€,in_stock,https://www.tennis-point.de/products/dunlop-dunlop-lx-800-komfortschlaeger-01606702363000?_pos=206&_fid=43b718c78&_ss=c
Tennis-Point,2026-06-19 22:07:58,shoes,women,K-Swiss,"Express Light 3 Sandplatzschuh Damen - weiß, lavendel",EU 39,196483943993,73.95,119.99,,€,in_stock,https://www.tennis-point.de/products/k-swiss-express-light-3-sandplatzschuh-damen-weiss-lavendel-a0000004301202
Tennis-Point,2026-06-19 22:10:09,rackets,unisex,Dunlop,SX 300 Lite Turnierschläger unbesaitet,L2,0045566184788,139.95,209.99,,€,in_stock,https://www.tennis-point.de/products/dunlop-sx-300-lite-turnierschlaeger-unbesaitet-01607002408000?_pos=202&_fid=43b718c78&_ss=c
Tennis-Point,2026-06-19 22:10:09,rackets,unisex,Dunlop,SX 300 Lite Turnierschläger unbesaitet,L3,0045566184795,139.95,209.99,,€,in_stock,https://www.tennis-point.de/products/dunlop-sx-300-lite-turnierschlaeger-unbesaitet-01607002408000?_pos=202&_fid=43b718c78&_ss=c
Tennis-Point,2026-06-19 22:20:05,rackets,unisex,Dunlop,FX 500 Tour Turnierschläger,L2,0045566179630,114.95,229.99,,€,in_stock,https://www.tennis-point.de/products/dunlop-fx-500-tour-turnierschlaeger-01606202306000?_pos=170&_fid=1e7c17b1d&_ss=c
Tennis-Point,2026-06-19 22:20:05,rackets,unisex,Dunlop,FX 500 Tour Turnierschläger,L3,0045566179647,114.95,229.99,,€,in_stock,https://www.tennis-point.de/products/dunlop-fx-500-tour-turnierschlaeger-01606202306000?_pos=170&_fid=1e7c17b1d&_ss=c
Tennis-Point,2026-06-19 22:20:15,rackets,unisex,Wilson,RF 01 Future Lite Turnierschläger,L2,00097512852982,158.95,240.0,,€,in_stock,https://www.tennis-point.de/products/wilson-rf-01-future-lite-turnierschlaeger-00707504219000?_pos=169&_fid=1e7c17b1d&_ss=c
Tennis-Point,2026-06-19 22:20:15,rackets,unisex,Wilson,RF 01 Future Lite Turnierschläger,L3,00097512852975,158.95,240.0,,€,in_stock,https://www.tennis-point.de/products/wilson-rf-01-future-lite-turnierschlaeger-00707504219000?_pos=169&_fid=1e7c17b1d&_ss=c
Tennis-Point,2026-06-19 22:20:25,rackets,unisex,Wilson,Blade Feel 103 Allroundschläger unbesaitet,L2,00097512939508,75.95,110.0,,€,in_stock,https://www.tennis-point.de/products/wilson-blade-feel-103-allroundschlaeger-unbesaitet-00707604309000?_pos=168&_fid=1e7c17b1d&_ss=c
Tennis-Point,2026-06-19 22:20:25,rackets,unisex,Wilson,Blade Feel 103 Allroundschläger unbesaitet,L3,00097512939515,75.95,110.0,,€,in_stock,https://www.tennis-point.de/products/wilson-blade-feel-103-allroundschlaeger-unbesaitet-00707604309000?_pos=168&_fid=1e7c17b1d&_ss=c
Tennis-Point,2026-06-19 22:20:34,rackets,unisex,Head,Prestige MP L 2023 Turnierschläger,L2,724794924440,194.95,280.0,,€,in_stock,https://www.tennis-point.de/products/head-prestige-mp-l-2023-turnierschlaeger-00606404321000?_pos=167&_fid=1e7c17b1d&_ss=c
Tennis-Point,2026-06-19 22:20:34,rackets,unisex,Head,Prestige MP L 2023 Turnierschläger,L3,724794924457,194.95,280.0,,€,in_stock,https://www.tennis-point.de/products/head-prestige-mp-l-2023-turnierschlaeger-00606404321000?_pos=167&_fid=1e7c17b1d&_ss=c
Tennis-Point,2026-06-19 22:20:50,rackets,unisex,Dunlop,FX 500 LS Turnierschläger,L2,045566185112,162.95,229.99,,€,out_of_stock,https://www.tennis-point.de/products/dunlop-fx-500-ls-turnierschlaeger-p0000001521401?_pos=165&_fid=1e7c17b1d&_ss=c
Tennis-Point,2026-06-19 22:20:50,rackets,unisex,Dunlop,FX 500 LS Turnierschläger,L3,045566185129,162.95,229.99,,€,in_stock,https://www.tennis-point.de/products/dunlop-fx-500-ls-turnierschlaeger-p0000001521401?_pos=165&_fid=1e7c17b1d&_ss=c
Tennis-Point,2026-06-19 22:20:59,rackets,unisex,Wilson,Pro Staff 97L V14 Turnierschläger,L2,00097512962568,169.95,320.0,,€,in_stock,https://www.tennis-point.de/products/wilson-pro-staff-97l-v14-turnierschlaeger-00707004258000?_pos=164&_fid=1e7c17b1d&_ss=c
Tennis-Point,2026-06-19 22:20:59,rackets,unisex,Wilson,Pro Staff 97L V14 Turnierschläger,L3,00097512962575,169.95,320.0,,€,in_stock,https://www.tennis-point.de/products/wilson-pro-staff-97l-v14-turnierschlaeger-00707004258000?_pos=164&_fid=1e7c17b1d&_ss=c
Tennis-Point,2026-06-19 22:21:07,rackets,unisex,Yonex,VCORE 98L (2026) Turnierschläger unbesaitet,L2,4550675389154,209.95,289.9,,€,in_stock,https://www.tennis-point.de/products/yonex-vcore-98l-2026-turnierschlaeger-unbesaitet-p0000004730701?_pos=163&_fid=1e7c17b1d&_ss=c
Tennis-Point,2026-06-19 22:21:07,rackets,unisex,Yonex,VCORE 98L (2026) Turnierschläger unbesaitet,L3,4550675389161,209.95,289.9,,€,out_of_stock,https://www.tennis-point.de/products/yonex-vcore-98l-2026-turnierschlaeger-unbesaitet-p0000004730701?_pos=163&_fid=1e7c17b1d&_ss=c
Tennis-Point,2026-06-19 22:21:25,rackets,unisex,Wilson,Clash 98 Pro V2.0 Turnierschläger,L2,00097512598392,149.95,270.0,,€,out_of_stock,https://www.tennis-point.de/products/wilson-clash-98-pro-v20-turnierschlaeger-00705503742000?_pos=161&_fid=1e7c17b1d&_ss=c
Tennis-Point,2026-06-19 22:21:25,rackets,unisex,Wilson,Clash 98 Pro V2.0 Turnierschläger,L3,00097512598408,149.95,270.0,,€,in_stock,https://www.tennis-point.de/products/wilson-clash-98-pro-v20-turnierschlaeger-00705503742000?_pos=161&_fid=1e7c17b1d&_ss=c
Tennis-Point,2026-06-19 22:21:33,rackets,unisex,Wilson,Pro Staff 97L V14 Turnierschläger unbesaitet,L2,00097512684026,149.95,280.0,,€,out_of_stock,https://www.tennis-point.de/products/wilson-pro-staff-97l-v14-turnierschlaeger-unbesaitet-00706203877000?_pos=160&_fid=1e7c17b1d&_ss=c
Tennis-Point,2026-06-19 22:21:33,rackets,unisex,Wilson,Pro Staff 97L V14 Turnierschläger unbesaitet,L3,00097512684040,149.95,280.0,,€,out_of_stock,https://www.tennis-point.de/products/wilson-pro-staff-97l-v14-turnierschlaeger-unbesaitet-00706203877000?_pos=160&_fid=1e7c17b1d&_ss=c
Tennis-Point,2026-06-19 22:21:39,rackets,unisex,Wilson,Ultra 100 V4.0 Turnierschläger,L2,00097512640244,147.95,250.0,,€,in_stock,https://www.tennis-point.de/products/wilson-ultra-100-v40-turnierschlaeger-00706003840000?_pos=159&_fid=1e7c17b1d&_ss=c
Tennis-Point,2026-06-19 22:21:39,rackets,unisex,Wilson,Ultra 100 V4.0 Turnierschläger,L3,00097512640251,147.95,250.0,,€,out_of_stock,https://www.tennis-point.de/products/wilson-ultra-100-v40-turnierschlaeger-00706003840000?_pos=159&_fid=1e7c17b1d&_ss=c
Tennis-Point,2026-06-19 22:22:04,rackets,unisex,Wilson,Shift 99 Pro V1 Turnierschläger unbesaitet,L2,00097512727990,159.95,270.0,,€,in_stock,https://www.tennis-point.de/products/wilson-shift-99-pro-v1-turnierschlaeger-unbesaitet-00706303997000?_pos=156&_fid=1e7c17b1d&_ss=c
Tennis-Point,2026-06-19 22:22:04,rackets,unisex,Wilson,Shift 99 Pro V1 Turnierschläger unbesaitet,L3,00097512727983,159.95,270.0,,€,in_stock,https://www.tennis-point.de/products/wilson-shift-99-pro-v1-turnierschlaeger-unbesaitet-00706303997000?_pos=156&_fid=1e7c17b1d&_ss=c
Tennis-Point,2026-06-19 22:22:13,rackets,unisex,Wilson,Roland Garros Elite Allroundschläger unbesaitet,L2,00097512933339,44.95,50.0,,€,in_stock,https://www.tennis-point.de/products/wilson-roland-garros-elite-allroundschlaeger-unbesaitet-00707604305000?_pos=155&_fid=1e7c17b1d&_ss=c
Tennis-Point,2026-06-19 22:22:13,rackets,unisex,Wilson,Roland Garros Elite Allroundschläger unbesaitet,L3,00097512933346,44.95,50.0,,€,in_stock,https://www.tennis-point.de/products/wilson-roland-garros-elite-allroundschlaeger-unbesaitet-00707604305000?_pos=155&_fid=1e7c17b1d&_ss=c
Tennis-Point,2026-06-19 22:22:24,rackets,unisex,Head,Instinct MP 2025 Turnierschläger,L2,726423348436,128.95,160.0,,€,in_stock,https://www.tennis-point.de/products/head-instinct-mp-2025-turnierschlaeger-00607504514000?_pos=154&_fid=1e7c17b1d&_ss=c
Tennis-Point,2026-06-19 22:22:24,rackets,unisex,Head,Instinct MP 2025 Turnierschläger,L3,726423348443,128.95,160.0,,€,in_stock,https://www.tennis-point.de/products/head-instinct-mp-2025-turnierschlaeger-00607504514000?_pos=154&_fid=1e7c17b1d&_ss=c
Tennis-Point,2026-06-19 22:22:28,rackets,unisex,Wilson,Blade 100L V9 US Open Turnierschläger,L2,00097512931649,162.95,240.0,,€,in_stock,https://www.tennis-point.de/products/wilson-blade-100l-v9-us-open-turnierschlaeger-00707104229000?_pos=153&_fid=1e7c17b1d&_ss=c
Tennis-Point,2026-06-19 22:22:28,rackets,unisex,Wilson,Blade 100L V9 US Open Turnierschläger,L3,00097512931632,162.95,240.0,,€,out_of_stock,https://www.tennis-point.de/products/wilson-blade-100l-v9-us-open-turnierschlaeger-00707104229000?_pos=153&_fid=1e7c17b1d&_ss=c
Tennis-Point,2026-06-19 22:22:37,rackets,unisex,Head,Extreme Team 2024 Turnierschläger,L2,726423218357,184.95,230.0,,€,in_stock,https://www.tennis-point.de/products/head-extreme-team-2024-turnierschlaeger-00606704421000?_pos=152&_fid=1e7c17b1d&_ss=c
Tennis-Point,2026-06-19 22:22:37,rackets,unisex,Head,Extreme Team 2024 Turnierschläger,L3,726423218364,184.95,230.0,,€,out_of_stock,https://www.tennis-point.de/products/head-extreme-team-2024-turnierschlaeger-00606704421000?_pos=152&_fid=1e7c17b1d&_ss=c
Tennis-Point,2026-06-19 22:22:44,rackets,unisex,Head,Radical Pro 18X20 Turnierschläger,L2,0724794624609,139.95,299.95,,€,in_stock,https://www.tennis-point.de/products/head-radical-pro-18x20-turnierschlaeger-00606704407000?_pos=151&_fid=1e7c17b1d&_ss=c
Tennis-Point,2026-06-19 22:22:44,rackets,unisex,Head,Radical Pro 18X20 Turnierschläger,L3,0724794624616,139.95,299.95,,€,in_stock,https://www.tennis-point.de/products/head-radical-pro-18x20-turnierschlaeger-00606704407000?_pos=151&_fid=1e7c17b1d&_ss=c
Tennis-Point,2026-06-19 22:22:53,rackets,unisex,Wilson,Pro Staff Team Classic Turnierschläger unbesaitet,L2,00097512975520,114.95,170.0,,€,in_stock,https://www.tennis-point.de/products/wilson-pro-staff-team-classic-turnierschlaeger-unbesaitet-00707604292000?_pos=150&_fid=1e7c17b1d&_ss=c
Tennis-Point,2026-06-19 22:22:53,rackets,unisex,Wilson,Pro Staff Team Classic Turnierschläger unbesaitet,L3,00097512975513,114.95,170.0,,€,in_stock,https://www.tennis-point.de/products/wilson-pro-staff-team-classic-turnierschlaeger-unbesaitet-00707604292000?_pos=150&_fid=1e7c17b1d&_ss=c
Tennis-Point,2026-06-19 22:23:11,rackets,unisex,Head,Radical MP 18X20 2025 Turnierschläger,L2,0198772015848,254.95,279.95,,€,in_stock,https://www.tennis-point.de/products/head-radical-mp-18x20-2025-turnierschlaeger-00607504565000?_pos=148&_fid=1e7c17b1d&_ss=c
Tennis-Point,2026-06-19 22:23:11,rackets,unisex,Head,Radical MP 18X20 2025 Turnierschläger,L3,0198772015855,254.95,279.95,,€,in_stock,https://www.tennis-point.de/products/head-radical-mp-18x20-2025-turnierschlaeger-00607504565000?_pos=148&_fid=1e7c17b1d&_ss=c
Tennis-Point,2026-06-19 22:23:21,rackets,unisex,Wilson,Ultra Tour 98 V5 Turnierschläger unbesaitet,L2,00097512929479,199.95,250.0,,€,out_of_stock,https://www.tennis-point.de/products/wilson-ultra-tour-98-v5-turnierschlaeger-unbesaitet-00707604287000?_pos=147&_fid=1e7c17b1d&_ss=c
Tennis-Point,2026-06-19 22:23:21,rackets,unisex,Wilson,Ultra Tour 98 V5 Turnierschläger unbesaitet,L3,00097512929493,199.95,250.0,,€,in_stock,https://www.tennis-point.de/products/wilson-ultra-tour-98-v5-turnierschlaeger-unbesaitet-00707604287000?_pos=147&_fid=1e7c17b1d&_ss=c
Tennis-Point,2026-06-19 22:23:49,rackets,unisex,Wilson,RF 01 Pro Turnierschläger,L2,00097512849708,234.95,300.0,,€,in_stock,https://www.tennis-point.de/products/wilson-rf-01-pro-turnierschlaeger-00706704086000?_pos=144&_fid=1e7c17b1d&_ss=c
Tennis-Point,2026-06-19 22:23:49,rackets,unisex,Wilson,RF 01 Pro Turnierschläger,L3,00097512849746,234.95,300.0,,€,in_stock,https://www.tennis-point.de/products/wilson-rf-01-pro-turnierschlaeger-00706704086000?_pos=144&_fid=1e7c17b1d&_ss=c
Tennis-Point,2026-06-19 22:24:18,rackets,unisex,Head,Gravity MP (2023) Turnierschläger unbesaitet,L2,724794628850,139.95,280.0,,€,out_of_stock,https://www.tennis-point.de/products/head-gravity-mp-2023-turnierschlaeger-unbesaitet-00606204259000?_pos=141&_fid=1e7c17b1d&_ss=c
Tennis-Point,2026-06-19 22:24:18,rackets,unisex,Head,Gravity MP (2023) Turnierschläger unbesaitet,L3,724794628867,139.95,280.0,,€,out_of_stock,https://www.tennis-point.de/products/head-gravity-mp-2023-turnierschlaeger-unbesaitet-00606204259000?_pos=141&_fid=1e7c17b1d&_ss=c
Tennis-Point,2026-06-19 22:24:25,rackets,unisex,Wilson,Pro Staff 97 UL Classic Turnierschläger unbesaitet,L2,00199073012918,169.95,220.0,,€,in_stock,https://www.tennis-point.de/products/wilson-pro-staff-97-ul-classic-turnierschlaeger-unbesaitet-00707604291000?_pos=140&_fid=1e7c17b1d&_ss=c
Tennis-Point,2026-06-19 22:24:25,rackets,unisex,Wilson,Pro Staff 97 UL Classic Turnierschläger unbesaitet,L3,00199073012925,169.95,220.0,,€,in_stock,https://www.tennis-point.de/products/wilson-pro-staff-97-ul-classic-turnierschlaeger-unbesaitet-00707604291000?_pos=140&_fid=1e7c17b1d&_ss=c
Tennis-Point,2026-06-19 22:24:29,rackets,unisex,Wilson,Blade 98 16X19 V9 US Open Turnierschläger,L2,0097512932202,206.95,280.0,,€,in_stock,https://www.tennis-point.de/products/wilson-blade-98-16x19-v9-us-open-turnierschlaeger-00707104261000?_pos=139&_fid=1e7c17b1d&_ss=c
Tennis-Point,2026-06-19 22:24:29,rackets,unisex,Wilson,Blade 98 16X19 V9 US Open Turnierschläger,L3,0097512932172,206.95,280.0,,€,in_stock,https://www.tennis-point.de/products/wilson-blade-98-16x19-v9-us-open-turnierschlaeger-00707104261000?_pos=139&_fid=1e7c17b1d&_ss=c
Tennis-Point,2026-06-19 22:24:39,rackets,unisex,Wilson,Clash 108 V3.0 Turnierschläger,L2,00097512946643,142.95,230.0,,€,in_stock,https://www.tennis-point.de/products/wilson-clash-108-v30-turnierschlaeger-00707104228000?_pos=138&_fid=1e7c17b1d&_ss=c
Tennis-Point,2026-06-19 22:24:39,rackets,unisex,Wilson,Clash 108 V3.0 Turnierschläger,L3,00097512946629,142.95,230.0,,€,in_stock,https://www.tennis-point.de/products/wilson-clash-108-v30-turnierschlaeger-00707104228000?_pos=138&_fid=1e7c17b1d&_ss=c
Tennis-Point,2026-06-19 22:24:43,rackets,unisex,Wilson,Clash Team 103 V3.0 Turnierschläger,L2,00097512893411,134.95,170.0,,€,in_stock,https://www.tennis-point.de/products/wilson-clash-team-103-v30-turnierschlaeger-00707504164000?_pos=137&_fid=1e7c17b1d&_ss=c
Tennis-Point,2026-06-19 22:24:43,rackets,unisex,Wilson,Clash Team 103 V3.0 Turnierschläger,L3,00097512893374,134.95,170.0,,€,in_stock,https://www.tennis-point.de/products/wilson-clash-team-103-v30-turnierschlaeger-00707504164000?_pos=137&_fid=1e7c17b1d&_ss=c
Tennis-Point,2026-06-19 22:25:30,shoes,women,K-Swiss,"Hypercourt Express 2 Sandplatzschuh Damen-Schwarz,Mehrfarbig",EU 39,0196483823387,86.95,139.99,,€,in_stock,https://www.tennis-point.de/products/k-swiss-hypercourt-express-2-sandplatzschuh-damen-schwarzmehrfarbig-01417102451000
Tennis-Point,2026-06-19 22:25:54,shoes,women,K-Swiss,"Hypercourt Supreme 2 Sandplatzschuh Damen - weiß, lavendel",EU 39,196483944471,111.95,169.99,,€,in_stock,https://www.tennis-point.de/products/k-swiss-hypercourt-supreme-2-sandplatzschuh-damen-weiss-lavendel-a0000004310301
Tennis-Point,2026-06-19 22:27:47,shoes,women,K-Swiss,"Express Light 3 Sandplatzschuh Damen - schwarz, silber",EU 39,196483943870,73.95,119.99,,€,in_stock,https://www.tennis-point.de/products/k-swiss-express-light-3-sandplatzschuh-damen-schwarz-silber-a0000004301201
Tennis-Point,2026-06-19 22:28:04,shoes,women,K-Swiss,"Court Tiebreak II SDE Sneaker Damen-blau, rosa",EU 39,196483973082,39.95,70.0,,€,in_stock,https://www.tennis-point.de/products/k-swiss-court-tiebreak-ii-sde-sneaker-damen-blau-rosa-a0000003361001
Tennis-Point,2026-06-19 22:28:48,shoes,women,K-Swiss,"Melrose Tubes Lite Sneaker Damen-weiß, koralle",EU 39,0196483963342,59.95,89.99,,€,out_of_stock,https://www.tennis-point.de/products/k-swiss-melrose-tubes-lite-sneaker-damen-weiss-koralle-p0000003710201
Tennis-Point,2026-06-19 22:29:46,shoes,women,K-Swiss,"Express Light 3 x Quiet Please Sandplatzschuh Damen - weiß, gelb",EU 39,0199286149777,117.95,119.99,,€,in_stock,https://www.tennis-point.de/products/k-swiss-express-light-3-x-quiet-please-sandplatzschuh-damen-weiss-gelb-p0000004910201
Tennis-Point,2026-06-19 22:33:25,shoes,women,Head,"Revolt Pro 5.0  Sandplatzschuh Damen-weiß, apricot",EU 39,0198772063672,106.95,160.0,,€,out_of_stock,https://www.tennis-point.de/products/head-revolt-pro-50-sandplatzschuh-damen-weiss-apricot-p0000004231601
Tennis-Point,2026-06-19 22:34:14,shoes,women,K-Swiss,"Court Tiebreak II Sneaker Damen - weiß, weiß",EU 39,196483738056,32.95,70.0,,€,in_stock,https://www.tennis-point.de/products/k-swiss-court-tiebreak-ii-sneaker-damen-weiss-weiss-01417502416000
Tennis-Point,2026-06-19 22:34:50,rackets,unisex,Wilson,Roland Garros Equipe HP TNS Allroundschläger unbesaitet,L2,00097512933391,82.95,120.0,,€,in_stock,https://www.tennis-point.de/products/wilson-roland-garros-equipe-hp-tns-allroundschlaeger-unbesaitet-00707604303000?_pos=173&_fid=43b718c78&_ss=c
Tennis-Point,2026-06-19 22:34:50,rackets,unisex,Wilson,Roland Garros Equipe HP TNS Allroundschläger unbesaitet,L3,00097512933407,82.95,120.0,,€,in_stock,https://www.tennis-point.de/products/wilson-roland-garros-equipe-hp-tns-allroundschlaeger-unbesaitet-00707604303000?_pos=173&_fid=43b718c78&_ss=c
Tennis-Point,2026-06-19 22:35:11,rackets,unisex,Head,Gravity Pro 2025 Turnierschläger,L2,726423385363,241.95,300.0,,€,in_stock,https://www.tennis-point.de/products/head-gravity-pro-2025-turnierschlaeger-00607504508000?_pos=175&_fid=43b718c78&_ss=c
Tennis-Point,2026-06-19 22:35:11,rackets,unisex,Head,Gravity Pro 2025 Turnierschläger,L3,726423385370,241.95,300.0,,€,in_stock,https://www.tennis-point.de/products/head-gravity-pro-2025-turnierschlaeger-00607504508000?_pos=175&_fid=43b718c78&_ss=c
Tennis-Point,2026-06-19 22:35:17,rackets,unisex,Yonex,Ezone 100L (2025) Turnierschläger unbesaitet,L2,4550468975892,229.95,259.95,,€,out_of_stock,https://www.tennis-point.de/products/yonex-ezone-100l-2025-turnierschlaeger-unbesaitet-01907501961000?_pos=176&_fid=43b718c78&_ss=c
Tennis-Point,2026-06-19 22:35:17,rackets,unisex,Yonex,Ezone 100L (2025) Turnierschläger unbesaitet,L3,4550468975908,229.95,259.95,,€,in_stock,https://www.tennis-point.de/products/yonex-ezone-100l-2025-turnierschlaeger-unbesaitet-01907501961000?_pos=176&_fid=43b718c78&_ss=c
Tennis-Point,2026-06-19 22:35:44,rackets,unisex,Wilson,Shift 99 V1 Turnierschläger unbesaitet,L2,00097512727921,209.95,270.0,,€,in_stock,https://www.tennis-point.de/products/wilson-shift-99-v1-turnierschlaeger-unbesaitet-00706303996000?_pos=179&_fid=43b718c78&_ss=c
Tennis-Point,2026-06-19 22:35:44,rackets,unisex,Wilson,Shift 99 V1 Turnierschläger unbesaitet,L3,00097512727952,209.95,270.0,,€,in_stock,https://www.tennis-point.de/products/wilson-shift-99-v1-turnierschlaeger-unbesaitet-00706303996000?_pos=179&_fid=43b718c78&_ss=c
Tennis-Point,2026-06-19 22:35:53,rackets,unisex,Dunlop,CX 200 Tour 18x20 Turnierschläger,L2,045566180810,179.95,269.99,,€,in_stock,https://www.tennis-point.de/products/dunlop-cx-200-tour-18x20-turnierschlaeger-01606602342000?_pos=180&_fid=43b718c78&_ss=c
Tennis-Point,2026-06-19 22:35:53,rackets,unisex,Dunlop,CX 200 Tour 18x20 Turnierschläger,L3,045566180827,179.95,269.99,,€,in_stock,https://www.tennis-point.de/products/dunlop-cx-200-tour-18x20-turnierschlaeger-01606602342000?_pos=180&_fid=43b718c78&_ss=c
Tennis-Point,2026-06-19 22:36:23,rackets,unisex,Wilson,US Open Pro 100 Allroundschläger unbesaitet,L2,00097512970105,141.95,200.0,,€,in_stock,https://www.tennis-point.de/products/wilson-us-open-pro-100-allroundschlaeger-unbesaitet-00707604307000?_pos=183&_fid=43b718c78&_ss=c
Tennis-Point,2026-06-19 22:36:23,rackets,unisex,Wilson,US Open Pro 100 Allroundschläger unbesaitet,L3,00097512970082,141.95,200.0,,€,in_stock,https://www.tennis-point.de/products/wilson-us-open-pro-100-allroundschlaeger-unbesaitet-00707604307000?_pos=183&_fid=43b718c78&_ss=c
Tennis-Point,2026-06-19 22:36:31,rackets,unisex,Yonex,Percept 100L (280g) Turnierschläger,L2,4550675268558,249.95,299.95,,€,in_stock,https://www.tennis-point.de/products/yonex-percept-100l-280g-turnierschlaeger-01907101988000?_pos=184&_fid=43b718c78&_ss=c
Tennis-Point,2026-06-19 22:36:31,rackets,unisex,Yonex,Percept 100L (280g) Turnierschläger,L3,4550675268565,249.95,299.95,,€,in_stock,https://www.tennis-point.de/products/yonex-percept-100l-280g-turnierschlaeger-01907101988000?_pos=184&_fid=43b718c78&_ss=c
Tennis-Point,2026-06-19 22:36:42,rackets,unisex,Yonex,EZONE Alpha SL Turnierschläger,L2,4550675057572,119.95,159.95,,€,in_stock,https://www.tennis-point.de/products/yonex-ezone-alpha-sl-turnierschlaeger-01907501964000?_pos=185&_fid=43b718c78&_ss=c
Tennis-Point,2026-06-19 22:37:18,rackets,unisex,Wilson,US Open GS 105 Allroundschläger unbesaitet,L2,00097512970037,67.95,80.0,,€,in_stock,https://www.tennis-point.de/products/wilson-us-open-gs-105-allroundschlaeger-unbesaitet-00707604308000?_pos=189&_fid=43b718c78&_ss=c
Tennis-Point,2026-06-19 22:37:18,rackets,unisex,Wilson,US Open GS 105 Allroundschläger unbesaitet,L3,00097512970044,67.95,80.0,,€,in_stock,https://www.tennis-point.de/products/wilson-us-open-gs-105-allroundschlaeger-unbesaitet-00707604308000?_pos=189&_fid=43b718c78&_ss=c
Tennis-Point,2026-06-19 22:37:28,rackets,unisex,Wilson,Envy SE Allroundschläger unbesaitet,L2,00097512964203,113.95,150.0,,€,in_stock,https://www.tennis-point.de/products/wilson-envy-se-allroundschlaeger-unbesaitet-00707604313000?_pos=190&_fid=43b718c78&_ss=c
Tennis-Point,2026-06-19 22:37:28,rackets,unisex,Wilson,Envy SE Allroundschläger unbesaitet,L3,00097512964197,113.95,150.0,,€,in_stock,https://www.tennis-point.de/products/wilson-envy-se-allroundschlaeger-unbesaitet-00707604313000?_pos=190&_fid=43b718c78&_ss=c
Tennis-Point,2026-06-19 22:37:37,rackets,unisex,Wilson,Ultra 95 QZ V5 Turnierschläger unbesaitet,L2,00097512971652,189.95,250.0,,€,in_stock,https://www.tennis-point.de/products/wilson-ultra-95-qz-v5-turnierschlaeger-unbesaitet-00707604288000?_pos=191&_fid=43b718c78&_ss=c
Tennis-Point,2026-06-19 22:37:37,rackets,unisex,Wilson,Ultra 95 QZ V5 Turnierschläger unbesaitet,L3,00097512971645,189.95,250.0,,€,in_stock,https://www.tennis-point.de/products/wilson-ultra-95-qz-v5-turnierschlaeger-unbesaitet-00707604288000?_pos=191&_fid=43b718c78&_ss=c
Tennis-Point,2026-06-19 22:37:45,rackets,unisex,Yonex,Percept Game (270g) Allroundschläger,L2,4550675322663,157.95,229.95,,€,in_stock,https://www.tennis-point.de/products/yonex-percept-game-270g-allroundschlaeger-01907101989000?_pos=192&_fid=43b718c78&_ss=c
Tennis-Point,2026-06-19 22:37:45,rackets,unisex,Yonex,Percept Game (270g) Allroundschläger,L3,4550675322670,157.95,229.95,,€,in_stock,https://www.tennis-point.de/products/yonex-percept-game-270g-allroundschlaeger-01907101989000?_pos=192&_fid=43b718c78&_ss=c
Tennis-Point,2026-06-19 22:37:53,rackets,unisex,Dunlop,SX 300 Tour Turnierschläger,L2,0045566182616,149.95,249.99,,€,in_stock,https://www.tennis-point.de/products/dunlop-sx-300-tour-turnierschlaeger-01607502366000?_pos=193&_fid=43b718c78&_ss=c
Tennis-Point,2026-06-19 22:37:53,rackets,unisex,Dunlop,SX 300 Tour Turnierschläger,L3,0045566182623,149.95,249.99,,€,in_stock,https://www.tennis-point.de/products/dunlop-sx-300-tour-turnierschlaeger-01607502366000?_pos=193&_fid=43b718c78&_ss=c
Tennis-Point,2026-06-19 22:38:26,rackets,unisex,Yonex,Percept 100 D (305g) Turnierschläger,L2,4550468627579,209.95,319.9,,€,in_stock,https://www.tennis-point.de/products/yonex-percept-100-d-305g-turnierschlaeger-01906401920000?_pos=197&_fid=43b718c78&_ss=c
Tennis-Point,2026-06-19 22:38:26,rackets,unisex,Yonex,Percept 100 D (305g) Turnierschläger,L3,4550468627586,209.95,319.9,,€,in_stock,https://www.tennis-point.de/products/yonex-percept-100-d-305g-turnierschlaeger-01906401920000?_pos=197&_fid=43b718c78&_ss=c
Tennis-Point,2026-06-19 22:38:30,rackets,unisex,Wilson,Blade 98 V9.0 16X19 RG Turnierschläger,L2,00097512892179,191.95,280.0,,€,out_of_stock,https://www.tennis-point.de/products/wilson-blade-98-v90-16x19-rg-turnierschlaeger-00707504145000?_pos=198&_fid=43b718c78&_ss=c
Tennis-Point,2026-06-19 22:38:30,rackets,unisex,Wilson,Blade 98 V9.0 16X19 RG Turnierschläger,L3,00097512892186,191.95,280.0,,€,in_stock,https://www.tennis-point.de/products/wilson-blade-98-v90-16x19-rg-turnierschlaeger-00707504145000?_pos=198&_fid=43b718c78&_ss=c
Tennis-Point,2026-06-19 22:38:37,rackets,unisex,Wilson,Six LV Komfortschläger unbesaitet,L2,0097512648363,79.95,150.0,,€,in_stock,https://www.tennis-point.de/products/wilson-six-lv-komfortschlaeger-unbesaitet-00706203896000?_pos=199&_fid=43b718c78&_ss=c
Tennis-Point,2026-06-19 22:38:37,rackets,unisex,Wilson,Six LV Komfortschläger unbesaitet,L3,0097512648394,79.95,150.0,,€,in_stock,https://www.tennis-point.de/products/wilson-six-lv-komfortschlaeger-unbesaitet-00706203896000?_pos=199&_fid=43b718c78&_ss=c
Tennis-Point,2026-06-19 22:38:54,rackets,unisex,Wilson,Blade Feel 105 RXT Allroundschläger unbesaitet,L2,00097512939478,72.95,85.0,,€,in_stock,https://www.tennis-point.de/products/wilson-blade-feel-105-rxt-allroundschlaeger-unbesaitet-00707604311000?_pos=201&_fid=43b718c78&_ss=c
Tennis-Point,2026-06-19 22:38:54,rackets,unisex,Wilson,Blade Feel 105 RXT Allroundschläger unbesaitet,L3,00097512939461,72.95,85.0,,€,in_stock,https://www.tennis-point.de/products/wilson-blade-feel-105-rxt-allroundschlaeger-unbesaitet-00707604311000?_pos=201&_fid=43b718c78&_ss=c
Tennis-Point,2026-06-19 22:39:04,rackets,unisex,Head,Boom MP L Neon 2025 Turnierschläger,L2,198772103699,135.95,260.0,,€,in_stock,https://www.tennis-point.de/products/head-boom-mp-l-neon-2025-turnierschlaeger-00607004576000?_pos=203&_fid=43b718c78&_ss=c
Tennis-Point,2026-06-19 22:39:04,rackets,unisex,Head,Boom MP L Neon 2025 Turnierschläger,L3,198772103705,135.95,260.0,,€,in_stock,https://www.tennis-point.de/products/head-boom-mp-l-neon-2025-turnierschlaeger-00607004576000?_pos=203&_fid=43b718c78&_ss=c
Tennis-Point,2026-06-19 22:42:56,strings,unisex,Luxilon,Alu Power Soft Saitenrolle 200m-Silber,1.25 mm,00887768269579,275.95,330.0,,€,in_stock,https://www.tennis-point.de/products/luxilon-alu-power-soft-saitenrolle-200m-silber-02753001287000
Tennis-Point,2026-06-19 22:43:24,strings,unisex,Luxilon,4G Saitenrolle 200m-Schwarz,1.25 mm,00097512627863,237.95,350.0,,€,in_stock,https://www.tennis-point.de/products/luxilon-4g-saitenrolle-200m-schwarz-02756001341000
Tennis-Point,2026-06-19 22:44:02,strings,unisex,Luxilon,4G Rough Saitenrolle 200m-Gold,1.25 mm,00883813997336,228.95,350.0,,€,in_stock,https://www.tennis-point.de/products/luxilon-4g-rough-saitenrolle-200m-gold-02752601282000
Tennis-Point,2026-06-19 22:44:29,shoes,men,Head,"Endure Pro Sandplatzschuh Herren-schwarz, rot",EU 43,0198772069599,158.95,220.0,,€,out_of_stock,https://www.tennis-point.de/products/head-endure-pro-sandplatzschuh-herren-schwarz-rot-p0000004231301
Tennis-Point,2026-06-19 22:45:03,shoes,men,K-Swiss,"K-FRAME SPEED RUBLO Clay Sandplatzschuh Herren-beige, dunkelblau",EU 43,196483938098,125.95,179.99,,€,out_of_stock,https://www.tennis-point.de/products/k-swiss-k-frame-speed-rublo-clay-sandplatzschuh-herren-beige-dunkelblau-a0000004311101
Tennis-Point,2026-06-19 22:45:11,shoes,men,K-Swiss,"HYPERCOURT EXPRESS 3 Clay Sandplatzschuh Herren-dunkelgrau, beige",EU 43,196483935431,104.95,149.99,,€,out_of_stock,https://www.tennis-point.de/products/k-swiss-hypercourt-express-3-clay-sandplatzschuh-herren-dunkelgrau-beige-p0000004300801
Tennis-Point,2026-06-19 22:58:55,shoes,men,K-Swiss,"Receiver V Allcourtschuh Herren-Weiß,Dunkelblau",EU 43,192935722383,69.95,109.99,,€,out_of_stock,https://www.tennis-point.de/products/k-swiss-receiver-v-allcourtschuh-herren-weissdunkelblau-01415802141000
Tennis-Point,2026-06-19 22:59:00,shoes,men,Head,"Sprint EVO 4.0  Allcourtschuh Herren-weiß, schwarz",EU 43,0198772058487,103.95,130.0,,€,out_of_stock,https://www.tennis-point.de/products/head-sprint-evo-40-allcourtschuh-herren-weiss-schwarz-p0000004230901
Tennis-Point,2026-06-19 23:01:44,strings,unisex,Head,Sonic Pro Touch Saitenrolle 200m - anthrazit,1.25 mm,724794418581,74.95,100.0,,€,in_stock,https://www.tennis-point.de/products/head-sonic-pro-touch-saitenrolle-200m-anthrazit-00655802334000
Tennis-Point,2026-06-19 23:04:41,strings,unisex,Wilson,Poly Pro Saitenrolle 200m-Silber,1.25 mm,00887768236328,58.95,85.0,,€,in_stock,https://www.tennis-point.de/products/wilson-poly-pro-saitenrolle-200m-silber-00753002004000
Tennis-Point,2026-06-19 23:05:36,shoes,men,Head,"Revolt Pro 5.0  Sandplatzschuh Herren-dunkelblau, türkis",EU 43,0198772070328,102.95,160.0,,€,out_of_stock,https://www.tennis-point.de/products/head-revolt-pro-50-sandplatzschuh-herren-dunkelblau-tuerkis-p0000004231101
Tennis-Point,2026-06-19 23:06:17,shoes,men,Head,"Sprint Pro 4.0  Sandplatzschuh Herren-rot, dunkelrot",EU 43,0198772056223,94.95,160.0,,€,out_of_stock,https://www.tennis-point.de/products/head-sprint-pro-40-sandplatzschuh-herren-rot-dunkelrot-p0000004231501
Tennis-Point,2026-06-19 23:06:47,shoes,men,Head,"Sprint Team 4.0  Sandplatzschuh Herren-dunkelblau, hellgrün",EU 43,0198772059125,65.95,110.0,,€,out_of_stock,https://www.tennis-point.de/products/head-sprint-team-40-sandplatzschuh-herren-dunkelblau-hellgruen-p0000004231001
Tennis-Point,2026-06-19 23:07:05,shoes,men,K-Swiss,"HYPERCOURT EXPRESS 3 AC Allcourtschuh Herren-blau, schwarz",EU 43,196483935301,102.95,149.99,,€,out_of_stock,https://www.tennis-point.de/products/k-swiss-hypercourt-express-3-ac-allcourtschuh-herren-blau-schwarz-p0000004301001
Tennis-Point,2026-06-19 23:07:24,shoes,men,K-Swiss,"ULTRASHOT LIGHT Clay Sandplatzschuh Herren-weiß, schwarz",EU 43,199286034455,69.95,99.99,,€,out_of_stock,https://www.tennis-point.de/products/k-swiss-ultrashot-light-clay-sandplatzschuh-herren-weiss-schwarz-p0000004301301
Tennis-Point,2026-06-19 23:08:26,shoes,men,K-Swiss,"Express Light 3 Sandplatzschuh Herren - weiß, grün",EU 43,0199286149319,117.95,119.99,,€,out_of_stock,https://www.tennis-point.de/products/k-swiss-express-light-3-sandplatzschuh-herren-weiss-gruen-a0000004910301
Tennis-Point,2026-06-19 23:08:45,shoes,men,Head,"Revolt Pro 5.0  Allcourtschuh Herren-weiß, dunkelblau",EU 43,0198772057688,102.95,160.0,,€,out_of_stock,https://www.tennis-point.de/products/head-revolt-pro-50-allcourtschuh-herren-weiss-dunkelblau-p0000004221101
Tennis-Point,2026-06-19 23:08:54,shoes,men,Head,"Revolt Pro 5.0  Sandplatzschuh Herren-weiß, dunkelblau",EU 43,0198772057848,102.95,160.0,,€,in_stock,https://www.tennis-point.de/products/head-revolt-pro-50-sandplatzschuh-herren-weiss-dunkelblau-p0000004230301
Tennis-Point,2026-06-19 23:09:21,shoes,men,K-Swiss,"Express Light 3 Sandplatzschuh Herren - schwarz, neongrün",EU 43,0196483819205,69.95,119.99,,€,out_of_stock,https://www.tennis-point.de/products/k-swiss-express-light-3-sandplatzschuh-herren-schwarz-neongruen-01417102469000
Tennis-Point,2026-06-19 23:10:16,shoes,men,K-Swiss,"Melrose Tubes Lite Sneaker Herren-weiß, neongelb",EU 43,0196483948745,53.95,89.99,,€,in_stock,https://www.tennis-point.de/products/k-swiss-melrose-tubes-lite-sneaker-herren-weiss-neongelb-p0000003710301
Tennis-Point,2026-06-19 23:12:55,strings,unisex,Head,Velocity MLT Saitenrolle 200m-Gelb,1.25 mm,726424946013,84.95,130.0,,€,in_stock,https://www.tennis-point.de/products/head-velocity-mlt-saitenrolle-200m-gelb-00655402325000
Tennis-Point,2026-06-19 23:13:36,strings,unisex,Head,Lynx Touch Saitenrolle 200m-Grau,1.25 mm,724794399576,95.95,150.0,,€,in_stock,https://www.tennis-point.de/products/head-lynx-touch-saitenrolle-200m-grau-00655802331000
Tennis-Point,2026-06-19 23:14:22,strings,unisex,Wilson,Repel Saitenrolle 200m-Nude,1.25 mm,097512920841,128.95,190.0,,€,in_stock,https://www.tennis-point.de/products/wilson-repel-saitenrolle-200m-nude-00757002047000
Tennis-Point,2026-06-19 23:14:38,strings,unisex,Solinco,Tour Bite Diamond Rough Saitenrolle 200m-Silber,1.25 mm,812753012144,119.95,185.0,,€,in_stock,https://www.tennis-point.de/products/solinco-tour-bite-diamond-rough-saitenrolle-200m-silber-05553101223000
Tennis-Point,2026-06-19 23:14:43,strings,unisex,Head,Lynx Tour Reel Saitenrolle 200m-Orange,1.25 mm,724794057513,99.95,150.0,,€,in_stock,https://www.tennis-point.de/products/head-lynx-tour-reel-saitenrolle-200m-orange-00655402320000
Tennis-Point,2026-06-19 23:15:02,strings,unisex,Head,Hawk Saitenrolle 200m-Grau,1.25 mm,0726423882381,133.95,200.0,,€,in_stock,https://www.tennis-point.de/products/head-hawk-saitenrolle-200m-grau-00652602258000
Tennis-Point,2026-06-19 23:15:24,strings,unisex,Yonex,Poly Tour Rev Saitenrolle 200m-Lila,1.25 mm,4550468075967,179.95,259.9,,€,out_of_stock,https://www.tennis-point.de/products/yonex-poly-tour-rev-saitenrolle-200m-lila-01956701273000
Tennis-Point,2026-06-19 23:16:56,shoes,men,K-Swiss,"K-Frame Speed Rublo Allcourtschuh Herren - beige, dunkelblau",EU 43,196483937640,113.95,179.99,,€,out_of_stock,https://www.tennis-point.de/products/k-swiss-k-frame-speed-rublo-allcourtschuh-herren-beige-dunkelblau-p0000004311201
Tennis-Point,2026-06-19 23:17:06,shoes,men,K-Swiss,"Court Varsity Sneaker Herren-weiß, schwarz",EU 43,199286028331,43.95,80.0,,€,in_stock,https://www.tennis-point.de/products/k-swiss-court-varsity-sneaker-herren-weiss-schwarz-p0000003360401
Tennis-Point,2026-06-19 23:17:57,shoes,men,Head,"Sprint Pro 4.0  Sandplatzschuh Herren-hellgrau, lila",EU 43,0198772056544,111.95,160.0,,€,in_stock,https://www.tennis-point.de/products/head-sprint-pro-40-sandplatzschuh-herren-hellgrau-lila-p0000004230201
Tennis-Point,2026-06-19 23:18:06,shoes,men,Head,"Endure Pro  Sandplatzschuh Herren-dunkelblau, dunkelblau",EU 43,0198772055264,119.95,180.0,,€,out_of_stock,https://www.tennis-point.de/products/head-endure-pro-sandplatzschuh-herren-dunkelblau-dunkelblau-p0000004230501
Tennis-Point,2026-06-19 23:18:21,shoes,men,K-Swiss,"ULTRASHOT LIGHT Clay Sandplatzschuh Herren-weiß, blau",EU 43,199286039405,61.95,99.99,,€,out_of_stock,https://www.tennis-point.de/products/k-swiss-ultrashot-light-clay-sandplatzschuh-herren-weiss-blau-p0000004301302
Tennis-Point,2026-06-19 23:19:07,shoes,men,K-Swiss,"Court Tiebreak II Sneaker Herren-Weiß,Schwarz",EU 43,196483832891,32.95,70.0,,€,in_stock,https://www.tennis-point.de/products/k-swiss-court-tiebreak-ii-sneaker-herren-weissschwarz-01417102476000
Tennis-Point,2026-06-19 23:19:17,shoes,men,K-Swiss,"HYPERCOURT SUPREME 2 Clay Sandplatzschuh Herren-blau, weiß",EU 43,196483937510,104.95,169.99,,€,out_of_stock,https://www.tennis-point.de/products/k-swiss-hypercourt-supreme-2-clay-sandplatzschuh-herren-blau-weiss-a0000004310601
Tennis-Point,2026-06-19 23:19:24,shoes,men,K-Swiss,"Lozan Klub LTH Sneaker Herren-weiß, hellgrün",EU 43,196483954487,53.95,70.0,,€,in_stock,https://www.tennis-point.de/products/k-swiss-lozan-klub-lth-sneaker-herren-weiss-hellgruen-a0000003360201
Tennis-Point,2026-06-19 23:20:49,shoes,men,K-Swiss,"ULTRASHOT TEAM 2 Clay Sandplatzschuh Herren-weiß, blau",EU 43,196483934649,75.95,129.99,,€,in_stock,https://www.tennis-point.de/products/k-swiss-ultrashot-team-2-clay-sandplatzschuh-herren-weiss-blau-p0000004310901
Tennis-Point,2026-06-19 23:21:08,strings,unisex,Head,Hawk Touch Rough Saitenrolle 200m - schwarz,1.25 mm,0198772020712,133.95,200.0,,€,in_stock,https://www.tennis-point.de/products/head-hawk-touch-rough-saitenrolle-200m-schwarz-p0000005470201
Tennis-Point,2026-06-19 23:21:51,strings,unisex,Yonex,Poly Tour Pro Midnight Purple Saitenrolle 200m - lila,1.25 mm,4550675334284,169.95,,,€,in_stock,https://www.tennis-point.de/products/yonex-poly-tour-pro-midnight-purple-saitenrolle-200m-lila-p0000010010201
Tennis-Point,2026-06-19 23:22:16,strings,unisex,Yonex,Poly Tour Rev Saitenrolle 200m-Mint,1.25 mm,4550468618270,179.95,259.95,,€,out_of_stock,https://www.tennis-point.de/products/yonex-poly-tour-rev-saitenrolle-200m-mint-01956701274000
Tennis-Point,2026-06-19 23:22:26,strings,unisex,Head,Hawk Saitenrolle 200m-Schwarz,1.25 mm,724794338575,133.95,200.0,,€,in_stock,https://www.tennis-point.de/products/head-hawk-saitenrolle-200m-schwarz-00655402319000
Tennis-Point,2026-06-19 23:23:22,strings,unisex,Luxilon,4G Soft Saitenrolle 200m-Gold,1.25 mm,00883813852772,228.95,350.0,,€,in_stock,https://www.tennis-point.de/products/luxilon-4g-soft-saitenrolle-200m-gold-02753001289000
Tennis-Point,2026-06-19 23:23:40,strings,unisex,Head,Sonic Pro Saitenrolle 200m-Weiß,1.25 mm,0724794848142,66.95,100.0,,€,in_stock,https://www.tennis-point.de/products/head-sonic-pro-saitenrolle-200m-weiss-00650002112000
Tennis-Point,2026-06-19 23:24:33,strings,unisex,Head,Velocity MLT Power Saitenrolle 200m - nude,1.25 mm,0726423228363,93.95,130.0,,€,in_stock,https://www.tennis-point.de/products/head-velocity-mlt-power-saitenrolle-200m-nude-p0000005490201
Tennis-Point,2026-06-19 23:24:51,strings,unisex,Head,Velocity MLT Power Saitenrolle 200m - schwarz,1.25 mm,0726423228356,83.95,130.0,,€,in_stock,https://www.tennis-point.de/products/head-velocity-mlt-power-saitenrolle-200m-schwarz-p0000005480201
Tennis-Point,2026-06-19 23:25:13,strings,unisex,Head,Lynx Saitenrolle 200m-Grün,1.25 mm,726424791897,95.95,150.0,,€,in_stock,https://www.tennis-point.de/products/head-lynx-saitenrolle-200m-gruen-00655402322000
Tennis-Point,2026-06-19 23:25:54,strings,unisex,Luxilon,Eco Rough Saitenrolle 200m-Grau,1.25 mm,0097512718943,115.95,170.0,,€,in_stock,https://www.tennis-point.de/products/luxilon-eco-rough-saitenrolle-200m-grau-02756401352000
Tennis-Point,2026-06-19 23:27:46,shoes,men,K-Swiss,"Court Base II Sneaker Herren-weiß, hellgrün",EU 43,196483830798,36.95,55.0,,€,in_stock,https://www.tennis-point.de/products/k-swiss-court-base-ii-sneaker-herren-weiss-hellgruen-p0000003360701
Tennis-Point,2026-06-19 23:30:02,shoes,men,Head,"Sprint Pro 4.0  Sandplatzschuh Herren-dunkelblau, türkis",EU 43,0198772055905,102.95,160.0,,€,in_stock,https://www.tennis-point.de/products/head-sprint-pro-40-sandplatzschuh-herren-dunkelblau-tuerkis-p0000004231201
Tennis-Point,2026-06-19 23:33:29,strings,unisex,Solinco,Revolution Saitenrolle 200m-Blau,1.25 mm,812753010324,92.95,150.0,,€,in_stock,https://www.tennis-point.de/products/solinco-revolution-saitenrolle-200m-blau-05550201207000
Tennis-Point,2026-06-19 23:33:44,strings,unisex,Wilson,Sensation Saitenrolle 200m-Nude,1.25 mm,00887768140229,94.95,140.0,,€,in_stock,https://www.tennis-point.de/products/wilson-sensation-saitenrolle-200m-nude-00752601971000
Tennis-Point,2026-06-19 23:34:33,strings,unisex,Luxilon,Alu Power Ocean Saitenrolle 200m-Blau,1.25 mm,00097512658461,223.95,330.0,,€,in_stock,https://www.tennis-point.de/products/luxilon-alu-power-ocean-saitenrolle-200m-blau-02756201351000
Tennis-Point,2026-06-19 23:34:43,strings,unisex,Wilson,Revolve Saitenrolle 200m-Weiß,1.25 mm,00887768140120,115.95,170.0,,€,in_stock,https://www.tennis-point.de/products/wilson-revolve-saitenrolle-200m-weiss-00753002002000
Tennis-Point,2026-06-19 23:35:24,strings,unisex,Head,Hawk Power Saitenrolle 200m-Anthrazit,1.25 mm,724794418505,133.95,200.0,,€,in_stock,https://www.tennis-point.de/products/head-hawk-power-saitenrolle-200m-anthrazit-00655802329000
Tennis-Point,2026-06-19 23:35:32,strings,unisex,Luxilon,4G Saitenrolle 200m-Gold,1.25 mm,00883813850990,237.95,350.0,,€,in_stock,https://www.tennis-point.de/products/luxilon-4g-saitenrolle-200m-gold-02752001281000
Tennis-Point,2026-06-19 23:35:50,strings,unisex,Wilson,Revolve Twist Saitenrolle 200m-Rot,1.25 mm,00887768758134,143.95,180.0,,€,in_stock,https://www.tennis-point.de/products/wilson-revolve-twist-saitenrolle-200m-rot-00754602023000
Tennis-Point,2026-06-19 23:36:06,strings,unisex,Solinco,Outlast Saitenrolle 200m-Rot,1.25 mm,812753010362,79.95,135.0,,€,in_stock,https://www.tennis-point.de/products/solinco-outlast-saitenrolle-200m-rot-05550201208000
Tennis-Point,2026-06-19 23:36:22,strings,unisex,Yonex,Poly Tour Rev Saitenrolle 200m-Orange,1.25 mm,4550086890812,149.95,259.9,,€,in_stock,https://www.tennis-point.de/products/yonex-poly-tour-rev-saitenrolle-200m-orange-01955401258000
Tennis-Point,2026-06-19 23:38:34,shoes,men,Head,"Sprint Evo 4.0 Sandplatzschuh Herren-creme, rot",EU 43,0198772153038,109.95,130.0,,€,in_stock,https://www.tennis-point.de/products/head-sprint-evo-40-sandplatzschuh-herren-creme-rot-p0000004650201
Tennis-Point,2026-06-20 00:05:32,strings,unisex,Solinco,Hyper-G Saitenrolle 200m-Grün,1.25 mm,812753012359,119.95,185.0,,€,in_stock,https://www.tennis-point.de/products/solinco-hyper-g-saitenrolle-200m-gruen-05553501228000
Tennis-Point,2026-06-20 00:05:49,strings,unisex,Yonex,Pro Poly Tour Pro Saitenrolle 200m-Blau,1.25 mm,4550086615392,119.95,169.95,,€,in_stock,https://www.tennis-point.de/products/yonex-pro-poly-tour-pro-saitenrolle-200m-blau-01955001250000
Tennis-Point,2026-06-20 00:06:04,strings,unisex,Luxilon,Adrenaline Century20 Saitenrolle 200m (Special Edition)-Schwarz,1.25 mm,0097512412810,149.95,219.95,,€,in_stock,https://www.tennis-point.de/products/luxilon-adrenaline-century20-saitenrolle-200m-special-edition-schwarz-02754601325000
Tennis-Point,2026-06-20 00:06:14,strings,unisex,Head,Lynx Tour Reel Saitenrolle 200m-Schwarz,1.25 mm,724794482377,99.95,150.0,,€,in_stock,https://www.tennis-point.de/products/head-lynx-tour-reel-saitenrolle-200m-schwarz-00656202339000
Tennis-Point,2026-06-20 00:06:22,strings,unisex,Solinco,Hyper-G Soft Saitenrolle 200m-Grün,1.25 mm,812753013370,119.95,185.0,,€,in_stock,https://www.tennis-point.de/products/solinco-hyper-g-soft-saitenrolle-200m-gruen-05556001234000
Tennis-Point,2026-06-20 00:06:35,strings,unisex,Solinco,Tour Bite Saitenrolle 200m-Silber,1.25 mm,812753010287,119.95,185.0,,€,in_stock,https://www.tennis-point.de/products/solinco-tour-bite-saitenrolle-200m-silber-05550201206000
Tennis-Point,2026-06-20 00:06:45,strings,unisex,Head,Hawk Touch  Saitenrolle 200m - anthrazit,1.25 mm,724794328934,133.95,200.0,,€,in_stock,https://www.tennis-point.de/products/head-hawk-touch-saitenrolle-200m-anthrazit-00655402318000
Tennis-Point,2026-06-20 00:06:55,strings,unisex,Luxilon,Alu Power Saitenrolle 200m-Silber,1.25 mm,00851589000208,228.95,330.0,,€,in_stock,https://www.tennis-point.de/products/luxilon-alu-power-saitenrolle-200m-silber-02750001216000
Tennis-Point,2026-06-20 00:07:02,strings,unisex,Head,Lynx Tour Reel Saitenrolle 200m-Nude,1.25 mm,0724794245880,99.95,150.0,,€,in_stock,https://www.tennis-point.de/products/head-lynx-tour-reel-saitenrolle-200m-nude-00655002306000
Tennis-Point,2026-06-20 00:07:10,strings,unisex,Solinco,Confidential Saitenrolle 200m-Schwarz,1.25 mm,812753013455,119.95,185.0,,€,in_stock,https://www.tennis-point.de/products/solinco-confidential-saitenrolle-200m-schwarz-05555001232000
Tennis-Point,2026-06-20 00:07:20,strings,unisex,Head,Lynx Saitenrolle 200m-Anthrazit,1.25 mm,0726423942306,99.95,150.0,,€,in_stock,https://www.tennis-point.de/products/head-lynx-saitenrolle-200m-anthrazit-00652802261000
Tennis-Point,2026-06-20 00:08:04,strings,unisex,Head,Velocity MLT Saitenrolle 200m-Nude,1.25 mm,0726424106585,86.95,130.0,,€,in_stock,https://www.tennis-point.de/products/head-velocity-mlt-saitenrolle-200m-nude-00653002268000
Tennis-Point,2026-06-20 00:08:11,strings,unisex,Head,Sonic Pro Saitenrolle 200m-Schwarz,1.25 mm,0726423275367,66.95,100.0,,€,in_stock,https://www.tennis-point.de/products/head-sonic-pro-saitenrolle-200m-schwarz-00650002204000
Tennis-Point,2026-06-20 00:08:19,strings,unisex,Luxilon,Element Bronze Saitenrolle 200m-Bronze,1.25 mm,00887768269586,183.95,270.0,,€,in_stock,https://www.tennis-point.de/products/luxilon-element-bronze-saitenrolle-200m-bronze-02753101292000
Tennis-Point,2026-06-20 00:09:20,strings,unisex,Solinco,Mach 10 Saitenrolle 200m-Blau,1.25 mm,812753017347,139.95,210.0,,€,in_stock,https://www.tennis-point.de/products/solinco-mach-10-saitenrolle-200m-blau-05557001242000
Tennis-Point,2026-06-20 00:09:36,strings,unisex,Head,Lynx Tour Reel Saitenrolle 200m-Grau,1.25 mm,724794338629,99.95,150.0,,€,in_stock,https://www.tennis-point.de/products/head-lynx-tour-reel-saitenrolle-200m-grau-00655102308000
Tennis-Point,2026-06-20 00:09:42,strings,unisex,Head,RIP Control Saitenrolle 200m-Nude,1.25 mm,0724794484265,106.95,160.0,,€,in_stock,https://www.tennis-point.de/products/head-rip-control-saitenrolle-200m-nude-00650002189000
Tennis-Point,2026-06-20 00:10:02,strings,unisex,Head,Hawk Saitenrolle 200m-Weiß,1.25 mm,0726423882398,133.95,200.0,,€,in_stock,https://www.tennis-point.de/products/head-hawk-saitenrolle-200m-weiss-00652602256000
Tennis-Point,2026-06-20 00:14:55,shoes,men,K-Swiss,"Hypercourt Express 3 Sandplatzschuh Herren - türkis, mehrfarbig",EU 43,0199286149449,104.95,149.99,,€,in_stock,https://www.tennis-point.de/products/k-swiss-hypercourt-express-3-sandplatzschuh-herren-tuerkis-mehrfarbig-p0000004910401
Tennis-Point,2026-06-20 00:15:28,strings,unisex,Solinco,Tour Bite Soft Saitenrolle 200m-Silber,1.25 mm,812753011949,119.95,185.0,,€,in_stock,https://www.tennis-point.de/products/solinco-tour-bite-soft-saitenrolle-200m-silber-05552201220000
Tennis-Point,2026-06-20 00:15:36,strings,unisex,Head,Velocity MLT Saitenrolle 200m-Schwarz,1.25 mm,0726424106578,86.95,130.0,,€,in_stock,https://www.tennis-point.de/products/head-velocity-mlt-saitenrolle-200m-schwarz-00653002270000
Tennis-Point,2026-06-20 00:15:54,strings,unisex,Wilson,Revolve Saitenrolle 200m-Grau,1.25 mm,00887768277727,109.95,170.0,,€,in_stock,https://www.tennis-point.de/products/wilson-revolve-saitenrolle-200m-grau-00753002001000
Tennis-Point,2026-06-20 00:16:02,strings,unisex,Wilson,Revolve Saitenrolle 200m-Orange,1.25 mm,00887768318024,115.95,170.0,,€,out_of_stock,https://www.tennis-point.de/products/wilson-revolve-saitenrolle-200m-orange-00753002000000
Tennis-Point,2026-06-20 00:16:11,strings,unisex,Luxilon,Alu Power Black Ltd Saitenrolle 200m-Schwarz,1.25 mm,0097512599948,275.95,330.0,,€,in_stock,https://www.tennis-point.de/products/luxilon-alu-power-black-ltd-saitenrolle-200m-schwarz-02755501335000
Tennis-Point,2026-06-20 00:17:23,strings,unisex,Yonex,Poly Tour Fire Saitenrolle 200m-Rot,1.25 mm,4549317433898,129.95,229.9,,€,out_of_stock,https://www.tennis-point.de/products/yonex-poly-tour-fire-saitenrolle-200m-rot-01953101226000
Tennis-Point,2026-06-20 00:17:33,strings,unisex,Wilson,Revolve Spin Saitenrolle 200m-Schwarz,1.25 mm,00887768515409,121.95,180.0,,€,in_stock,https://www.tennis-point.de/products/wilson-revolve-spin-saitenrolle-200m-schwarz-00753802013000
Tennis-Point,2026-06-20 00:17:38,strings,unisex,Luxilon,Eco Power Saitenrolle 200m-Petrol,1.25 mm,00097512655705,115.95,170.0,,€,in_stock,https://www.tennis-point.de/products/luxilon-eco-power-saitenrolle-200m-petrol-02756201350000
Tennis-Point,2026-06-20 00:17:49,strings,unisex,Solinco,Confidential Soft  Saitenrolle 200m - pink,1.25 mm,812753017897,124.95,185.0,,€,in_stock,https://www.tennis-point.de/products/solinco-confidential-soft-saitenrolle-200m-pink-p0000007710201
Tennis-Point,2026-06-20 00:18:31,strings,unisex,Head,Lynx Saitenrolle 200m-Neongelb,1.25 mm,0726423942337,99.95,150.0,,€,in_stock,https://www.tennis-point.de/products/head-lynx-saitenrolle-200m-neongelb-00652802263000
Tennis-Point,2026-06-20 00:19:10,strings,unisex,Yonex,Poly Tour Rev Saitenrolle 200m-Weiß,1.25 mm,4550468075899,179.95,259.9,,€,in_stock,https://www.tennis-point.de/products/yonex-poly-tour-rev-saitenrolle-200m-weiss-01956701272000
Tennis-Point,2026-06-20 00:19:18,strings,unisex,Wilson,Revolve Spin Saitenrolle 200m-Grün,1.25 mm,00887768515393,121.95,180.0,,€,in_stock,https://www.tennis-point.de/products/wilson-revolve-spin-saitenrolle-200m-gruen-00753802014000
Tennis-Point,2026-06-20 00:19:34,strings,unisex,Head,IntelliTour Saitenrolle 200m-Beige,1.25 mm,0724794184998,119.95,180.0,,€,in_stock,https://www.tennis-point.de/products/head-intellitour-saitenrolle-200m-beige-00650002132000
Tennis-Point,2026-06-20 00:20:05,strings,unisex,Head,RIP Control Saitenrolle 200m-Schwarz,1.25 mm,0724794523629,106.95,160.0,,€,in_stock,https://www.tennis-point.de/products/head-rip-control-saitenrolle-200m-schwarz-00650002172000
Tennis-Point,2026-06-20 00:20:15,strings,unisex,Yonex,Poly Tour Strike Saitenrolle 200m - schwarz,1.25 mm,4550086139379,159.95,259.9,,€,in_stock,https://www.tennis-point.de/products/yonex-poly-tour-strike-saitenrolle-200m-schwarz-01954401246000
Tennis-Point,2026-06-20 00:23:04,shoes,men,K-Swiss,"ULTRASHOT LIGHT  AC Allcourtschuh Herren-weiß, blau",EU 43,199286039535,69.95,99.99,,€,out_of_stock,https://www.tennis-point.de/products/k-swiss-ultrashot-light-ac-allcourtschuh-herren-weiss-blau-p0000004301401
Tennis-Point,2026-06-20 00:25:37,strings,unisex,Head,Lynx Saitenrolle 200m (Special Edition)-Nude,1.25 mm,0724794242827,129.95,150.0,,€,in_stock,https://www.tennis-point.de/products/head-lynx-saitenrolle-200m-special-edition-nude-00654602305000
Tennis-Point,2026-06-20 00:26:04,strings,unisex,Wilson,Sensation Plus Saitenrolle 200m-Schwarz,1.25 mm,0887768757977,133.95,150.0,,€,in_stock,https://www.tennis-point.de/products/wilson-sensation-plus-saitenrolle-200m-schwarz-00754602019000
Tennis-Point,2026-06-20 00:26:32,strings,unisex,Head,Reflex MLT Saitenrolle 200m-Nude,1.25 mm,0726424106509,139.95,220.0,,€,in_stock,https://www.tennis-point.de/products/head-reflex-mlt-saitenrolle-200m-nude-00653002274000
Tennis-Point,2026-06-20 00:27:58,strings,unisex,Solinco,Barb Wire Saitenrolle 200m-Schwarz,1.25 mm,812753010768,119.95,185.0,,€,in_stock,https://www.tennis-point.de/products/solinco-barb-wire-saitenrolle-200m-schwarz-05550201205000
Tennis-Point,2026-06-20 00:29:34,strings,unisex,Yonex,Poly Tour Strike Saitenrolle 200m - dunkelgrau,1.25 mm,4550086117728,159.95,259.95,,€,in_stock,https://www.tennis-point.de/products/yonex-poly-tour-strike-saitenrolle-200m-dunkelgrau-01954401247000
Tennis-Point,2026-06-20 00:29:47,shoes,men,K-Swiss,"Express Light 3 Sandplatzschuh Herren - limette, dunkelblau",EU 43,196483927672,104.95,129.95,,€,out_of_stock,https://www.tennis-point.de/products/k-swiss-express-light-3-sandplatzschuh-herren-limette-dunkelblau-01417102480000
Tennis-Point,2026-06-20 00:30:49,shoes,men,K-Swiss,"Hypercourt Pinnacle Allcourtschuh Herren - weiß, blau",EU 43,196483933369,128.95,189.99,,€,out_of_stock,https://www.tennis-point.de/products/k-swiss-hypercourt-pinnacle-allcourtschuh-herren-weiss-blau-p0000004311001
Tennis-Point,2026-06-20 00:32:02,shoes,men,K-Swiss,Express Light 3 Sandplatzschuh Herren - hellblau,EU 43,0196483715453,68.95,119.99,,€,out_of_stock,https://www.tennis-point.de/products/k-swiss-express-light-3-sandplatzschuh-herren-hellblau-01417502442000
Tennis-Point,2026-06-20 00:36:38,shoes,men,Head,"Sprint Pro 4.0 Sandplatzschuh Herren-Dunkelblau,Rot",EU 43,726423350743,79.95,160.0,,€,out_of_stock,https://www.tennis-point.de/products/head-sprint-pro-40-sandplatzschuh-herren-dunkelblaurot-00617501968000
Tennis-Point,2026-06-20 00:36:47,shoes,men,Head,"Revolt Pro 4.5 Sandplatzschuh Herren-Dunkelblau,Limette",EU 43,726423352020,59.95,160.0,,€,out_of_stock,https://www.tennis-point.de/products/head-revolt-pro-45-sandplatzschuh-herren-dunkelblaulimette-00617501975000
Tennis-Point,2026-06-20 00:37:53,shoes,men,K-Swiss,"Hypercourt Express 2 Allcourtschuh Herren-Schwarz,Neongrün",EU 43,0196483817522,69.95,139.99,,€,out_of_stock,https://www.tennis-point.de/products/k-swiss-hypercourt-express-2-allcourtschuh-herren-schwarzneongruen-01417102468000
Tennis-Point,2026-06-20 00:38:10,shoes,men,K-Swiss,"Court Kali Sneaker Herren-weiß, dunkelblau",EU 43,199286043693,43.95,55.0,,€,out_of_stock,https://www.tennis-point.de/products/k-swiss-court-kali-sneaker-herren-weiss-dunkelblau-p0000003360301
Tennis-Point,2026-06-20 00:38:55,shoes,men,K-Swiss,"Hypercourt Supreme 2 Sandplatzschuh Herren-Weiß,Grün",EU 43,0196483819854,104.95,169.99,,€,out_of_stock,https://www.tennis-point.de/products/k-swiss-hypercourt-supreme-2-sandplatzschuh-herren-weissgruen-01417102466000
Tennis-Point,2026-06-20 00:40:12,shoes,men,Head,"Revolt Evo 2.0 Sandplatzschuh Herren-Dunkelblau,Limette",EU 43,726423378389,57.95,130.0,,€,out_of_stock,https://www.tennis-point.de/products/head-revolt-evo-20-sandplatzschuh-herren-dunkelblaulimette-00617501983000
Tennis-Point,2026-06-20 00:40:57,shoes,men,Head,"Head Prestige Ltd. Sandplatzschuh Herren-Schwarz,Pink",EU 43,0724794741702,62.95,120.0,,€,out_of_stock,https://www.tennis-point.de/products/head-head-prestige-ltd-sandplatzschuh-herren-schwarzpink-00616201919000
Tennis-Point,2026-06-20 00:46:23,shoes,men,Head,"Revolt Pro 4.5 Sandplatzschuh Herren-Dunkelblau,Rot",EU 43,726424129799,79.95,160.0,,€,out_of_stock,https://www.tennis-point.de/products/head-revolt-pro-45-sandplatzschuh-herren-dunkelblaurot-00617501978000
Tennis-Point,2026-06-20 00:46:43,shoes,men,K-Swiss,"Court Tiebreak II SDE Sneaker Herren-blau, gelb",EU 43,196483960907,46.95,70.0,,€,in_stock,https://www.tennis-point.de/products/k-swiss-court-tiebreak-ii-sde-sneaker-herren-blau-gelb-p0000003360501
Tennis-Point,2026-06-20 00:47:14,shoes,men,K-Swiss,"Hypercourt Express 2 Sandplatzschuh Herren-Petrol,Weiß",EU 43,0196483817911,94.95,139.99,,€,out_of_stock,https://www.tennis-point.de/products/k-swiss-hypercourt-express-2-sandplatzschuh-herren-petrolweiss-01417102467000
Tennis-Point,2026-06-20 00:47:50,shoes,men,K-Swiss,"Hypercourt Supreme 2 Sandplatzschuh Herren-Weiß,Petrol",EU 43,0196483711424,97.95,169.99,,€,out_of_stock,https://www.tennis-point.de/products/k-swiss-hypercourt-supreme-2-sandplatzschuh-herren-weisspetrol-01417502437000
Tennis-Point,2026-06-20 00:50:41,shoes,men,Head,"Revolt Court 5.0 Allcourtschuh Herren-weiß, schwarz",EU 43,0198772059767,63.95,85.0,,€,out_of_stock,https://www.tennis-point.de/products/head-revolt-court-50-allcourtschuh-herren-weiss-schwarz-p0000004230601
Tennis-Point,2026-06-20 00:53:11,shoes,men,Head,"Endure Pro BOA Sandplatzschuh Herren-Weiß,Gelb",EU 43,0198772054410,142.95,220.0,,€,out_of_stock,https://www.tennis-point.de/products/head-endure-pro-boa-sandplatzschuh-herren-weissgelb-00617002019000
Tennis-Point,2026-06-20 00:53:15,shoes,men,Head,"Sprint Team 4.0  Allcourtschuh Herren-dunkelblau, hellgrün",EU 43,0198772058968,64.95,110.0,,€,out_of_stock,https://www.tennis-point.de/products/head-sprint-team-40-allcourtschuh-herren-dunkelblau-hellgruen-p0000004220401
Tennis-Point,2026-06-20 00:54:11,shoes,men,K-Swiss,"Accomplish Iv Allcourtschuh Herren-Weiß,Dunkelblau",EU 43,192935700985,79.95,129.99,,€,out_of_stock,https://www.tennis-point.de/products/k-swiss-accomplish-iv-allcourtschuh-herren-weissdunkelblau-01415802137000
Tennis-Point,2026-06-20 00:54:27,shoes,men,K-Swiss,"Court Express 2 Sandplatzschuh Herren-Blau,Weiß",EU 43,0196483719123,51.95,79.99,,€,out_of_stock,https://www.tennis-point.de/products/k-swiss-court-express-2-sandplatzschuh-herren-blauweiss-01417502446000
Tennis-Point,2026-06-20 00:58:47,shoes,men,K-Swiss,"Express Light 3 Sandplatzschuh Herren - schwarz, blau",EU 43,196483936735,81.95,119.99,,€,out_of_stock,https://www.tennis-point.de/products/k-swiss-express-light-3-sandplatzschuh-herren-schwarz-blau-a0000004310401
Tennis-Point,2026-06-20 00:58:52,shoes,men,K-Swiss,"Defier Rs Allcourtschuh Herren-Weiß,Dunkelblau",EU 43,0888758305482,99.95,149.99,,€,out_of_stock,https://www.tennis-point.de/products/k-swiss-defier-rs-allcourtschuh-herren-weissdunkelblau-01413401772000
Tennis-Point,2026-06-20 00:59:05,shoes,men,K-Swiss,"ULTRASHOT 4 Clay Sandplatzschuh Herren-blau, türkis",EU 43,196483934083,134.95,199.99,,€,out_of_stock,https://www.tennis-point.de/products/k-swiss-ultrashot-4-clay-sandplatzschuh-herren-blau-tuerkis-a0000004310801
Tennis-Point,2026-06-20 00:59:46,shoes,men,K-Swiss,Express Light 3 Teppichschuh Herren-Weiß,EU 43,0196483682144,67.95,119.99,,€,out_of_stock,https://www.tennis-point.de/products/k-swiss-express-light-3-teppichschuh-herren-weiss-01416802411000
Tennis-Point,2026-06-20 01:00:38,shoes,men,K-Swiss,"Express Light 3 Sandplatzschuh Herren - grau, khaki",EU 43,196483936995,83.95,119.99,,€,out_of_stock,https://www.tennis-point.de/products/k-swiss-express-light-3-sandplatzschuh-herren-grau-khaki-a0000004310403
Tennis-Point,2026-06-20 01:00:48,shoes,men,Head,"Sprint Pro 4.0 Teppichschuh Herren-Hellgrau,Braun",EU 43,198772019327,84.95,130.0,,€,out_of_stock,https://www.tennis-point.de/products/head-sprint-pro-40-teppichschuh-herren-hellgraubraun-00617102021000
Tennis-Point,2026-06-20 01:01:42,shoes,men,K-Swiss,"Hypercourt Express 2 Sandplatzschuh Herren-Petrol,Hellgrau",EU 43,196483473629,99.95,150.0,,€,out_of_stock,https://www.tennis-point.de/products/k-swiss-hypercourt-express-2-sandplatzschuh-herren-petrolhellgrau-01416602363000
Tennis-Point,2026-06-20 01:02:22,shoes,men,K-Swiss,"HYPERCOURT EXPRESS 3 Clay Sandplatzschuh Herren-weiß, blau",EU 43,196483935561,104.95,149.99,,€,out_of_stock,https://www.tennis-point.de/products/k-swiss-hypercourt-express-3-clay-sandplatzschuh-herren-weiss-blau-p0000004300802
Tennis-Point,2026-06-20 01:03:27,shoes,men,K-Swiss,"Hypercourt Express 2 Sandplatzschuh Herren-Hellgrau,Dunkelblau",EU 43,0196483713190,88.95,139.99,,€,out_of_stock,https://www.tennis-point.de/products/k-swiss-hypercourt-express-2-sandplatzschuh-herren-hellgraudunkelblau-01417502438000
Tennis-Point,2026-06-20 01:03:37,shoes,men,Head,"Sprint Pro 4.0 Sandplatzschuh Herren-Limette,Dunkelblau",EU 43,726423351061,79.95,160.0,,€,in_stock,https://www.tennis-point.de/products/head-sprint-pro-40-sandplatzschuh-herren-limettedunkelblau-00617501971000
Tennis-Point,2026-06-20 01:04:32,shoes,men,K-Swiss,"HYPERCOURT EXPRESS 3 Clay Sandplatzschuh Herren-blau, schwarz",EU 43,196483935691,102.95,149.99,,€,out_of_stock,https://www.tennis-point.de/products/k-swiss-hypercourt-express-3-clay-sandplatzschuh-herren-blau-schwarz-p0000004300803
Tennis-Point,2026-06-20 01:04:42,shoes,men,K-Swiss,"EXPRESS LIGHT 3 AC Allcourtschuh Herren-weiß, hellblau",EU 43,196483936605,73.95,119.99,,€,out_of_stock,https://www.tennis-point.de/products/k-swiss-express-light-3-ac-allcourtschuh-herren-weiss-hellblau-a0000004310501
Tennis-Point,2026-06-20 01:15:15,rackets,unisex,Wilson,Clash 100 V3.0 RG Turnierschläger unbesaitet,L2,00097512975353,234.95,240.0,,€,in_stock,https://www.tennis-point.de/products/wilson-clash-100-v30-rg-turnierschlaeger-unbesaitet-00707604294000?_pos=10&_fid=a5d1893ec&_ss=c
Tennis-Point,2026-06-20 01:15:15,rackets,unisex,Wilson,Clash 100 V3.0 RG Turnierschläger unbesaitet,L3,00097512975346,234.95,240.0,,€,in_stock,https://www.tennis-point.de/products/wilson-clash-100-v30-rg-turnierschlaeger-unbesaitet-00707604294000?_pos=10&_fid=a5d1893ec&_ss=c
Tennis-Point,2026-06-20 01:15:33,rackets,unisex,Wilson,Blade 98 16X19 V10 Turnierschläger unbesaitet,L2,00097512975087,259.95,290.0,,€,in_stock,https://www.tennis-point.de/products/wilson-blade-98-16x19-v10-turnierschlaeger-unbesaitet-00707604274000?_pos=8&_fid=a5d1893ec&_ss=c
Tennis-Point,2026-06-20 01:15:33,rackets,unisex,Wilson,Blade 98 16X19 V10 Turnierschläger unbesaitet,L3,00097512975094,259.95,290.0,,€,in_stock,https://www.tennis-point.de/products/wilson-blade-98-16x19-v10-turnierschlaeger-unbesaitet-00707604274000?_pos=8&_fid=a5d1893ec&_ss=c
Tennis-Point,2026-06-20 01:16:05,rackets,unisex,Wilson,Blade 100 V10 Turnierschläger unbesaitet,L2,00097512974820,249.95,280.0,,€,in_stock,https://www.tennis-point.de/products/wilson-blade-100-v10-turnierschlaeger-unbesaitet-00707604278000?_pos=4&_fid=a5d1893ec&_ss=c
Tennis-Point,2026-06-20 01:16:05,rackets,unisex,Wilson,Blade 100 V10 Turnierschläger unbesaitet,L3,00097512974875,249.95,280.0,,€,in_stock,https://www.tennis-point.de/products/wilson-blade-100-v10-turnierschlaeger-unbesaitet-00707604278000?_pos=4&_fid=a5d1893ec&_ss=c
Tennis-Point,2026-06-20 01:16:20,rackets,unisex,Wilson,Blade 100L V10 Turnierschläger unbesaitet,L2,00097512974806,224.95,250.0,,€,in_stock,https://www.tennis-point.de/products/wilson-blade-100l-v10-turnierschlaeger-unbesaitet-00707604279000?_pos=2&_fid=a5d1893ec&_ss=c
Tennis-Point,2026-06-20 01:16:20,rackets,unisex,Wilson,Blade 100L V10 Turnierschläger unbesaitet,L3,00097512974813,224.95,250.0,,€,in_stock,https://www.tennis-point.de/products/wilson-blade-100l-v10-turnierschlaeger-unbesaitet-00707604279000?_pos=2&_fid=a5d1893ec&_ss=c
Tennis-Point,2026-06-20 01:16:28,rackets,unisex,Wilson,Ultra 100L V5 Turnierschläger unbesaitet,L2,00199073010723,219.95,,,€,in_stock,https://www.tennis-point.de/products/wilson-ultra-100l-v5-turnierschlaeger-unbesaitet-p0000003290201?_pos=1&_fid=a5d1893ec&_ss=c
Tennis-Point,2026-06-20 01:16:28,rackets,unisex,Wilson,Ultra 100L V5 Turnierschläger unbesaitet,L3,00199073010709,219.95,,,€,out_of_stock,https://www.tennis-point.de/products/wilson-ultra-100l-v5-turnierschlaeger-unbesaitet-p0000003290201?_pos=1&_fid=a5d1893ec&_ss=c
