retailer,timestamp,category,gender,brand,name,reference_variant,ean,current_price,regular_price,msrp_price,currency,availability,url
Tennis-Point,2026-07-09 09:43:03,shoes,women,K-Swiss,"Hypercourt Express 2 Sandplatzschuh Damen-Schwarz,Gold",EU 39,0192935846720,39.95,149.99,,€,out_of_stock,https://www.tennis-point.de/products/k-swiss-hypercourt-express-2-sandplatzschuh-damen-schwarzgold-01416002199000
Tennis-Point,2026-07-09 09:43:42,shoes,women,K-Swiss,"Hypercourt Supreme 2 Sandplatzschuh Damen - weiß, hellgrün",EU 39,0196483711868,99.95,169.99,,€,out_of_stock,https://www.tennis-point.de/products/k-swiss-hypercourt-supreme-2-sandplatzschuh-damen-weiss-hellgruen-01417502422000
Tennis-Point,2026-07-09 09:44:23,rackets,unisex,Wilson,2x RF 01 Future plus Schlägertasche,L2,,436.95,660.0,,€,in_stock,https://www.tennis-point.de/products/wilson-2x-rf-01-future-plus-schlaegertasche-00706704093000?_pos=397&_fid=72aa5b2cf&_ss=c
Tennis-Point,2026-07-09 09:44:23,rackets,unisex,Wilson,2x RF 01 Future plus Schlägertasche,L3,,436.95,660.0,,€,in_stock,https://www.tennis-point.de/products/wilson-2x-rf-01-future-plus-schlaegertasche-00706704093000?_pos=397&_fid=72aa5b2cf&_ss=c
Tennis-Point,2026-07-09 09:44:44,rackets,unisex,Dunlop,2x SX 300 Tour plus Schlägertasche,L2,,406.95,639.95,,€,in_stock,https://www.tennis-point.de/products/dunlop-2x-sx-300-tour-plus-schlaegertasche-01607502384000?_pos=394&_fid=72aa5b2cf&_ss=c
Tennis-Point,2026-07-09 09:44:44,rackets,unisex,Dunlop,2x SX 300 Tour plus Schlägertasche,L3,,406.95,639.95,,€,in_stock,https://www.tennis-point.de/products/dunlop-2x-sx-300-tour-plus-schlaegertasche-01607502384000?_pos=394&_fid=72aa5b2cf&_ss=c
Tennis-Point,2026-07-09 09:44:54,rackets,unisex,Wilson,2x Clash 100L V3.0 plus Schlägertasche,L2,,447.95,590.0,,€,in_stock,https://www.tennis-point.de/products/wilson-2x-clash-100l-v30-plus-schlaegertasche-00707504203000?_pos=393&_fid=72aa5b2cf&_ss=c
Tennis-Point,2026-07-09 09:44:54,rackets,unisex,Wilson,2x Clash 100L V3.0 plus Schlägertasche,L3,,447.95,590.0,,€,in_stock,https://www.tennis-point.de/products/wilson-2x-clash-100l-v30-plus-schlaegertasche-00707504203000?_pos=393&_fid=72aa5b2cf&_ss=c
Tennis-Point,2026-07-09 09:45:04,rackets,unisex,Head,2x Gravity Tour 2025 plus Schlägertasche,L2,,461.95,680.0,,€,in_stock,https://www.tennis-point.de/products/head-2x-gravity-tour-2025-plus-schlaegertasche-00607504544000?_pos=392&_fid=72aa5b2cf&_ss=c
Tennis-Point,2026-07-09 09:45:04,rackets,unisex,Head,2x Gravity Tour 2025 plus Schlägertasche,L3,,461.95,680.0,,€,in_stock,https://www.tennis-point.de/products/head-2x-gravity-tour-2025-plus-schlaegertasche-00607504544000?_pos=392&_fid=72aa5b2cf&_ss=c
Tennis-Point,2026-07-09 09:45:12,rackets,unisex,Wilson,2x Clash 100L V3.0 plus Schlägertasche,L2,,380.95,570.0,,€,in_stock,https://www.tennis-point.de/products/wilson-2x-clash-100l-v30-plus-schlaegertasche-00707504202000?_pos=391&_fid=72aa5b2cf&_ss=c
Tennis-Point,2026-07-09 09:45:12,rackets,unisex,Wilson,2x Clash 100L V3.0 plus Schlägertasche,L3,,380.95,570.0,,€,in_stock,https://www.tennis-point.de/products/wilson-2x-clash-100l-v30-plus-schlaegertasche-00707504202000?_pos=391&_fid=72aa5b2cf&_ss=c
Tennis-Point,2026-07-09 09:45:36,rackets,unisex,Wilson,2x Clash 100 Pro V3.0 plus Schlägertasche,L2,,434.95,650.0,,€,out_of_stock,https://www.tennis-point.de/products/wilson-2x-clash-100-pro-v30-plus-schlaegertasche-00707504198000?_pos=388&_fid=72aa5b2cf&_ss=c
Tennis-Point,2026-07-09 09:45:36,rackets,unisex,Wilson,2x Clash 100 Pro V3.0 plus Schlägertasche,L3,,434.95,650.0,,€,in_stock,https://www.tennis-point.de/products/wilson-2x-clash-100-pro-v30-plus-schlaegertasche-00707504198000?_pos=388&_fid=72aa5b2cf&_ss=c
Tennis-Point,2026-07-09 09:45:44,rackets,unisex,Wilson,2x Clash 100L V2.0 plus Schlägertasche,L2,,318.95,590.0,,€,out_of_stock,https://www.tennis-point.de/products/wilson-2x-clash-100l-v20-plus-schlaegertasche-00705503991000?_pos=387&_fid=72aa5b2cf&_ss=c
Tennis-Point,2026-07-09 09:45:44,rackets,unisex,Wilson,2x Clash 100L V2.0 plus Schlägertasche,L3,,318.95,590.0,,€,in_stock,https://www.tennis-point.de/products/wilson-2x-clash-100l-v20-plus-schlaegertasche-00705503991000?_pos=387&_fid=72aa5b2cf&_ss=c
Tennis-Point,2026-07-09 09:45:54,rackets,unisex,Wilson,2x Clash 100 V3.0 plus Schlägertasche,L2,,452.95,650.0,,€,in_stock,https://www.tennis-point.de/products/wilson-2x-clash-100-v30-plus-schlaegertasche-00707504216000?_pos=386&_fid=72aa5b2cf&_ss=c
Tennis-Point,2026-07-09 09:45:54,rackets,unisex,Wilson,2x Clash 100 V3.0 plus Schlägertasche,L3,,452.95,650.0,,€,in_stock,https://www.tennis-point.de/products/wilson-2x-clash-100-v30-plus-schlaegertasche-00707504216000?_pos=386&_fid=72aa5b2cf&_ss=c
Tennis-Point,2026-07-09 09:46:12,rackets,unisex,Wilson,2x Clash 100 V3.0 plus Schlägertasche,L2,,487.95,650.0,,€,in_stock,https://www.tennis-point.de/products/wilson-2x-clash-100-v30-plus-schlaegertasche-00707504199000?_pos=384&_fid=72aa5b2cf&_ss=c
Tennis-Point,2026-07-09 09:46:12,rackets,unisex,Wilson,2x Clash 100 V3.0 plus Schlägertasche,L3,,487.95,650.0,,€,in_stock,https://www.tennis-point.de/products/wilson-2x-clash-100-v30-plus-schlaegertasche-00707504199000?_pos=384&_fid=72aa5b2cf&_ss=c
Tennis-Point,2026-07-09 09:46:19,rackets,unisex,Wilson,2x Clash 100 V3.0 plus Schlägertasche,L2,,480.95,650.0,,€,in_stock,https://www.tennis-point.de/products/wilson-2x-clash-100-v30-plus-schlaegertasche-00707504200000?_pos=383&_fid=72aa5b2cf&_ss=c
Tennis-Point,2026-07-09 09:46:19,rackets,unisex,Wilson,2x Clash 100 V3.0 plus Schlägertasche,L3,,480.95,650.0,,€,in_stock,https://www.tennis-point.de/products/wilson-2x-clash-100-v30-plus-schlaegertasche-00707504200000?_pos=383&_fid=72aa5b2cf&_ss=c
Tennis-Point,2026-07-09 09:46:47,rackets,unisex,Head,2x Gravity Pro 2025 plus Schlägertasche,L2,,488.95,720.0,,€,in_stock,https://www.tennis-point.de/products/head-2x-gravity-pro-2025-plus-schlaegertasche-00607504542000?_pos=380&_fid=72aa5b2cf&_ss=c
Tennis-Point,2026-07-09 09:46:47,rackets,unisex,Head,2x Gravity Pro 2025 plus Schlägertasche,L3,,488.95,720.0,,€,in_stock,https://www.tennis-point.de/products/head-2x-gravity-pro-2025-plus-schlaegertasche-00607504542000?_pos=380&_fid=72aa5b2cf&_ss=c
Tennis-Point,2026-07-09 09:46:55,rackets,unisex,Dunlop,2x SX 300 plus Schlägertasche,L2,,395.95,619.95,,€,in_stock,https://www.tennis-point.de/products/dunlop-2x-sx-300-plus-schlaegertasche-01607502383000?_pos=379&_fid=72aa5b2cf&_ss=c
Tennis-Point,2026-07-09 09:46:55,rackets,unisex,Dunlop,2x SX 300 plus Schlägertasche,L3,,395.95,619.95,,€,in_stock,https://www.tennis-point.de/products/dunlop-2x-sx-300-plus-schlaegertasche-01607502383000?_pos=379&_fid=72aa5b2cf&_ss=c
Tennis-Point,2026-07-09 09:47:04,rackets,unisex,Head,2x Gravity MP 2025 plus Schlägertasche,L2,,521.95,680.0,,€,in_stock,https://www.tennis-point.de/products/head-2x-gravity-mp-2025-plus-schlaegertasche-00607504546000?_pos=378&_fid=72aa5b2cf&_ss=c
Tennis-Point,2026-07-09 09:47:04,rackets,unisex,Head,2x Gravity MP 2025 plus Schlägertasche,L3,,521.95,680.0,,€,in_stock,https://www.tennis-point.de/products/head-2x-gravity-mp-2025-plus-schlaegertasche-00607504546000?_pos=378&_fid=72aa5b2cf&_ss=c
Tennis-Point,2026-07-09 09:53:12,rackets,unisex,Yonex,2x VCORE 98 (2026) plus Schlägertasche,L2,,738.95,769.95,,€,out_of_stock,https://www.tennis-point.de/products/yonex-2x-vcore-98-2026-plus-schlaegertasche-b0000004900200?_pos=372&_fid=72aa5b2cf&_ss=c
Tennis-Point,2026-07-09 09:53:12,rackets,unisex,Yonex,2x VCORE 98 (2026) plus Schlägertasche,L3,,738.95,769.95,,€,in_stock,https://www.tennis-point.de/products/yonex-2x-vcore-98-2026-plus-schlaegertasche-b0000004900200?_pos=372&_fid=72aa5b2cf&_ss=c
Tennis-Point,2026-07-09 09:53:22,rackets,unisex,Head,2x Speed Pro Legend 2025 plus Schlägertasche,L2,,532.95,770.0,,€,in_stock,https://www.tennis-point.de/products/head-2x-speed-pro-legend-2025-plus-schlaegertasche-00607104582000?_pos=371&_fid=72aa5b2cf&_ss=c
Tennis-Point,2026-07-09 09:53:22,rackets,unisex,Head,2x Speed Pro Legend 2025 plus Schlägertasche,L3,,532.95,770.0,,€,in_stock,https://www.tennis-point.de/products/head-2x-speed-pro-legend-2025-plus-schlaegertasche-00607104582000?_pos=371&_fid=72aa5b2cf&_ss=c
Tennis-Point,2026-07-09 09:53:30,rackets,unisex,Head,2x Speed Pro Legend 2025 plus Schlägertasche,L2,,484.95,700.0,,€,in_stock,https://www.tennis-point.de/products/head-2x-speed-pro-legend-2025-plus-schlaegertasche-00607104583000?_pos=370&_fid=72aa5b2cf&_ss=c
Tennis-Point,2026-07-09 09:53:30,rackets,unisex,Head,2x Speed Pro Legend 2025 plus Schlägertasche,L3,,484.95,700.0,,€,in_stock,https://www.tennis-point.de/products/head-2x-speed-pro-legend-2025-plus-schlaegertasche-00607104583000?_pos=370&_fid=72aa5b2cf&_ss=c
Tennis-Point,2026-07-09 09:53:40,rackets,unisex,Wilson,2x Blade 100L V10 plus Schlägertasche,L2,,547.95,630.0,,€,out_of_stock,https://www.tennis-point.de/products/wilson-2x-blade-100l-v10-plus-schlaegertasche-b0000007820200?_pos=369&_fid=72aa5b2cf&_ss=c
Tennis-Point,2026-07-09 09:53:40,rackets,unisex,Wilson,2x Blade 100L V10 plus Schlägertasche,L3,,547.95,630.0,,€,in_stock,https://www.tennis-point.de/products/wilson-2x-blade-100l-v10-plus-schlaegertasche-b0000007820200?_pos=369&_fid=72aa5b2cf&_ss=c
Tennis-Point,2026-07-09 09:53:48,rackets,unisex,Wilson,2x Blade 98 Pro 16X19 V10 plus Schlägertasche,L2,,634.95,730.0,,€,in_stock,https://www.tennis-point.de/products/wilson-2x-blade-98-pro-16x19-v10-plus-schlaegertasche-b0000007830200?_pos=368&_fid=72aa5b2cf&_ss=c
Tennis-Point,2026-07-09 09:53:48,rackets,unisex,Wilson,2x Blade 98 Pro 16X19 V10 plus Schlägertasche,L3,,634.95,730.0,,€,in_stock,https://www.tennis-point.de/products/wilson-2x-blade-98-pro-16x19-v10-plus-schlaegertasche-b0000007830200?_pos=368&_fid=72aa5b2cf&_ss=c
Tennis-Point,2026-07-09 09:53:57,rackets,unisex,Wilson,2x Blade 98 16X19 V10 plus Schlägertasche,L2,,615.95,710.0,,€,in_stock,https://www.tennis-point.de/products/wilson-2x-blade-98-16x19-v10-plus-schlaegertasche-b0000007770200?_pos=367&_fid=72aa5b2cf&_ss=c
Tennis-Point,2026-07-09 09:53:57,rackets,unisex,Wilson,2x Blade 98 16X19 V10 plus Schlägertasche,L3,,615.95,710.0,,€,in_stock,https://www.tennis-point.de/products/wilson-2x-blade-98-16x19-v10-plus-schlaegertasche-b0000007770200?_pos=367&_fid=72aa5b2cf&_ss=c
Tennis-Point,2026-07-09 09:54:05,rackets,unisex,Wilson,2x Blade 100 Pro v10 plus Schlägertasche,L2,,634.95,730.0,,€,in_stock,https://www.tennis-point.de/products/wilson-2x-blade-100-pro-v10-plus-schlaegertasche-b0000007840200?_pos=366&_fid=72aa5b2cf&_ss=c
Tennis-Point,2026-07-09 09:54:05,rackets,unisex,Wilson,2x Blade 100 Pro v10 plus Schlägertasche,L3,,634.95,730.0,,€,in_stock,https://www.tennis-point.de/products/wilson-2x-blade-100-pro-v10-plus-schlaegertasche-b0000007840200?_pos=366&_fid=72aa5b2cf&_ss=c
Tennis-Point,2026-07-09 09:54:16,rackets,unisex,Wilson,2x Blade 100 V10 plus Schlägertasche,L2,,595.95,690.0,,€,in_stock,https://www.tennis-point.de/products/wilson-2x-blade-100-v10-plus-schlaegertasche-b0000007810200?_pos=365&_fid=72aa5b2cf&_ss=c
Tennis-Point,2026-07-09 09:54:16,rackets,unisex,Wilson,2x Blade 100 V10 plus Schlägertasche,L3,,595.95,690.0,,€,in_stock,https://www.tennis-point.de/products/wilson-2x-blade-100-v10-plus-schlaegertasche-b0000007810200?_pos=365&_fid=72aa5b2cf&_ss=c
Tennis-Point,2026-07-09 09:54:27,rackets,unisex,Wilson,2x Blade 98 18X20 v10 plus Schlägertasche,L2,,615.95,710.0,,€,in_stock,https://www.tennis-point.de/products/wilson-2x-blade-98-18x20-v10-plus-schlaegertasche-b0000007790200?_pos=364&_fid=72aa5b2cf&_ss=c
Tennis-Point,2026-07-09 09:54:27,rackets,unisex,Wilson,2x Blade 98 18X20 v10 plus Schlägertasche,L3,,615.95,710.0,,€,in_stock,https://www.tennis-point.de/products/wilson-2x-blade-98-18x20-v10-plus-schlaegertasche-b0000007790200?_pos=364&_fid=72aa5b2cf&_ss=c
Tennis-Point,2026-07-09 09:54:35,rackets,unisex,Wilson,2x Blade Blade 98 16X19 V10 plus Schlägertasche,L2,,634.95,730.0,,€,in_stock,https://www.tennis-point.de/products/wilson-2x-blade-blade-98-16x19-v10-plus-schlaegertasche-b0000007760200?_pos=363&_fid=72aa5b2cf&_ss=c
Tennis-Point,2026-07-09 09:54:35,rackets,unisex,Wilson,2x Blade Blade 98 16X19 V10 plus Schlägertasche,L3,,634.95,730.0,,€,in_stock,https://www.tennis-point.de/products/wilson-2x-blade-blade-98-16x19-v10-plus-schlaegertasche-b0000007760200?_pos=363&_fid=72aa5b2cf&_ss=c
Tennis-Point,2026-07-09 09:54:44,rackets,unisex,Wilson,2x Blade 100L V10 plus Schlägertasche,L2,,615.95,710.0,,€,in_stock,https://www.tennis-point.de/products/wilson-2x-blade-100l-v10-plus-schlaegertasche-b0000007800200?_pos=362&_fid=72aa5b2cf&_ss=c
Tennis-Point,2026-07-09 09:54:44,rackets,unisex,Wilson,2x Blade 100L V10 plus Schlägertasche,L3,,615.95,710.0,,€,in_stock,https://www.tennis-point.de/products/wilson-2x-blade-100l-v10-plus-schlaegertasche-b0000007800200?_pos=362&_fid=72aa5b2cf&_ss=c
Tennis-Point,2026-07-09 09:55:04,rackets,unisex,Yonex,2x VCORE 98 (2026) plus Schlägertasche,L2,,673.95,709.95,,€,out_of_stock,https://www.tennis-point.de/products/yonex-2x-vcore-98-2026-plus-schlaegertasche-b0000004770200?_pos=360&_fid=72aa5b2cf&_ss=c
Tennis-Point,2026-07-09 09:55:04,rackets,unisex,Yonex,2x VCORE 98 (2026) plus Schlägertasche,L3,,673.95,709.95,,€,in_stock,https://www.tennis-point.de/products/yonex-2x-vcore-98-2026-plus-schlaegertasche-b0000004770200?_pos=360&_fid=72aa5b2cf&_ss=c
Tennis-Point,2026-07-09 09:55:23,rackets,unisex,Wilson,2x Clash 100  Pro V2.0 plus Schlägertasche,L2,,269.95,630.0,,€,in_stock,https://www.tennis-point.de/products/wilson-2x-clash-100-pro-v20-plus-schlaegertasche-00705503992000?_pos=358&_fid=72aa5b2cf&_ss=c
Tennis-Point,2026-07-09 09:55:23,rackets,unisex,Wilson,2x Clash 100  Pro V2.0 plus Schlägertasche,L3,,269.95,630.0,,€,in_stock,https://www.tennis-point.de/products/wilson-2x-clash-100-pro-v20-plus-schlaegertasche-00705503992000?_pos=358&_fid=72aa5b2cf&_ss=c
Tennis-Point,2026-07-09 09:56:17,rackets,unisex,Wilson,2x RF 01 Pro plus Schlägertasche,L2,,573.95,770.0,,€,in_stock,https://www.tennis-point.de/products/wilson-2x-rf-01-pro-plus-schlaegertasche-00706704092000?_pos=352&_fid=72aa5b2cf&_ss=c
Tennis-Point,2026-07-09 09:56:17,rackets,unisex,Wilson,2x RF 01 Pro plus Schlägertasche,L3,,573.95,770.0,,€,in_stock,https://www.tennis-point.de/products/wilson-2x-rf-01-pro-plus-schlaegertasche-00706704092000?_pos=352&_fid=72aa5b2cf&_ss=c
Tennis-Point,2026-07-09 09:56:26,rackets,unisex,Wilson,2x RF 01 plus Schlägertasche,L2,,484.95,730.0,,€,in_stock,https://www.tennis-point.de/products/wilson-2x-rf-01-plus-schlaegertasche-00706704089000?_pos=351&_fid=72aa5b2cf&_ss=c
Tennis-Point,2026-07-09 09:56:26,rackets,unisex,Wilson,2x RF 01 plus Schlägertasche,L3,,484.95,730.0,,€,in_stock,https://www.tennis-point.de/products/wilson-2x-rf-01-plus-schlaegertasche-00706704089000?_pos=351&_fid=72aa5b2cf&_ss=c
Tennis-Point,2026-07-09 09:56:39,rackets,unisex,Wilson,2x Blade Blade 98 18X20 V10 plus Schlägertasche,L2,,634.95,730.0,,€,in_stock,https://www.tennis-point.de/products/wilson-2x-blade-blade-98-18x20-v10-plus-schlaegertasche-b0000007780200?_pos=349&_fid=72aa5b2cf&_ss=c
Tennis-Point,2026-07-09 09:56:39,rackets,unisex,Wilson,2x Blade Blade 98 18X20 V10 plus Schlägertasche,L3,,634.95,730.0,,€,in_stock,https://www.tennis-point.de/products/wilson-2x-blade-blade-98-18x20-v10-plus-schlaegertasche-b0000007780200?_pos=349&_fid=72aa5b2cf&_ss=c
Tennis-Point,2026-07-09 09:56:43,rackets,unisex,Yonex,2x VCORE 100 (2026) plus Schlägertasche,L2,,654.95,689.95,,€,in_stock,https://www.tennis-point.de/products/yonex-2x-vcore-100-2026-plus-schlaegertasche-b0000004800200?_pos=348&_fid=72aa5b2cf&_ss=c
Tennis-Point,2026-07-09 09:56:43,rackets,unisex,Yonex,2x VCORE 100 (2026) plus Schlägertasche,L3,,654.95,689.95,,€,out_of_stock,https://www.tennis-point.de/products/yonex-2x-vcore-100-2026-plus-schlaegertasche-b0000004800200?_pos=348&_fid=72aa5b2cf&_ss=c
Tennis-Point,2026-07-09 09:56:53,rackets,unisex,Wilson,2x Clash 100  V2.0 plus Schlägertasche,L2,,324.95,630.0,,€,in_stock,https://www.tennis-point.de/products/wilson-2x-clash-100-v20-plus-schlaegertasche-00705503990000?_pos=347&_fid=72aa5b2cf&_ss=c
Tennis-Point,2026-07-09 09:56:53,rackets,unisex,Wilson,2x Clash 100  V2.0 plus Schlägertasche,L3,,324.95,630.0,,€,in_stock,https://www.tennis-point.de/products/wilson-2x-clash-100-v20-plus-schlaegertasche-00705503990000?_pos=347&_fid=72aa5b2cf&_ss=c
Tennis-Point,2026-07-09 09:56:59,rackets,unisex,Yonex,2x VCore 100 (2026) plus Schlägertasche,L2,,719.95,749.95,,€,in_stock,https://www.tennis-point.de/products/yonex-2x-vcore-100-2026-plus-schlaegertasche-b0000004740200?_pos=346&_fid=72aa5b2cf&_ss=c
Tennis-Point,2026-07-09 09:56:59,rackets,unisex,Yonex,2x VCore 100 (2026) plus Schlägertasche,L3,,719.95,749.95,,€,out_of_stock,https://www.tennis-point.de/products/yonex-2x-vcore-100-2026-plus-schlaegertasche-b0000004740200?_pos=346&_fid=72aa5b2cf&_ss=c
Tennis-Point,2026-07-09 09:59:05,shoes,women,Head,"Sprint Pro 4.0 Sandplatzschuh Damen-Weiß,Hellgrün",EU 39,726423357629,64.95,160.0,,€,out_of_stock,https://www.tennis-point.de/products/head-sprint-pro-40-sandplatzschuh-damen-weisshellgruen-00617501994000
Tennis-Point,2026-07-09 09:59:15,shoes,women,K-Swiss,"Express Light 3 Sandplatzschuh Damen - weiß, flieder",EU 39,0196483715903,63.95,119.99,,€,out_of_stock,https://www.tennis-point.de/products/k-swiss-express-light-3-sandplatzschuh-damen-weiss-flieder-01417502426000
Tennis-Point,2026-07-09 10:00:05,shoes,women,K-Swiss,"Hypercourt Supreme 2 Sandplatzschuh Damen - schwarz, mint",EU 39,0196483825428,79.95,169.99,,€,out_of_stock,https://www.tennis-point.de/products/k-swiss-hypercourt-supreme-2-sandplatzschuh-damen-schwarz-mint-01417102450000
Tennis-Point,2026-07-09 10:01:48,shoes,women,Head,"Sprint Evo 3.5 Sandplatzschuh Damen-Weiß,Türkis",EU 39,726423358541,74.95,130.0,,€,out_of_stock,https://www.tennis-point.de/products/head-sprint-evo-35-sandplatzschuh-damen-weisstuerkis-00617501996000
Tennis-Point,2026-07-09 10:01:56,shoes,women,Head,"Sprint Team 4.0 Sandplatzschuh Damen-Creme,Hellgrün",EU 39,726423359197,58.95,110.0,,€,out_of_stock,https://www.tennis-point.de/products/head-sprint-team-40-sandplatzschuh-damen-cremehellgruen-00617502001000
Tennis-Point,2026-07-09 10:13:00,rackets,unisex,Dunlop,SX 300 Lite Turnierschläger,L2,045566178831,91.95,209.99,,€,out_of_stock,https://www.tennis-point.de/products/dunlop-sx-300-lite-turnierschlaeger-01605402261000?_pos=305&_fid=ab719adac&_ss=c
Tennis-Point,2026-07-09 10:13:00,rackets,unisex,Dunlop,SX 300 Lite Turnierschläger,L3,045566178848,91.95,209.99,,€,out_of_stock,https://www.tennis-point.de/products/dunlop-sx-300-lite-turnierschlaeger-01605402261000?_pos=305&_fid=ab719adac&_ss=c
Tennis-Point,2026-07-09 10:13:36,rackets,unisex,Dunlop,FX 500 Tour Turnierschläger,L2,0045566179630,104.95,229.99,,€,in_stock,https://www.tennis-point.de/products/dunlop-fx-500-tour-turnierschlaeger-01606202306000?_pos=301&_fid=ab719adac&_ss=c
Tennis-Point,2026-07-09 10:13:36,rackets,unisex,Dunlop,FX 500 Tour Turnierschläger,L3,0045566179647,104.95,229.99,,€,in_stock,https://www.tennis-point.de/products/dunlop-fx-500-tour-turnierschlaeger-01606202306000?_pos=301&_fid=ab719adac&_ss=c
Tennis-Point,2026-07-09 10:14:30,rackets,unisex,Dunlop,SX 300 Tour Turnierschläger,L2,0045566182616,159.95,249.99,,€,in_stock,https://www.tennis-point.de/products/dunlop-sx-300-tour-turnierschlaeger-01607502366000?_pos=295&_fid=ab719adac&_ss=c
Tennis-Point,2026-07-09 10:14:30,rackets,unisex,Dunlop,SX 300 Tour Turnierschläger,L3,0045566182623,159.95,249.99,,€,in_stock,https://www.tennis-point.de/products/dunlop-sx-300-tour-turnierschlaeger-01607502366000?_pos=295&_fid=ab719adac&_ss=c
Tennis-Point,2026-07-09 10:16:42,rackets,unisex,Wilson,Shift 99 V1 Session Soire RG 2025 Turnierschläger,L2,097512892100,169.95,270.0,,€,in_stock,https://www.tennis-point.de/products/wilson-shift-99-v1-session-soire-rg-2025-turnierschlaeger-00707004255000?_pos=279&_fid=ab719adac&_ss=c
Tennis-Point,2026-07-09 10:16:42,rackets,unisex,Wilson,Shift 99 V1 Session Soire RG 2025 Turnierschläger,L3,097512892094,169.95,270.0,,€,in_stock,https://www.tennis-point.de/products/wilson-shift-99-v1-session-soire-rg-2025-turnierschlaeger-00707004255000?_pos=279&_fid=ab719adac&_ss=c
Tennis-Point,2026-07-09 10:17:27,rackets,unisex,Dunlop,SX 300 LS Turnierschläger,L2,0045566184740,127.95,229.99,,€,in_stock,https://www.tennis-point.de/products/dunlop-sx-300-ls-turnierschlaeger-01607002407000?_pos=274&_fid=ab719adac&_ss=c
Tennis-Point,2026-07-09 10:17:27,rackets,unisex,Dunlop,SX 300 LS Turnierschläger,L3,0045566184757,127.95,229.99,,€,in_stock,https://www.tennis-point.de/products/dunlop-sx-300-ls-turnierschlaeger-01607002407000?_pos=274&_fid=ab719adac&_ss=c
Tennis-Point,2026-07-09 10:17:45,shoes,women,K-Swiss,"Express Light 3 Sandplatzschuh Damen - weiß, türkis",EU 39,0196483824827,56.95,119.99,,€,out_of_stock,https://www.tennis-point.de/products/k-swiss-express-light-3-sandplatzschuh-damen-weiss-tuerkis-01417102455000
Tennis-Point,2026-07-09 10:18:45,shoes,women,K-Swiss,"Express Light 3 Sandplatzschuh Damen - hellblau, weiß",EU 39,196483549812,59.95,119.99,,€,out_of_stock,https://www.tennis-point.de/products/k-swiss-express-light-3-sandplatzschuh-damen-hellblau-weiss-01416802399000
Tennis-Point,2026-07-09 10:18:52,shoes,women,K-Swiss,"Hypercourt Express 3 Sandplatzschuh Damen - weiß, hellblau",EU 39,199286025545,104.95,149.99,,€,out_of_stock,https://www.tennis-point.de/products/k-swiss-hypercourt-express-3-sandplatzschuh-damen-weiss-hellblau-p0000004300402
Tennis-Point,2026-07-09 10:19:20,shoes,women,Head,"Sprint Team 3.5 Sandplatzschuh Damen-Pink,Limette",EU 39,724794935743,54.95,110.0,,€,out_of_stock,https://www.tennis-point.de/products/head-sprint-team-35-sandplatzschuh-damen-pinklimette-00617502024000
Tennis-Point,2026-07-09 10:19:29,shoes,women,Head,"Revolt Pro 5.0  Sandplatzschuh Damen-weiß, apricot",EU 39,0198772063672,112.95,160.0,,€,in_stock,https://www.tennis-point.de/products/head-revolt-pro-50-sandplatzschuh-damen-weiss-apricot-p0000004231601
Tennis-Point,2026-07-09 10:24:08,rackets,unisex,Head,Boom MP Orlinski Limited Edition Turnierschläger,L2,0198772007461,178.95,260.0,,€,out_of_stock,https://www.tennis-point.de/products/head-boom-mp-orlinski-limited-edition-turnierschlaeger-00606904498000?_pos=264&_fid=3ab159fdd&_ss=c
Tennis-Point,2026-07-09 10:24:08,rackets,unisex,Head,Boom MP Orlinski Limited Edition Turnierschläger,L3,0198772007478,178.95,260.0,,€,in_stock,https://www.tennis-point.de/products/head-boom-mp-orlinski-limited-edition-turnierschlaeger-00606904498000?_pos=264&_fid=3ab159fdd&_ss=c
Tennis-Point,2026-07-09 10:24:16,rackets,unisex,Wilson,Shift 99 V1 Session Soire RG Turnierschläger,L2,00097512795616,185.95,270.0,,€,out_of_stock,https://www.tennis-point.de/products/wilson-shift-99-v1-session-soire-rg-turnierschlaeger-00706604034000?_pos=263&_fid=3ab159fdd&_ss=c
Tennis-Point,2026-07-09 10:24:16,rackets,unisex,Wilson,Shift 99 V1 Session Soire RG Turnierschläger,L3,00097512795586,185.95,270.0,,€,out_of_stock,https://www.tennis-point.de/products/wilson-shift-99-v1-session-soire-rg-turnierschlaeger-00706604034000?_pos=263&_fid=3ab159fdd&_ss=c
Tennis-Point,2026-07-09 10:25:13,rackets,unisex,Yonex,Percept 100L (280g) Turnierschläger,L2,4550468627623,229.95,299.95,,€,in_stock,https://www.tennis-point.de/products/yonex-percept-100l-280g-turnierschlaeger-01906401922000?_pos=255&_fid=3ab159fdd&_ss=c
Tennis-Point,2026-07-09 10:25:13,rackets,unisex,Yonex,Percept 100L (280g) Turnierschläger,L3,4550468627630,229.95,299.95,,€,out_of_stock,https://www.tennis-point.de/products/yonex-percept-100l-280g-turnierschlaeger-01906401922000?_pos=255&_fid=3ab159fdd&_ss=c
Tennis-Point,2026-07-09 10:25:47,rackets,unisex,Dunlop,FX 500 LS Turnierschläger,L2,045566185112,171.95,229.99,,€,in_stock,https://www.tennis-point.de/products/dunlop-fx-500-ls-turnierschlaeger-p0000001521401?_pos=251&_fid=3ab159fdd&_ss=c
Tennis-Point,2026-07-09 10:25:47,rackets,unisex,Dunlop,FX 500 LS Turnierschläger,L3,045566185129,171.95,229.99,,€,in_stock,https://www.tennis-point.de/products/dunlop-fx-500-ls-turnierschlaeger-p0000001521401?_pos=251&_fid=3ab159fdd&_ss=c
Tennis-Point,2026-07-09 10:25:53,rackets,unisex,Dunlop,SX 300 Turnierschläger,L2,0045566184702,144.95,239.99,,€,in_stock,https://www.tennis-point.de/products/dunlop-sx-300-turnierschlaeger-01607002406000?_pos=250&_fid=3ab159fdd&_ss=c
Tennis-Point,2026-07-09 10:25:53,rackets,unisex,Dunlop,SX 300 Turnierschläger,L3,0045566184719,144.95,239.99,,€,in_stock,https://www.tennis-point.de/products/dunlop-sx-300-turnierschlaeger-01607002406000?_pos=250&_fid=3ab159fdd&_ss=c
Tennis-Point,2026-07-09 10:26:03,rackets,unisex,Wilson,Shift 99L V1 US Open Turnierschläger,L2,00097512932110,162.95,250.0,,€,in_stock,https://www.tennis-point.de/products/wilson-shift-99l-v1-us-open-turnierschlaeger-00707104230000?_pos=249&_fid=3ab159fdd&_ss=c
Tennis-Point,2026-07-09 10:26:03,rackets,unisex,Wilson,Shift 99L V1 US Open Turnierschläger,L3,00097512941143,162.95,250.0,,€,in_stock,https://www.tennis-point.de/products/wilson-shift-99l-v1-us-open-turnierschlaeger-00707104230000?_pos=249&_fid=3ab159fdd&_ss=c
Tennis-Point,2026-07-09 10:26:19,rackets,unisex,Wilson,Blade Feel 105 RXT Allroundschläger unbesaitet,L2,00097512939478,62.95,85.0,,€,in_stock,https://www.tennis-point.de/products/wilson-blade-feel-105-rxt-allroundschlaeger-unbesaitet-00707604311000?_pos=247&_fid=3ab159fdd&_ss=c
Tennis-Point,2026-07-09 10:26:19,rackets,unisex,Wilson,Blade Feel 105 RXT Allroundschläger unbesaitet,L3,00097512939461,62.95,85.0,,€,in_stock,https://www.tennis-point.de/products/wilson-blade-feel-105-rxt-allroundschlaeger-unbesaitet-00707604311000?_pos=247&_fid=3ab159fdd&_ss=c
Tennis-Point,2026-07-09 10:26:31,rackets,unisex,Wilson,Ultra 95 QZ V5 Turnierschläger unbesaitet,L2,00097512971652,176.95,250.0,,€,in_stock,https://www.tennis-point.de/products/wilson-ultra-95-qz-v5-turnierschlaeger-unbesaitet-00707604288000?_pos=246&_fid=3ab159fdd&_ss=c
Tennis-Point,2026-07-09 10:26:31,rackets,unisex,Wilson,Ultra 95 QZ V5 Turnierschläger unbesaitet,L3,00097512971645,176.95,250.0,,€,in_stock,https://www.tennis-point.de/products/wilson-ultra-95-qz-v5-turnierschlaeger-unbesaitet-00707604288000?_pos=246&_fid=3ab159fdd&_ss=c
Tennis-Point,2026-07-09 10:26:40,rackets,unisex,Wilson,Roland Garros Triumph TNS Allroundschläger unbesaitet,L2,00097512933360,66.95,90.0,,€,in_stock,https://www.tennis-point.de/products/wilson-roland-garros-triumph-tns-allroundschlaeger-unbesaitet-00707604304000?_pos=245&_fid=3ab159fdd&_ss=c
Tennis-Point,2026-07-09 10:26:40,rackets,unisex,Wilson,Roland Garros Triumph TNS Allroundschläger unbesaitet,L3,00097512933353,66.95,90.0,,€,in_stock,https://www.tennis-point.de/products/wilson-roland-garros-triumph-tns-allroundschlaeger-unbesaitet-00707604304000?_pos=245&_fid=3ab159fdd&_ss=c
Tennis-Point,2026-07-09 10:26:52,rackets,unisex,Wilson,Burn 100 V5 Bright Neon Orange Turnierschläger,L2,00097512742313,119.95,200.0,,€,out_of_stock,https://www.tennis-point.de/products/wilson-burn-100-v5-bright-neon-orange-turnierschlaeger-00706404007000?_pos=243&_fid=3ab159fdd&_ss=c
Tennis-Point,2026-07-09 10:26:52,rackets,unisex,Wilson,Burn 100 V5 Bright Neon Orange Turnierschläger,L3,00097512742283,119.95,200.0,,€,in_stock,https://www.tennis-point.de/products/wilson-burn-100-v5-bright-neon-orange-turnierschlaeger-00706404007000?_pos=243&_fid=3ab159fdd&_ss=c
Tennis-Point,2026-07-09 10:27:06,rackets,unisex,Wilson,Clash Noir 100 Pro V2.0 Turnierschläger,L2,00097512727761,137.95,250.0,,€,in_stock,https://www.tennis-point.de/products/wilson-clash-noir-100-pro-v20-turnierschlaeger-00706604065000?_pos=241&_fid=3ab159fdd&_ss=c
Tennis-Point,2026-07-09 10:27:06,rackets,unisex,Wilson,Clash Noir 100 Pro V2.0 Turnierschläger,L3,00097512727778,137.95,250.0,,€,out_of_stock,https://www.tennis-point.de/products/wilson-clash-noir-100-pro-v20-turnierschlaeger-00706604065000?_pos=241&_fid=3ab159fdd&_ss=c
Tennis-Point,2026-07-09 10:27:14,rackets,unisex,Dunlop,SX 300 LS Turnierschläger unbesaitet,L2,0045566182692,141.95,229.99,,€,in_stock,https://www.tennis-point.de/products/dunlop-sx-300-ls-turnierschlaeger-unbesaitet-01607502368000?_pos=240&_fid=3ab159fdd&_ss=c
Tennis-Point,2026-07-09 10:27:14,rackets,unisex,Dunlop,SX 300 LS Turnierschläger unbesaitet,L3,0045566182708,141.95,229.99,,€,in_stock,https://www.tennis-point.de/products/dunlop-sx-300-ls-turnierschlaeger-unbesaitet-01607502368000?_pos=240&_fid=3ab159fdd&_ss=c
Tennis-Point,2026-07-09 10:27:20,rackets,unisex,Head,Gravity MP (2023) Turnierschläger unbesaitet,L2,724794628850,139.95,280.0,,€,out_of_stock,https://www.tennis-point.de/products/head-gravity-mp-2023-turnierschlaeger-unbesaitet-00606204259000?_pos=239&_fid=3ab159fdd&_ss=c
Tennis-Point,2026-07-09 10:27:20,rackets,unisex,Head,Gravity MP (2023) Turnierschläger unbesaitet,L3,724794628867,139.95,280.0,,€,out_of_stock,https://www.tennis-point.de/products/head-gravity-mp-2023-turnierschlaeger-unbesaitet-00606204259000?_pos=239&_fid=3ab159fdd&_ss=c
Tennis-Point,2026-07-09 10:28:00,shoes,women,K-Swiss,"Express Light 3 Teppichschuh Damen-Weiß,Mehrfarbig",EU 39,196483927870,67.95,119.95,,€,out_of_stock,https://www.tennis-point.de/products/k-swiss-express-light-3-teppichschuh-damen-weissmehrfarbig-01417102481000
Tennis-Point,2026-07-09 10:29:45,shoes,women,K-Swiss,"Hypercourt Express 3 Sandplatzschuh Damen - weiß, lavendel",EU 39,196483942910,78.95,149.99,,€,out_of_stock,https://www.tennis-point.de/products/k-swiss-hypercourt-express-3-sandplatzschuh-damen-weiss-lavendel-p0000004300401
Tennis-Point,2026-07-09 10:33:18,rackets,unisex,Dunlop,FX 500 Superlite Allroundschläger,L2,045566185181,122.95,209.99,,€,in_stock,https://www.tennis-point.de/products/dunlop-fx-500-superlite-allroundschlaeger-p0000001521201?_pos=235&_fid=a8a9e6cfd&_ss=c
Tennis-Point,2026-07-09 10:33:18,rackets,unisex,Dunlop,FX 500 Superlite Allroundschläger,L3,045566185198,122.95,209.99,,€,in_stock,https://www.tennis-point.de/products/dunlop-fx-500-superlite-allroundschlaeger-p0000001521201?_pos=235&_fid=a8a9e6cfd&_ss=c
Tennis-Point,2026-07-09 10:33:26,rackets,unisex,Wilson,Shift 99L V1 Turnierschläger,L2,00097512962506,158.95,250.0,,€,in_stock,https://www.tennis-point.de/products/wilson-shift-99l-v1-turnierschlaeger-00707004260000?_pos=234&_fid=a8a9e6cfd&_ss=c
Tennis-Point,2026-07-09 10:33:26,rackets,unisex,Wilson,Shift 99L V1 Turnierschläger,L3,00097512962513,158.95,250.0,,€,in_stock,https://www.tennis-point.de/products/wilson-shift-99l-v1-turnierschlaeger-00707004260000?_pos=234&_fid=a8a9e6cfd&_ss=c
Tennis-Point,2026-07-09 10:33:35,rackets,unisex,Yonex,Percept Game (270g) Allroundschläger,L2,4550675322663,157.95,229.95,,€,in_stock,https://www.tennis-point.de/products/yonex-percept-game-270g-allroundschlaeger-01907101989000?_pos=233&_fid=a8a9e6cfd&_ss=c
Tennis-Point,2026-07-09 10:33:35,rackets,unisex,Yonex,Percept Game (270g) Allroundschläger,L3,4550675322670,157.95,229.95,,€,in_stock,https://www.tennis-point.de/products/yonex-percept-game-270g-allroundschlaeger-01907101989000?_pos=233&_fid=a8a9e6cfd&_ss=c
Tennis-Point,2026-07-09 10:33:45,rackets,unisex,Wilson,Clash 98 Pro V2.0 Turnierschläger,L2,00097512598392,149.95,270.0,,€,out_of_stock,https://www.tennis-point.de/products/wilson-clash-98-pro-v20-turnierschlaeger-00705503742000?_pos=232&_fid=a8a9e6cfd&_ss=c
Tennis-Point,2026-07-09 10:33:45,rackets,unisex,Wilson,Clash 98 Pro V2.0 Turnierschläger,L3,00097512598408,149.95,270.0,,€,in_stock,https://www.tennis-point.de/products/wilson-clash-98-pro-v20-turnierschlaeger-00705503742000?_pos=232&_fid=a8a9e6cfd&_ss=c
Tennis-Point,2026-07-09 10:34:04,rackets,unisex,Wilson,Clash 100 V2.0 Noir Turnierschläger,L2,00097512718066,144.95,290.0,,€,out_of_stock,https://www.tennis-point.de/products/wilson-clash-100-v20-noir-turnierschlaeger-00706403957000?_pos=230&_fid=a8a9e6cfd&_ss=c
Tennis-Point,2026-07-09 10:34:04,rackets,unisex,Wilson,Clash 100 V2.0 Noir Turnierschläger,L3,00097512718073,144.95,290.0,,€,in_stock,https://www.tennis-point.de/products/wilson-clash-100-v20-noir-turnierschlaeger-00706403957000?_pos=230&_fid=a8a9e6cfd&_ss=c
Tennis-Point,2026-07-09 10:34:21,rackets,unisex,Head,Gravity Pro 2025 Turnierschläger,L2,726423385363,208.95,300.0,,€,in_stock,https://www.tennis-point.de/products/head-gravity-pro-2025-turnierschlaeger-00607504508000?_pos=228&_fid=a8a9e6cfd&_ss=c
Tennis-Point,2026-07-09 10:34:21,rackets,unisex,Head,Gravity Pro 2025 Turnierschläger,L3,726423385370,208.95,300.0,,€,in_stock,https://www.tennis-point.de/products/head-gravity-pro-2025-turnierschlaeger-00607504508000?_pos=228&_fid=a8a9e6cfd&_ss=c
Tennis-Point,2026-07-09 10:34:31,rackets,unisex,Head,Radical Pro 18x20 2025 Turnierschläger,L2,0198772071653,192.95,299.95,,€,in_stock,https://www.tennis-point.de/products/head-radical-pro-18x20-2025-turnierschlaeger-00607504564000?_pos=227&_fid=a8a9e6cfd&_ss=c
Tennis-Point,2026-07-09 10:34:31,rackets,unisex,Head,Radical Pro 18x20 2025 Turnierschläger,L3,0198772071660,192.95,299.95,,€,in_stock,https://www.tennis-point.de/products/head-radical-pro-18x20-2025-turnierschlaeger-00607504564000?_pos=227&_fid=a8a9e6cfd&_ss=c
Tennis-Point,2026-07-09 10:34:46,rackets,unisex,Head,Radical Pro 18X20 Turnierschläger,L2,0724794624609,104.95,299.95,,€,in_stock,https://www.tennis-point.de/products/head-radical-pro-18x20-turnierschlaeger-00606704407000?_pos=225&_fid=a8a9e6cfd&_ss=c
Tennis-Point,2026-07-09 10:34:46,rackets,unisex,Head,Radical Pro 18X20 Turnierschläger,L3,0724794624616,104.95,299.95,,€,in_stock,https://www.tennis-point.de/products/head-radical-pro-18x20-turnierschlaeger-00606704407000?_pos=225&_fid=a8a9e6cfd&_ss=c
Tennis-Point,2026-07-09 10:35:06,rackets,unisex,Wilson,Blade Feel 103 Allroundschläger unbesaitet,L2,00097512939508,81.95,110.0,,€,in_stock,https://www.tennis-point.de/products/wilson-blade-feel-103-allroundschlaeger-unbesaitet-00707604309000?_pos=223&_fid=a8a9e6cfd&_ss=c
Tennis-Point,2026-07-09 10:35:06,rackets,unisex,Wilson,Blade Feel 103 Allroundschläger unbesaitet,L3,00097512939515,81.95,110.0,,€,in_stock,https://www.tennis-point.de/products/wilson-blade-feel-103-allroundschlaeger-unbesaitet-00707604309000?_pos=223&_fid=a8a9e6cfd&_ss=c
Tennis-Point,2026-07-09 10:35:15,rackets,unisex,Wilson,Envy SE Allroundschläger unbesaitet,L2,00097512964203,101.95,150.0,,€,in_stock,https://www.tennis-point.de/products/wilson-envy-se-allroundschlaeger-unbesaitet-00707604313000?_pos=222&_fid=a8a9e6cfd&_ss=c
Tennis-Point,2026-07-09 10:35:15,rackets,unisex,Wilson,Envy SE Allroundschläger unbesaitet,L3,00097512964197,101.95,150.0,,€,in_stock,https://www.tennis-point.de/products/wilson-envy-se-allroundschlaeger-unbesaitet-00707604313000?_pos=222&_fid=a8a9e6cfd&_ss=c
Tennis-Point,2026-07-09 10:35:24,rackets,unisex,Wilson,Roland Garros Team TNS Allroundschläger unbesaitet,L2,00097512933438,106.95,150.0,,€,out_of_stock,https://www.tennis-point.de/products/wilson-roland-garros-team-tns-allroundschlaeger-unbesaitet-00707604302000?_pos=221&_fid=a8a9e6cfd&_ss=c
Tennis-Point,2026-07-09 10:35:24,rackets,unisex,Wilson,Roland Garros Team TNS Allroundschläger unbesaitet,L3,00097512933445,106.95,150.0,,€,in_stock,https://www.tennis-point.de/products/wilson-roland-garros-team-tns-allroundschlaeger-unbesaitet-00707604302000?_pos=221&_fid=a8a9e6cfd&_ss=c
Tennis-Point,2026-07-09 10:35:31,rackets,unisex,Dunlop,SX 300 Lite Turnierschläger unbesaitet,L2,0045566184788,122.95,209.99,,€,in_stock,https://www.tennis-point.de/products/dunlop-sx-300-lite-turnierschlaeger-unbesaitet-01607002408000?_pos=220&_fid=a8a9e6cfd&_ss=c
Tennis-Point,2026-07-09 10:35:31,rackets,unisex,Dunlop,SX 300 Lite Turnierschläger unbesaitet,L3,0045566184795,122.95,209.99,,€,in_stock,https://www.tennis-point.de/products/dunlop-sx-300-lite-turnierschlaeger-unbesaitet-01607002408000?_pos=220&_fid=a8a9e6cfd&_ss=c
Tennis-Point,2026-07-09 10:35:52,rackets,unisex,Wilson,Clash Team 103 V3.0 Turnierschläger,L2,00097512893411,134.95,170.0,,€,in_stock,https://www.tennis-point.de/products/wilson-clash-team-103-v30-turnierschlaeger-00707504164000?_pos=218&_fid=a8a9e6cfd&_ss=c
Tennis-Point,2026-07-09 10:35:52,rackets,unisex,Wilson,Clash Team 103 V3.0 Turnierschläger,L3,00097512893374,134.95,170.0,,€,in_stock,https://www.tennis-point.de/products/wilson-clash-team-103-v30-turnierschlaeger-00707504164000?_pos=218&_fid=a8a9e6cfd&_ss=c
Tennis-Point,2026-07-09 10:36:09,rackets,unisex,Yonex,Astrel 105 Turnierschläger,L2,4550468678090,192.95,299.9,,€,out_of_stock,https://www.tennis-point.de/products/yonex-astrel-105-turnierschlaeger-01906401937000?_pos=216&_fid=a8a9e6cfd&_ss=c
Tennis-Point,2026-07-09 10:36:09,rackets,unisex,Yonex,Astrel 105 Turnierschläger,L3,4550468678106,192.95,299.9,,€,in_stock,https://www.tennis-point.de/products/yonex-astrel-105-turnierschlaeger-01906401937000?_pos=216&_fid=a8a9e6cfd&_ss=c
Tennis-Point,2026-07-09 10:36:24,rackets,unisex,Wilson,Shift 99 Pro V1 Turnierschläger unbesaitet,L2,00097512727990,162.95,270.0,,€,in_stock,https://www.tennis-point.de/products/wilson-shift-99-pro-v1-turnierschlaeger-unbesaitet-00706303997000?_pos=214&_fid=a8a9e6cfd&_ss=c
Tennis-Point,2026-07-09 10:36:24,rackets,unisex,Wilson,Shift 99 Pro V1 Turnierschläger unbesaitet,L3,00097512727983,162.95,270.0,,€,in_stock,https://www.tennis-point.de/products/wilson-shift-99-pro-v1-turnierschlaeger-unbesaitet-00706303997000?_pos=214&_fid=a8a9e6cfd&_ss=c
Tennis-Point,2026-07-09 10:36:31,rackets,unisex,Dunlop,CX 200 OS Turnierschläger,L2,045566180940,139.95,229.99,,€,in_stock,https://www.tennis-point.de/products/dunlop-cx-200-os-turnierschlaeger-01606602341000?_pos=213&_fid=a8a9e6cfd&_ss=c
Tennis-Point,2026-07-09 10:36:31,rackets,unisex,Dunlop,CX 200 OS Turnierschläger,L3,045566180957,139.95,229.99,,€,out_of_stock,https://www.tennis-point.de/products/dunlop-cx-200-os-turnierschlaeger-01606602341000?_pos=213&_fid=a8a9e6cfd&_ss=c
Tennis-Point,2026-07-09 10:36:41,rackets,unisex,Dunlop,FX 500 Turnierschläger unbesaitet,L2,045566185075,141.95,239.99,,€,in_stock,https://www.tennis-point.de/products/dunlop-fx-500-turnierschlaeger-unbesaitet-p0000001520901?_pos=212&_fid=a8a9e6cfd&_ss=c
Tennis-Point,2026-07-09 10:36:41,rackets,unisex,Dunlop,FX 500 Turnierschläger unbesaitet,L3,045566185082,141.95,239.99,,€,in_stock,https://www.tennis-point.de/products/dunlop-fx-500-turnierschlaeger-unbesaitet-p0000001520901?_pos=212&_fid=a8a9e6cfd&_ss=c
Tennis-Point,2026-07-09 10:36:57,rackets,unisex,Wilson,Roland Garros Equipe HP TNS Allroundschläger unbesaitet,L2,00097512933391,82.95,120.0,,€,in_stock,https://www.tennis-point.de/products/wilson-roland-garros-equipe-hp-tns-allroundschlaeger-unbesaitet-00707604303000?_pos=210&_fid=a8a9e6cfd&_ss=c
Tennis-Point,2026-07-09 10:36:57,rackets,unisex,Wilson,Roland Garros Equipe HP TNS Allroundschläger unbesaitet,L3,00097512933407,82.95,120.0,,€,in_stock,https://www.tennis-point.de/products/wilson-roland-garros-equipe-hp-tns-allroundschlaeger-unbesaitet-00707604303000?_pos=210&_fid=a8a9e6cfd&_ss=c
Tennis-Point,2026-07-09 10:37:06,rackets,unisex,Dunlop,FX 500 Lite Allroundschläger,L2,045566185150,127.95,219.99,,€,in_stock,https://www.tennis-point.de/products/dunlop-fx-500-lite-allroundschlaeger-p0000001521601?_pos=209&_fid=a8a9e6cfd&_ss=c
Tennis-Point,2026-07-09 10:37:06,rackets,unisex,Dunlop,FX 500 Lite Allroundschläger,L3,045566185167,127.95,219.99,,€,in_stock,https://www.tennis-point.de/products/dunlop-fx-500-lite-allroundschlaeger-p0000001521601?_pos=209&_fid=a8a9e6cfd&_ss=c
Tennis-Point,2026-07-09 10:37:14,rackets,unisex,Wilson,Pro Staff RXT 105 Allroundschläger,L2,00097512850537,67.95,85.0,,€,out_of_stock,https://www.tennis-point.de/products/wilson-pro-staff-rxt-105-allroundschlaeger-00707504169000?_pos=208&_fid=a8a9e6cfd&_ss=c
Tennis-Point,2026-07-09 10:37:14,rackets,unisex,Wilson,Pro Staff RXT 105 Allroundschläger,L3,00097512850506,67.95,85.0,,€,out_of_stock,https://www.tennis-point.de/products/wilson-pro-staff-rxt-105-allroundschlaeger-00707504169000?_pos=208&_fid=a8a9e6cfd&_ss=c
Tennis-Point,2026-07-09 10:37:33,rackets,unisex,Wilson,Ultra Tour 98 V5 Turnierschläger unbesaitet,L2,00097512929479,195.95,250.0,,€,in_stock,https://www.tennis-point.de/products/wilson-ultra-tour-98-v5-turnierschlaeger-unbesaitet-00707604287000?_pos=206&_fid=a8a9e6cfd&_ss=c
Tennis-Point,2026-07-09 10:37:33,rackets,unisex,Wilson,Ultra Tour 98 V5 Turnierschläger unbesaitet,L3,00097512929493,195.95,250.0,,€,in_stock,https://www.tennis-point.de/products/wilson-ultra-tour-98-v5-turnierschlaeger-unbesaitet-00707604287000?_pos=206&_fid=a8a9e6cfd&_ss=c
Tennis-Point,2026-07-09 10:40:16,shoes,women,Head,"Revolt Court 5.0  Allcourtschuh Damen-weiß, blau",EU 39,0198772064877,61.95,85.0,,€,out_of_stock,https://www.tennis-point.de/products/head-revolt-court-50-allcourtschuh-damen-weiss-blau-p0000004220701
Tennis-Point,2026-07-09 10:41:39,shoes,women,K-Swiss,"Express Light 3 Sandplatzschuh Damen - schwarz, silber",EU 39,196483943870,69.95,119.99,,€,in_stock,https://www.tennis-point.de/products/k-swiss-express-light-3-sandplatzschuh-damen-schwarz-silber-a0000004301201
Tennis-Point,2026-07-09 10:42:49,rackets,unisex,Head,Prestige Tour 2023 Turnierschläger,L2,724794924242,208.95,300.0,,€,out_of_stock,https://www.tennis-point.de/products/head-prestige-tour-2023-turnierschlaeger-00606404319000?_pos=204&_fid=c453cce2a&_ss=c
Tennis-Point,2026-07-09 10:42:49,rackets,unisex,Head,Prestige Tour 2023 Turnierschläger,L3,724794924259,208.95,300.0,,€,in_stock,https://www.tennis-point.de/products/head-prestige-tour-2023-turnierschlaeger-00606404319000?_pos=204&_fid=c453cce2a&_ss=c
Tennis-Point,2026-07-09 10:43:05,rackets,unisex,Dunlop,FX 500 Tour Turnierschläger unbesaitet,L2,045566185037,139.95,249.99,,€,in_stock,https://www.tennis-point.de/products/dunlop-fx-500-tour-turnierschlaeger-unbesaitet-p0000001520301?_pos=202&_fid=c453cce2a&_ss=c
Tennis-Point,2026-07-09 10:43:05,rackets,unisex,Dunlop,FX 500 Tour Turnierschläger unbesaitet,L3,045566185044,139.95,249.99,,€,in_stock,https://www.tennis-point.de/products/dunlop-fx-500-tour-turnierschlaeger-unbesaitet-p0000001520301?_pos=202&_fid=c453cce2a&_ss=c
Tennis-Point,2026-07-09 10:43:17,rackets,unisex,Dunlop,SX 300 Turnierschläger,L2,0045566182654,153.95,239.99,,€,in_stock,https://www.tennis-point.de/products/dunlop-sx-300-turnierschlaeger-01607502367000?_pos=200&_fid=c453cce2a&_ss=c
Tennis-Point,2026-07-09 10:43:17,rackets,unisex,Dunlop,SX 300 Turnierschläger,L3,0045566182661,153.95,239.99,,€,in_stock,https://www.tennis-point.de/products/dunlop-sx-300-turnierschlaeger-01607502367000?_pos=200&_fid=c453cce2a&_ss=c
Tennis-Point,2026-07-09 10:43:32,rackets,unisex,Dunlop,SX 300 Lite Turnierschläger,L2,0045566182739,137.95,209.99,,€,in_stock,https://www.tennis-point.de/products/dunlop-sx-300-lite-turnierschlaeger-01607502369000?_pos=198&_fid=c453cce2a&_ss=c
Tennis-Point,2026-07-09 10:43:32,rackets,unisex,Dunlop,SX 300 Lite Turnierschläger,L3,0045566182746,137.95,209.99,,€,in_stock,https://www.tennis-point.de/products/dunlop-sx-300-lite-turnierschlaeger-01607502369000?_pos=198&_fid=c453cce2a&_ss=c
Tennis-Point,2026-07-09 10:43:48,rackets,unisex,Wilson,Roland Garros Elite Allroundschläger unbesaitet,L2,00097512933339,40.95,50.0,,€,in_stock,https://www.tennis-point.de/products/wilson-roland-garros-elite-allroundschlaeger-unbesaitet-00707604305000?_pos=196&_fid=c453cce2a&_ss=c
Tennis-Point,2026-07-09 10:43:48,rackets,unisex,Wilson,Roland Garros Elite Allroundschläger unbesaitet,L3,00097512933346,40.95,50.0,,€,out_of_stock,https://www.tennis-point.de/products/wilson-roland-garros-elite-allroundschlaeger-unbesaitet-00707604305000?_pos=196&_fid=c453cce2a&_ss=c
Tennis-Point,2026-07-09 10:44:10,rackets,unisex,Yonex,Percept 100 D (305g) Turnierschläger,L2,4550468627579,243.95,319.9,,€,in_stock,https://www.tennis-point.de/products/yonex-percept-100-d-305g-turnierschlaeger-01906401920000?_pos=193&_fid=c453cce2a&_ss=c
Tennis-Point,2026-07-09 10:44:10,rackets,unisex,Yonex,Percept 100 D (305g) Turnierschläger,L3,4550468627586,243.95,319.9,,€,in_stock,https://www.tennis-point.de/products/yonex-percept-100-d-305g-turnierschlaeger-01906401920000?_pos=193&_fid=c453cce2a&_ss=c
Tennis-Point,2026-07-09 10:44:26,rackets,unisex,Wilson,Clash 100 L V3.0 RG Turnierschläger unbesaitet,L2,00097512975292,215.95,220.0,,€,out_of_stock,https://www.tennis-point.de/products/wilson-clash-100-l-v30-rg-turnierschlaeger-unbesaitet-00707604295000?_pos=191&_fid=c453cce2a&_ss=c
Tennis-Point,2026-07-09 10:44:26,rackets,unisex,Wilson,Clash 100 L V3.0 RG Turnierschläger unbesaitet,L3,00097512975261,215.95,220.0,,€,in_stock,https://www.tennis-point.de/products/wilson-clash-100-l-v30-rg-turnierschlaeger-unbesaitet-00707604295000?_pos=191&_fid=c453cce2a&_ss=c
Tennis-Point,2026-07-09 10:44:34,rackets,unisex,Head,Extreme Team 2024 Turnierschläger,L2,726423218357,157.95,230.0,,€,in_stock,https://www.tennis-point.de/products/head-extreme-team-2024-turnierschlaeger-00606704421000?_pos=190&_fid=c453cce2a&_ss=c
Tennis-Point,2026-07-09 10:44:34,rackets,unisex,Head,Extreme Team 2024 Turnierschläger,L3,726423218364,157.95,230.0,,€,in_stock,https://www.tennis-point.de/products/head-extreme-team-2024-turnierschlaeger-00606704421000?_pos=190&_fid=c453cce2a&_ss=c
Tennis-Point,2026-07-09 10:44:39,rackets,unisex,Head,Instinct MP 2025 Turnierschläger,L2,726423348436,109.95,160.0,,€,in_stock,https://www.tennis-point.de/products/head-instinct-mp-2025-turnierschlaeger-00607504514000?_pos=189&_fid=c453cce2a&_ss=c
Tennis-Point,2026-07-09 10:44:39,rackets,unisex,Head,Instinct MP 2025 Turnierschläger,L3,726423348443,109.95,160.0,,€,in_stock,https://www.tennis-point.de/products/head-instinct-mp-2025-turnierschlaeger-00607504514000?_pos=189&_fid=c453cce2a&_ss=c
Tennis-Point,2026-07-09 10:45:14,rackets,unisex,Wilson,US Open GS 105 Allroundschläger unbesaitet,L2,00097512970037,58.95,80.0,,€,in_stock,https://www.tennis-point.de/products/wilson-us-open-gs-105-allroundschlaeger-unbesaitet-00707604308000?_pos=185&_fid=c453cce2a&_ss=c
Tennis-Point,2026-07-09 10:45:14,rackets,unisex,Wilson,US Open GS 105 Allroundschläger unbesaitet,L3,00097512970044,58.95,80.0,,€,in_stock,https://www.tennis-point.de/products/wilson-us-open-gs-105-allroundschlaeger-unbesaitet-00707604308000?_pos=185&_fid=c453cce2a&_ss=c
Tennis-Point,2026-07-09 10:45:22,rackets,unisex,Head,Radical MP 18X20 2025 Turnierschläger,L2,0198772015848,249.95,279.95,,€,in_stock,https://www.tennis-point.de/products/head-radical-mp-18x20-2025-turnierschlaeger-00607504565000?_pos=184&_fid=c453cce2a&_ss=c
Tennis-Point,2026-07-09 10:45:22,rackets,unisex,Head,Radical MP 18X20 2025 Turnierschläger,L3,0198772015855,249.95,279.95,,€,in_stock,https://www.tennis-point.de/products/head-radical-mp-18x20-2025-turnierschlaeger-00607504565000?_pos=184&_fid=c453cce2a&_ss=c
Tennis-Point,2026-07-09 10:45:32,rackets,unisex,Head,Boom MP Neon 2025 Turnierschläger,L2,198772103576,129.95,260.0,,€,out_of_stock,https://www.tennis-point.de/products/head-boom-mp-neon-2025-turnierschlaeger-00607004575000?_pos=183&_fid=c453cce2a&_ss=c
Tennis-Point,2026-07-09 10:45:32,rackets,unisex,Head,Boom MP Neon 2025 Turnierschläger,L3,198772103583,129.95,260.0,,€,in_stock,https://www.tennis-point.de/products/head-boom-mp-neon-2025-turnierschlaeger-00607004575000?_pos=183&_fid=c453cce2a&_ss=c
Tennis-Point,2026-07-09 10:45:40,rackets,unisex,Head,Instinct Team 2025 Turnierschläger,L2,726423348559,119.95,150.0,,€,out_of_stock,https://www.tennis-point.de/products/head-instinct-team-2025-turnierschlaeger-00607504516000?_pos=182&_fid=c453cce2a&_ss=c
Tennis-Point,2026-07-09 10:45:40,rackets,unisex,Head,Instinct Team 2025 Turnierschläger,L3,726423348566,119.95,150.0,,€,out_of_stock,https://www.tennis-point.de/products/head-instinct-team-2025-turnierschlaeger-00607504516000?_pos=182&_fid=c453cce2a&_ss=c
Tennis-Point,2026-07-09 10:45:50,rackets,unisex,Wilson,Blade Feel 100 Allroundschläger unbesaitet,L2,00097512939546,94.95,130.0,,€,in_stock,https://www.tennis-point.de/products/wilson-blade-feel-100-allroundschlaeger-unbesaitet-00707604310000?_pos=181&_fid=c453cce2a&_ss=c
Tennis-Point,2026-07-09 10:45:50,rackets,unisex,Wilson,Blade Feel 100 Allroundschläger unbesaitet,L3,00097512939539,94.95,130.0,,€,in_stock,https://www.tennis-point.de/products/wilson-blade-feel-100-allroundschlaeger-unbesaitet-00707604310000?_pos=181&_fid=c453cce2a&_ss=c
Tennis-Point,2026-07-09 10:45:58,rackets,unisex,Wilson,Blade 100L V8 Bright Neon Green Turnierschläger,L2,00097512742856,129.95,240.0,,€,out_of_stock,https://www.tennis-point.de/products/wilson-blade-100l-v8-bright-neon-green-turnierschlaeger-00706404008000?_pos=180&_fid=c453cce2a&_ss=c
Tennis-Point,2026-07-09 10:45:58,rackets,unisex,Wilson,Blade 100L V8 Bright Neon Green Turnierschläger,L3,00097512742863,129.95,240.0,,€,in_stock,https://www.tennis-point.de/products/wilson-blade-100l-v8-bright-neon-green-turnierschlaeger-00706404008000?_pos=180&_fid=c453cce2a&_ss=c
Tennis-Point,2026-07-09 10:46:13,rackets,unisex,Head,Prestige MP 2023 Turnierschläger,L2,724794924341,239.95,300.0,,€,in_stock,https://www.tennis-point.de/products/head-prestige-mp-2023-turnierschlaeger-00606404320000?_pos=178&_fid=c453cce2a&_ss=c
Tennis-Point,2026-07-09 10:46:13,rackets,unisex,Head,Prestige MP 2023 Turnierschläger,L3,724794924358,239.95,300.0,,€,out_of_stock,https://www.tennis-point.de/products/head-prestige-mp-2023-turnierschlaeger-00606404320000?_pos=178&_fid=c453cce2a&_ss=c
Tennis-Point,2026-07-09 10:46:17,rackets,unisex,Head,Radical Pro Turnierschläger,L2,724794623947,132.95,300.0,,€,in_stock,https://www.tennis-point.de/products/head-radical-pro-turnierschlaeger-00606204252000?_pos=177&_fid=c453cce2a&_ss=c
Tennis-Point,2026-07-09 10:46:17,rackets,unisex,Head,Radical Pro Turnierschläger,L3,724794623954,132.95,300.0,,€,out_of_stock,https://www.tennis-point.de/products/head-radical-pro-turnierschlaeger-00606204252000?_pos=177&_fid=c453cce2a&_ss=c
Tennis-Point,2026-07-09 10:46:27,rackets,unisex,Dunlop,CX 200 Tour 18x20 Turnierschläger,L2,045566180810,179.95,269.99,,€,in_stock,https://www.tennis-point.de/products/dunlop-cx-200-tour-18x20-turnierschlaeger-01606602342000?_pos=176&_fid=c453cce2a&_ss=c
Tennis-Point,2026-07-09 10:46:27,rackets,unisex,Dunlop,CX 200 Tour 18x20 Turnierschläger,L3,045566180827,179.95,269.99,,€,in_stock,https://www.tennis-point.de/products/dunlop-cx-200-tour-18x20-turnierschlaeger-01606602342000?_pos=176&_fid=c453cce2a&_ss=c
Tennis-Point,2026-07-09 10:46:35,rackets,unisex,Wilson,RF 01 Laver Cup 2025 Turnierschläger unbesaitet,L2,00097512931724,189.95,280.0,,€,out_of_stock,https://www.tennis-point.de/products/wilson-rf-01-laver-cup-2025-turnierschlaeger-unbesaitet-00707104231000?_pos=175&_fid=c453cce2a&_ss=c
Tennis-Point,2026-07-09 10:46:35,rackets,unisex,Wilson,RF 01 Laver Cup 2025 Turnierschläger unbesaitet,L3,00097512931731,189.95,280.0,,€,in_stock,https://www.tennis-point.de/products/wilson-rf-01-laver-cup-2025-turnierschlaeger-unbesaitet-00707104231000?_pos=175&_fid=c453cce2a&_ss=c
Tennis-Point,2026-07-09 10:46:51,rackets,unisex,Head,Boom Team 2024 Turnierschläger unbesaitet,L2,724794925201,99.95,230.0,,€,out_of_stock,https://www.tennis-point.de/products/head-boom-team-2024-turnierschlaeger-unbesaitet-00606604333000?_pos=173&_fid=c453cce2a&_ss=c
Tennis-Point,2026-07-09 10:46:51,rackets,unisex,Head,Boom Team 2024 Turnierschläger unbesaitet,L3,724794925218,99.95,230.0,,€,in_stock,https://www.tennis-point.de/products/head-boom-team-2024-turnierschlaeger-unbesaitet-00606604333000?_pos=173&_fid=c453cce2a&_ss=c
Tennis-Point,2026-07-09 10:46:59,rackets,unisex,Head,Speed MP UL 2026 Turnierschläger unbesaitet,L2,198772135430,182.95,230.0,,€,in_stock,https://www.tennis-point.de/products/head-speed-mp-ul-2026-turnierschlaeger-unbesaitet-p0000001851401?_pos=172&_fid=c453cce2a&_ss=c
Tennis-Point,2026-07-09 10:46:59,rackets,unisex,Head,Speed MP UL 2026 Turnierschläger unbesaitet,L3,198772135447,182.95,230.0,,€,in_stock,https://www.tennis-point.de/products/head-speed-mp-ul-2026-turnierschlaeger-unbesaitet-p0000001851401?_pos=172&_fid=c453cce2a&_ss=c
Tennis-Point,2026-07-09 10:47:05,rackets,unisex,Head,Speed Team 2026 Turnierschläger unbesaitet,L2,198772135553,195.95,250.0,,€,in_stock,https://www.tennis-point.de/products/head-speed-team-2026-turnierschlaeger-unbesaitet-p0000001853201?_pos=171&_fid=c453cce2a&_ss=c
Tennis-Point,2026-07-09 10:47:05,rackets,unisex,Head,Speed Team 2026 Turnierschläger unbesaitet,L3,198772135560,195.95,250.0,,€,in_stock,https://www.tennis-point.de/products/head-speed-team-2026-turnierschlaeger-unbesaitet-p0000001853201?_pos=171&_fid=c453cce2a&_ss=c
Tennis-Point,2026-07-09 10:47:14,shoes,women,Head,"Sprint EVO  Allcourtschuh Damen-weiß, hellblau",EU 39,0198772064037,84.95,130.0,,€,out_of_stock,https://www.tennis-point.de/products/head-sprint-evo-allcourtschuh-damen-weiss-hellblau-p0000004221001
Tennis-Point,2026-07-09 10:47:21,shoes,women,K-Swiss,"Hypercourt Supreme 2 Sandplatzschuh Damen - weiß, lavendel",EU 39,196483944471,84.95,169.99,,€,out_of_stock,https://www.tennis-point.de/products/k-swiss-hypercourt-supreme-2-sandplatzschuh-damen-weiss-lavendel-a0000004310301
Tennis-Point,2026-07-09 10:47:50,shoes,women,K-Swiss,"Express Light 3 x Quiet Please Sandplatzschuh Damen - weiß, gelb",EU 39,0199286149777,119.95,119.99,,€,in_stock,https://www.tennis-point.de/products/k-swiss-express-light-3-x-quiet-please-sandplatzschuh-damen-weiss-gelb-p0000004910201
Tennis-Point,2026-07-09 10:49:21,shoes,women,Head,"Sprint Team 4.0  Sandplatzschuh Damen-blau, dunkelblau",EU 39,0198772064396,69.95,110.0,,€,out_of_stock,https://www.tennis-point.de/products/head-sprint-team-40-sandplatzschuh-damen-blau-dunkelblau-p0000004220601
Tennis-Point,2026-07-09 10:49:44,shoes,women,K-Swiss,"Express Light 3 Allcourtschuh Damen - weiß, lavendel",EU 39,196483943757,67.95,119.99,,€,in_stock,https://www.tennis-point.de/products/k-swiss-express-light-3-allcourtschuh-damen-weiss-lavendel-a0000004310201
Tennis-Point,2026-07-09 10:50:31,shoes,women,K-Swiss,Court Express Sandplatzschuh Damen-Schwarz,EU 39,0196483144529,39.95,89.99,,€,out_of_stock,https://www.tennis-point.de/products/k-swiss-court-express-sandplatzschuh-damen-schwarz-01416202236000
Tennis-Point,2026-07-09 10:51:53,shoes,women,K-Swiss,"Hypercourt Express 2 Sandplatzschuh Damen-Schwarz,Mehrfarbig",EU 39,0196483823387,63.95,139.99,,€,in_stock,https://www.tennis-point.de/products/k-swiss-hypercourt-express-2-sandplatzschuh-damen-schwarzmehrfarbig-01417102451000
Tennis-Point,2026-07-09 10:53:01,rackets,unisex,Wilson,US Open Pro 100 Allroundschläger unbesaitet,L2,00097512970105,135.95,200.0,,€,in_stock,https://www.tennis-point.de/products/wilson-us-open-pro-100-allroundschlaeger-unbesaitet-00707604307000?_pos=166&_fid=2123a4e2d&_ss=c
Tennis-Point,2026-07-09 10:53:01,rackets,unisex,Wilson,US Open Pro 100 Allroundschläger unbesaitet,L3,00097512970082,135.95,200.0,,€,in_stock,https://www.tennis-point.de/products/wilson-us-open-pro-100-allroundschlaeger-unbesaitet-00707604307000?_pos=166&_fid=2123a4e2d&_ss=c
Tennis-Point,2026-07-09 10:53:29,rackets,unisex,Head,Gravity Team 2025 Turnierschläger,L2,726423385806,172.95,250.0,,€,in_stock,https://www.tennis-point.de/products/head-gravity-team-2025-turnierschlaeger-00607504512000?_pos=163&_fid=2123a4e2d&_ss=c
Tennis-Point,2026-07-09 10:53:29,rackets,unisex,Head,Gravity Team 2025 Turnierschläger,L3,726423385813,172.95,250.0,,€,in_stock,https://www.tennis-point.de/products/head-gravity-team-2025-turnierschlaeger-00607504512000?_pos=163&_fid=2123a4e2d&_ss=c
Tennis-Point,2026-07-09 10:53:39,rackets,unisex,Yonex,VCORE 100L (2026) Turnierschläger unbesaitet,L2,4550675389253,289.95,,,€,in_stock,https://www.tennis-point.de/products/yonex-vcore-100l-2026-turnierschlaeger-unbesaitet-p0000004730601?_pos=162&_fid=2123a4e2d&_ss=c
Tennis-Point,2026-07-09 10:53:39,rackets,unisex,Yonex,VCORE 100L (2026) Turnierschläger unbesaitet,L3,4550675389260,289.95,,,€,in_stock,https://www.tennis-point.de/products/yonex-vcore-100l-2026-turnierschlaeger-unbesaitet-p0000004730601?_pos=162&_fid=2123a4e2d&_ss=c
Tennis-Point,2026-07-09 10:53:51,rackets,unisex,Yonex,EZONE Alpha SL Turnierschläger,L2,4550675057572,119.95,159.95,,€,in_stock,https://www.tennis-point.de/products/yonex-ezone-alpha-sl-turnierschlaeger-01907501964000?_pos=161&_fid=2123a4e2d&_ss=c
Tennis-Point,2026-07-09 10:53:59,rackets,unisex,Head,Extreme Pro 2024 Turnierschläger,L2,726423218012,209.95,260.0,,€,in_stock,https://www.tennis-point.de/products/head-extreme-pro-2024-turnierschlaeger-00606704418000?_pos=160&_fid=2123a4e2d&_ss=c
Tennis-Point,2026-07-09 10:53:59,rackets,unisex,Head,Extreme Pro 2024 Turnierschläger,L3,726423218029,209.95,260.0,,€,in_stock,https://www.tennis-point.de/products/head-extreme-pro-2024-turnierschlaeger-00606704418000?_pos=160&_fid=2123a4e2d&_ss=c
Tennis-Point,2026-07-09 10:54:05,rackets,unisex,Head,Boom MP L Neon 2025 Turnierschläger,L2,198772103699,132.95,260.0,,€,in_stock,https://www.tennis-point.de/products/head-boom-mp-l-neon-2025-turnierschlaeger-00607004576000?_pos=159&_fid=2123a4e2d&_ss=c
Tennis-Point,2026-07-09 10:54:05,rackets,unisex,Head,Boom MP L Neon 2025 Turnierschläger,L3,198772103705,132.95,260.0,,€,in_stock,https://www.tennis-point.de/products/head-boom-mp-l-neon-2025-turnierschlaeger-00607004576000?_pos=159&_fid=2123a4e2d&_ss=c
Tennis-Point,2026-07-09 10:54:13,rackets,unisex,Wilson,Pro Staff Precision 103 Allroundschläger,L2,00097512850575,85.95,110.0,,€,in_stock,https://www.tennis-point.de/products/wilson-pro-staff-precision-103-allroundschlaeger-00707504168000?_pos=158&_fid=2123a4e2d&_ss=c
Tennis-Point,2026-07-09 10:54:13,rackets,unisex,Wilson,Pro Staff Precision 103 Allroundschläger,L3,00097512850551,85.95,110.0,,€,in_stock,https://www.tennis-point.de/products/wilson-pro-staff-precision-103-allroundschlaeger-00707504168000?_pos=158&_fid=2123a4e2d&_ss=c
Tennis-Point,2026-07-09 10:54:23,rackets,unisex,Wilson,Pro Staff 97L V14 Turnierschläger,L2,00097512962568,179.95,320.0,,€,in_stock,https://www.tennis-point.de/products/wilson-pro-staff-97l-v14-turnierschlaeger-00707004258000?_pos=157&_fid=2123a4e2d&_ss=c
Tennis-Point,2026-07-09 10:54:23,rackets,unisex,Wilson,Pro Staff 97L V14 Turnierschläger,L3,00097512962575,179.95,320.0,,€,in_stock,https://www.tennis-point.de/products/wilson-pro-staff-97l-v14-turnierschlaeger-00707004258000?_pos=157&_fid=2123a4e2d&_ss=c
Tennis-Point,2026-07-09 10:54:31,rackets,unisex,Wilson,Six LV Komfortschläger unbesaitet,L2,0097512648363,79.95,150.0,,€,in_stock,https://www.tennis-point.de/products/wilson-six-lv-komfortschlaeger-unbesaitet-00706203896000?_pos=156&_fid=2123a4e2d&_ss=c
Tennis-Point,2026-07-09 10:54:31,rackets,unisex,Wilson,Six LV Komfortschläger unbesaitet,L3,0097512648394,79.95,150.0,,€,in_stock,https://www.tennis-point.de/products/wilson-six-lv-komfortschlaeger-unbesaitet-00706203896000?_pos=156&_fid=2123a4e2d&_ss=c
Tennis-Point,2026-07-09 10:54:37,rackets,unisex,Wilson,Clash 100 V3.0 Reverse Turnierschläger unbesaitet,L2,199073010877,195.95,250.0,,€,in_stock,https://www.tennis-point.de/products/wilson-clash-100-v30-reverse-turnierschlaeger-unbesaitet-00707604324000?_pos=155&_fid=2123a4e2d&_ss=c
Tennis-Point,2026-07-09 10:54:37,rackets,unisex,Wilson,Clash 100 V3.0 Reverse Turnierschläger unbesaitet,L3,199073010860,195.95,250.0,,€,in_stock,https://www.tennis-point.de/products/wilson-clash-100-v30-reverse-turnierschlaeger-unbesaitet-00707604324000?_pos=155&_fid=2123a4e2d&_ss=c
Tennis-Point,2026-07-09 10:54:46,rackets,unisex,Yonex,Percept 100 (300g) Turnierschläger unbesaitet,L2,4550468627654,235.95,309.95,,€,out_of_stock,https://www.tennis-point.de/products/yonex-percept-100-300g-turnierschlaeger-unbesaitet-01906401921000?_pos=154&_fid=2123a4e2d&_ss=c
Tennis-Point,2026-07-09 10:54:46,rackets,unisex,Yonex,Percept 100 (300g) Turnierschläger unbesaitet,L3,4550468627661,235.95,309.95,,€,in_stock,https://www.tennis-point.de/products/yonex-percept-100-300g-turnierschlaeger-unbesaitet-01906401921000?_pos=154&_fid=2123a4e2d&_ss=c
Tennis-Point,2026-07-09 10:54:52,rackets,unisex,Wilson,Shift 99 V1 US Open Turnierschläger,L2,0097512932165,149.95,270.0,,€,in_stock,https://www.tennis-point.de/products/wilson-shift-99-v1-us-open-turnierschlaeger-00707104262000?_pos=153&_fid=2123a4e2d&_ss=c
Tennis-Point,2026-07-09 10:54:52,rackets,unisex,Wilson,Shift 99 V1 US Open Turnierschläger,L3,0097512932134,149.95,270.0,,€,in_stock,https://www.tennis-point.de/products/wilson-shift-99-v1-us-open-turnierschlaeger-00707104262000?_pos=153&_fid=2123a4e2d&_ss=c
Tennis-Point,2026-07-09 10:55:02,rackets,unisex,Wilson,Pro Staff 97L V14 Turnierschläger unbesaitet,L2,00097512684026,136.95,280.0,,€,out_of_stock,https://www.tennis-point.de/products/wilson-pro-staff-97l-v14-turnierschlaeger-unbesaitet-00706203877000?_pos=152&_fid=2123a4e2d&_ss=c
Tennis-Point,2026-07-09 10:55:02,rackets,unisex,Wilson,Pro Staff 97L V14 Turnierschläger unbesaitet,L3,00097512684040,136.95,280.0,,€,out_of_stock,https://www.tennis-point.de/products/wilson-pro-staff-97l-v14-turnierschlaeger-unbesaitet-00706203877000?_pos=152&_fid=2123a4e2d&_ss=c
Tennis-Point,2026-07-09 10:55:06,rackets,unisex,Wilson,Blade Feel 103 Team Allroundschläger unbesaitet,L2,00097512939454,61.95,70.0,,€,in_stock,https://www.tennis-point.de/products/wilson-blade-feel-103-team-allroundschlaeger-unbesaitet-00707604312000?_pos=151&_fid=2123a4e2d&_ss=c
Tennis-Point,2026-07-09 10:55:06,rackets,unisex,Wilson,Blade Feel 103 Team Allroundschläger unbesaitet,L3,00097512939430,61.95,70.0,,€,in_stock,https://www.tennis-point.de/products/wilson-blade-feel-103-team-allroundschlaeger-unbesaitet-00707604312000?_pos=151&_fid=2123a4e2d&_ss=c
Tennis-Point,2026-07-09 10:55:17,rackets,unisex,Wilson,Shift 99 V1 Turnierschläger unbesaitet,L2,00097512727921,209.95,270.0,,€,in_stock,https://www.tennis-point.de/products/wilson-shift-99-v1-turnierschlaeger-unbesaitet-00706303996000?_pos=150&_fid=2123a4e2d&_ss=c
Tennis-Point,2026-07-09 10:55:17,rackets,unisex,Wilson,Shift 99 V1 Turnierschläger unbesaitet,L3,00097512727952,209.95,270.0,,€,in_stock,https://www.tennis-point.de/products/wilson-shift-99-v1-turnierschlaeger-unbesaitet-00706303996000?_pos=150&_fid=2123a4e2d&_ss=c
Tennis-Point,2026-07-09 10:55:26,rackets,unisex,Wilson,RF 01 Future Turnierschläger,L2,00097512849678,175.95,260.0,,€,in_stock,https://www.tennis-point.de/products/wilson-rf-01-future-turnierschlaeger-00706704088000?_pos=149&_fid=2123a4e2d&_ss=c
Tennis-Point,2026-07-09 10:55:26,rackets,unisex,Wilson,RF 01 Future Turnierschläger,L3,00097512849654,175.95,260.0,,€,in_stock,https://www.tennis-point.de/products/wilson-rf-01-future-turnierschlaeger-00706704088000?_pos=149&_fid=2123a4e2d&_ss=c
Tennis-Point,2026-07-09 10:55:43,rackets,unisex,Wilson,RF 01 Future Lite Turnierschläger,L2,00097512852982,159.95,240.0,,€,in_stock,https://www.tennis-point.de/products/wilson-rf-01-future-lite-turnierschlaeger-00707504219000?_pos=147&_fid=2123a4e2d&_ss=c
Tennis-Point,2026-07-09 10:55:43,rackets,unisex,Wilson,RF 01 Future Lite Turnierschläger,L3,00097512852975,159.95,240.0,,€,in_stock,https://www.tennis-point.de/products/wilson-rf-01-future-lite-turnierschlaeger-00707504219000?_pos=147&_fid=2123a4e2d&_ss=c
Tennis-Point,2026-07-09 10:55:51,rackets,unisex,Wilson,Pro Staff Precision 100 Allroundschläger,L2,00097512850612,103.95,130.0,,€,in_stock,https://www.tennis-point.de/products/wilson-pro-staff-precision-100-allroundschlaeger-00707504167000?_pos=146&_fid=2123a4e2d&_ss=c
Tennis-Point,2026-07-09 10:55:51,rackets,unisex,Wilson,Pro Staff Precision 100 Allroundschläger,L3,00097512850582,103.95,130.0,,€,in_stock,https://www.tennis-point.de/products/wilson-pro-staff-precision-100-allroundschlaeger-00707504167000?_pos=146&_fid=2123a4e2d&_ss=c
Tennis-Point,2026-07-09 10:55:59,rackets,unisex,Head,Extreme MP 2024 Turnierschläger,L2,726423218111,209.95,260.0,,€,in_stock,https://www.tennis-point.de/products/head-extreme-mp-2024-turnierschlaeger-00606704419000?_pos=145&_fid=2123a4e2d&_ss=c
Tennis-Point,2026-07-09 10:55:59,rackets,unisex,Head,Extreme MP 2024 Turnierschläger,L3,726423218128,209.95,260.0,,€,in_stock,https://www.tennis-point.de/products/head-extreme-mp-2024-turnierschlaeger-00606704419000?_pos=145&_fid=2123a4e2d&_ss=c
Tennis-Point,2026-07-09 10:56:16,rackets,unisex,Head,Speed Pro Legend 2025 Turnierschläger,L2,198772121150,209.95,300.0,,€,in_stock,https://www.tennis-point.de/products/head-speed-pro-legend-2025-turnierschlaeger-00607104578000?_pos=143&_fid=2123a4e2d&_ss=c
Tennis-Point,2026-07-09 10:56:16,rackets,unisex,Head,Speed Pro Legend 2025 Turnierschläger,L3,198772121167,209.95,300.0,,€,in_stock,https://www.tennis-point.de/products/head-speed-pro-legend-2025-turnierschlaeger-00607104578000?_pos=143&_fid=2123a4e2d&_ss=c
Tennis-Point,2026-07-09 10:56:32,rackets,unisex,Head,Gravity MP L 2025 Turnierschläger,L2,726423385684,174.95,250.0,,€,in_stock,https://www.tennis-point.de/products/head-gravity-mp-l-2025-turnierschlaeger-00607504511000?_pos=141&_fid=2123a4e2d&_ss=c
Tennis-Point,2026-07-09 10:56:32,rackets,unisex,Head,Gravity MP L 2025 Turnierschläger,L3,726423385691,174.95,250.0,,€,in_stock,https://www.tennis-point.de/products/head-gravity-mp-l-2025-turnierschlaeger-00607504511000?_pos=141&_fid=2123a4e2d&_ss=c
Tennis-Point,2026-07-09 10:56:50,rackets,unisex,Wilson,Pro Staff 97 UL Classic Turnierschläger unbesaitet,L2,00199073012918,136.95,220.0,,€,in_stock,https://www.tennis-point.de/products/wilson-pro-staff-97-ul-classic-turnierschlaeger-unbesaitet-00707604291000?_pos=139&_fid=2123a4e2d&_ss=c
Tennis-Point,2026-07-09 10:56:50,rackets,unisex,Wilson,Pro Staff 97 UL Classic Turnierschläger unbesaitet,L3,00199073012925,136.95,220.0,,€,in_stock,https://www.tennis-point.de/products/wilson-pro-staff-97-ul-classic-turnierschlaeger-unbesaitet-00707604291000?_pos=139&_fid=2123a4e2d&_ss=c
Tennis-Point,2026-07-09 10:56:58,rackets,unisex,Head,Boom MP Orlinski Limited Edition Turnierschläger,L2,0198772007348,128.95,260.0,,€,out_of_stock,https://www.tennis-point.de/products/head-boom-mp-orlinski-limited-edition-turnierschlaeger-00606904497000?_pos=138&_fid=2123a4e2d&_ss=c
Tennis-Point,2026-07-09 10:56:58,rackets,unisex,Head,Boom MP Orlinski Limited Edition Turnierschläger,L3,0198772007355,128.95,260.0,,€,in_stock,https://www.tennis-point.de/products/head-boom-mp-orlinski-limited-edition-turnierschlaeger-00606904497000?_pos=138&_fid=2123a4e2d&_ss=c
Tennis-Point,2026-07-09 10:57:08,rackets,unisex,Wilson,Blade 100L V9 US Open Turnierschläger,L2,00097512931649,162.95,240.0,,€,in_stock,https://www.tennis-point.de/products/wilson-blade-100l-v9-us-open-turnierschlaeger-00707104229000?_pos=137&_fid=2123a4e2d&_ss=c
Tennis-Point,2026-07-09 10:57:08,rackets,unisex,Wilson,Blade 100L V9 US Open Turnierschläger,L3,00097512931632,162.95,240.0,,€,out_of_stock,https://www.tennis-point.de/products/wilson-blade-100l-v9-us-open-turnierschlaeger-00707104229000?_pos=137&_fid=2123a4e2d&_ss=c
Tennis-Point,2026-07-09 10:59:47,shoes,women,K-Swiss,"Express Light 3 Sandplatzschuh Damen - salbei, koralle",EU 39,0196483786934,83.95,119.99,,€,in_stock,https://www.tennis-point.de/products/k-swiss-express-light-3-sandplatzschuh-damen-salbei-koralle-01417502448000
Tennis-Point,2026-07-09 11:00:32,shoes,women,K-Swiss,"Ultrashot Light Allcourtschuh Damen - weiß, lavendel",EU 39,199286041767,61.95,100.0,,€,in_stock,https://www.tennis-point.de/products/k-swiss-ultrashot-light-allcourtschuh-damen-weiss-lavendel-p0000004300201
Tennis-Point,2026-07-09 11:02:39,rackets,unisex,Head,Radical MP 18X20 Turnierschläger,L2,0724794624937,145.95,279.95,,€,in_stock,https://www.tennis-point.de/products/head-radical-mp-18x20-turnierschlaeger-00606704408000?_pos=134&_fid=e81f5edfb&_ss=c
Tennis-Point,2026-07-09 11:02:39,rackets,unisex,Head,Radical MP 18X20 Turnierschläger,L3,0724794624944,145.95,279.95,,€,in_stock,https://www.tennis-point.de/products/head-radical-mp-18x20-turnierschlaeger-00606704408000?_pos=134&_fid=e81f5edfb&_ss=c
Tennis-Point,2026-07-09 11:02:50,rackets,unisex,Wilson,Clash 100L V2.0 Bright Neon Pink Turnierschläger,L2,00097512742368,169.95,270.0,,€,out_of_stock,https://www.tennis-point.de/products/wilson-clash-100l-v20-bright-neon-pink-turnierschlaeger-00706404005000?_pos=133&_fid=e81f5edfb&_ss=c
Tennis-Point,2026-07-09 11:02:50,rackets,unisex,Wilson,Clash 100L V2.0 Bright Neon Pink Turnierschläger,L3,00097512742344,169.95,270.0,,€,in_stock,https://www.tennis-point.de/products/wilson-clash-100l-v20-bright-neon-pink-turnierschlaeger-00706404005000?_pos=133&_fid=e81f5edfb&_ss=c
Tennis-Point,2026-07-09 11:02:55,rackets,unisex,Head,Extreme MP L 2024 Turnierschläger unbesaitet,L2,726423218234,185.95,230.0,,€,in_stock,https://www.tennis-point.de/products/head-extreme-mp-l-2024-turnierschlaeger-unbesaitet-00606704420000?_pos=132&_fid=e81f5edfb&_ss=c
Tennis-Point,2026-07-09 11:02:55,rackets,unisex,Head,Extreme MP L 2024 Turnierschläger unbesaitet,L3,726423218241,185.95,230.0,,€,in_stock,https://www.tennis-point.de/products/head-extreme-mp-l-2024-turnierschlaeger-unbesaitet-00606704420000?_pos=132&_fid=e81f5edfb&_ss=c
Tennis-Point,2026-07-09 11:03:11,rackets,unisex,Yonex,VCORE 98 (2026) Turnierschläger unbesaitet,L2,4550675355258,309.95,,,€,out_of_stock,https://www.tennis-point.de/products/yonex-vcore-98-2026-turnierschlaeger-unbesaitet-p0000004730901?_pos=130&_fid=e81f5edfb&_ss=c
Tennis-Point,2026-07-09 11:03:11,rackets,unisex,Yonex,VCORE 98 (2026) Turnierschläger unbesaitet,L3,4550675355265,309.95,,,€,in_stock,https://www.tennis-point.de/products/yonex-vcore-98-2026-turnierschlaeger-unbesaitet-p0000004730901?_pos=130&_fid=e81f5edfb&_ss=c
Tennis-Point,2026-07-09 11:03:21,rackets,unisex,Dunlop,CX 200 Limited Turnierschläger,L2,0045566184634,169.95,259.99,,€,in_stock,https://www.tennis-point.de/products/dunlop-cx-200-limited-turnierschlaeger-01607102412000?_pos=129&_fid=e81f5edfb&_ss=c
Tennis-Point,2026-07-09 11:03:21,rackets,unisex,Dunlop,CX 200 Limited Turnierschläger,L3,0045566184641,169.95,259.99,,€,in_stock,https://www.tennis-point.de/products/dunlop-cx-200-limited-turnierschlaeger-01607102412000?_pos=129&_fid=e81f5edfb&_ss=c
Tennis-Point,2026-07-09 11:03:31,rackets,unisex,Head,Prestige Pro 2023 Turnierschläger,L2,724794924143,257.95,320.0,,€,out_of_stock,https://www.tennis-point.de/products/head-prestige-pro-2023-turnierschlaeger-00606404318000?_pos=128&_fid=e81f5edfb&_ss=c
Tennis-Point,2026-07-09 11:03:31,rackets,unisex,Head,Prestige Pro 2023 Turnierschläger,L3,724794924150,257.95,320.0,,€,in_stock,https://www.tennis-point.de/products/head-prestige-pro-2023-turnierschlaeger-00606404318000?_pos=128&_fid=e81f5edfb&_ss=c
Tennis-Point,2026-07-09 11:03:39,rackets,unisex,Head,Boom Pro 2024 Turnierschläger unbesaitet,L2,724794924846,119.95,280.0,,€,in_stock,https://www.tennis-point.de/products/head-boom-pro-2024-turnierschlaeger-unbesaitet-00606604330000?_pos=127&_fid=e81f5edfb&_ss=c
Tennis-Point,2026-07-09 11:03:39,rackets,unisex,Head,Boom Pro 2024 Turnierschläger unbesaitet,L3,724794924853,119.95,280.0,,€,in_stock,https://www.tennis-point.de/products/head-boom-pro-2024-turnierschlaeger-unbesaitet-00606604330000?_pos=127&_fid=e81f5edfb&_ss=c
Tennis-Point,2026-07-09 11:03:50,rackets,unisex,Yonex,VCORE 95 (2026) Turnierschläger unbesaitet,L2,4550675389116,309.95,,,€,in_stock,https://www.tennis-point.de/products/yonex-vcore-95-2026-turnierschlaeger-unbesaitet-p0000004731101?_pos=126&_fid=e81f5edfb&_ss=c
Tennis-Point,2026-07-09 11:03:50,rackets,unisex,Yonex,VCORE 95 (2026) Turnierschläger unbesaitet,L3,4550675389123,309.95,,,€,in_stock,https://www.tennis-point.de/products/yonex-vcore-95-2026-turnierschlaeger-unbesaitet-p0000004731101?_pos=126&_fid=e81f5edfb&_ss=c
Tennis-Point,2026-07-09 11:03:59,rackets,unisex,Head,Speed Tour 2026 Turnierschläger unbesaitet,L2,198772135096,188.95,280.0,,€,in_stock,https://www.tennis-point.de/products/head-speed-tour-2026-turnierschlaeger-unbesaitet-p0000001852401?_pos=125&_fid=e81f5edfb&_ss=c
Tennis-Point,2026-07-09 11:03:59,rackets,unisex,Head,Speed Tour 2026 Turnierschläger unbesaitet,L3,198772135102,188.95,280.0,,€,in_stock,https://www.tennis-point.de/products/head-speed-tour-2026-turnierschlaeger-unbesaitet-p0000001852401?_pos=125&_fid=e81f5edfb&_ss=c
Tennis-Point,2026-07-09 11:04:02,rackets,unisex,Head,Speed MP Legend 2025 Turnierschläger,L2,198772121259,194.95,280.0,,€,in_stock,https://www.tennis-point.de/products/head-speed-mp-legend-2025-turnierschlaeger-00607104580000?_pos=124&_fid=e81f5edfb&_ss=c
Tennis-Point,2026-07-09 11:04:02,rackets,unisex,Head,Speed MP Legend 2025 Turnierschläger,L3,198772121266,194.95,280.0,,€,in_stock,https://www.tennis-point.de/products/head-speed-mp-legend-2025-turnierschlaeger-00607104580000?_pos=124&_fid=e81f5edfb&_ss=c
Tennis-Point,2026-07-09 11:04:14,rackets,unisex,Wilson,Ultra 99 Pro V5 Turnierschläger,L2,00097512932097,206.95,260.0,,€,in_stock,https://www.tennis-point.de/products/wilson-ultra-99-pro-v5-turnierschlaeger-00707104221000?_pos=123&_fid=e81f5edfb&_ss=c
Tennis-Point,2026-07-09 11:04:14,rackets,unisex,Wilson,Ultra 99 Pro V5 Turnierschläger,L3,00097512932080,206.95,260.0,,€,in_stock,https://www.tennis-point.de/products/wilson-ultra-99-pro-v5-turnierschlaeger-00707104221000?_pos=123&_fid=e81f5edfb&_ss=c
Tennis-Point,2026-07-09 11:04:32,rackets,unisex,Head,Radical Pro 2025 Turnierschläger,L2,726423384861,241.95,300.0,,€,in_stock,https://www.tennis-point.de/products/head-radical-pro-2025-turnierschlaeger-00607504502000?_pos=121&_fid=e81f5edfb&_ss=c
Tennis-Point,2026-07-09 11:04:32,rackets,unisex,Head,Radical Pro 2025 Turnierschläger,L3,726423384878,241.95,300.0,,€,in_stock,https://www.tennis-point.de/products/head-radical-pro-2025-turnierschlaeger-00607504502000?_pos=121&_fid=e81f5edfb&_ss=c
Tennis-Point,2026-07-09 11:04:48,rackets,unisex,Wilson,RF 01 Pro Laver Cup 2025 Turnierschläger unbesaitet,L2,00097512931779,196.95,300.0,,€,in_stock,https://www.tennis-point.de/products/wilson-rf-01-pro-laver-cup-2025-turnierschlaeger-unbesaitet-00707104232000?_pos=119&_fid=e81f5edfb&_ss=c
Tennis-Point,2026-07-09 11:04:48,rackets,unisex,Wilson,RF 01 Pro Laver Cup 2025 Turnierschläger unbesaitet,L3,00097512931762,196.95,300.0,,€,out_of_stock,https://www.tennis-point.de/products/wilson-rf-01-pro-laver-cup-2025-turnierschlaeger-unbesaitet-00707104232000?_pos=119&_fid=e81f5edfb&_ss=c
Tennis-Point,2026-07-09 11:04:57,rackets,unisex,Head,Radical Team 2025 Turnierschläger,L2,726423385080,174.95,250.0,,€,in_stock,https://www.tennis-point.de/products/head-radical-team-2025-turnierschlaeger-00607504505000?_pos=118&_fid=e81f5edfb&_ss=c
Tennis-Point,2026-07-09 11:04:57,rackets,unisex,Head,Radical Team 2025 Turnierschläger,L3,726423385097,174.95,250.0,,€,in_stock,https://www.tennis-point.de/products/head-radical-team-2025-turnierschlaeger-00607504505000?_pos=118&_fid=e81f5edfb&_ss=c
Tennis-Point,2026-07-09 11:05:08,rackets,unisex,Wilson,Clash 108 V3.0 Turnierschläger,L2,00097512946643,147.95,230.0,,€,in_stock,https://www.tennis-point.de/products/wilson-clash-108-v30-turnierschlaeger-00707104228000?_pos=117&_fid=e81f5edfb&_ss=c
Tennis-Point,2026-07-09 11:05:08,rackets,unisex,Wilson,Clash 108 V3.0 Turnierschläger,L3,00097512946629,147.95,230.0,,€,out_of_stock,https://www.tennis-point.de/products/wilson-clash-108-v30-turnierschlaeger-00707104228000?_pos=117&_fid=e81f5edfb&_ss=c
Tennis-Point,2026-07-09 11:05:18,rackets,unisex,Wilson,Blade 98 16X19 V9 US Open Turnierschläger,L2,0097512932202,217.95,280.0,,€,in_stock,https://www.tennis-point.de/products/wilson-blade-98-16x19-v9-us-open-turnierschlaeger-00707104261000?_pos=116&_fid=e81f5edfb&_ss=c
Tennis-Point,2026-07-09 11:05:18,rackets,unisex,Wilson,Blade 98 16X19 V9 US Open Turnierschläger,L3,0097512932172,217.95,280.0,,€,in_stock,https://www.tennis-point.de/products/wilson-blade-98-16x19-v9-us-open-turnierschlaeger-00707104261000?_pos=116&_fid=e81f5edfb&_ss=c
Tennis-Point,2026-07-09 11:05:23,rackets,unisex,Wilson,Blade 98S V9 Turnierschläger,L2,00097512792394,192.95,280.0,,€,in_stock,https://www.tennis-point.de/products/wilson-blade-98s-v9-turnierschlaeger-00706604026000?_pos=115&_fid=e81f5edfb&_ss=c
Tennis-Point,2026-07-09 11:05:23,rackets,unisex,Wilson,Blade 98S V9 Turnierschläger,L3,00097512792431,192.95,280.0,,€,in_stock,https://www.tennis-point.de/products/wilson-blade-98s-v9-turnierschlaeger-00706604026000?_pos=115&_fid=e81f5edfb&_ss=c
Tennis-Point,2026-07-09 11:05:42,rackets,unisex,Wilson,Pro Staff Team Classic Turnierschläger besaitet,L2,00097512975520,123.95,170.0,,€,in_stock,https://www.tennis-point.de/products/wilson-pro-staff-team-classic-turnierschlaeger-besaitet-00707604292000?_pos=113&_fid=e81f5edfb&_ss=c
Tennis-Point,2026-07-09 11:05:42,rackets,unisex,Wilson,Pro Staff Team Classic Turnierschläger besaitet,L3,00097512975513,123.95,170.0,,€,in_stock,https://www.tennis-point.de/products/wilson-pro-staff-team-classic-turnierschlaeger-besaitet-00707604292000?_pos=113&_fid=e81f5edfb&_ss=c
Tennis-Point,2026-07-09 11:05:49,rackets,unisex,Wilson,Ultra 100L V4.0 Bright Neon Blue Turnierschläger,L2,00097512768580,129.95,220.0,,€,in_stock,https://www.tennis-point.de/products/wilson-ultra-100l-v40-bright-neon-blue-turnierschlaeger-00706404006000?_pos=112&_fid=e81f5edfb&_ss=c
Tennis-Point,2026-07-09 11:05:49,rackets,unisex,Wilson,Ultra 100L V4.0 Bright Neon Blue Turnierschläger,L3,00097512768597,129.95,220.0,,€,in_stock,https://www.tennis-point.de/products/wilson-ultra-100l-v40-bright-neon-blue-turnierschlaeger-00706404006000?_pos=112&_fid=e81f5edfb&_ss=c
Tennis-Point,2026-07-09 11:05:59,rackets,unisex,Wilson,Ultra 100L V4.0 Turnierschläger,L2,00097512640299,124.95,220.0,,€,in_stock,https://www.tennis-point.de/products/wilson-ultra-100l-v40-turnierschlaeger-00706003841000?_pos=111&_fid=e81f5edfb&_ss=c
Tennis-Point,2026-07-09 11:05:59,rackets,unisex,Wilson,Ultra 100L V4.0 Turnierschläger,L3,00097512640305,124.95,220.0,,€,in_stock,https://www.tennis-point.de/products/wilson-ultra-100l-v40-turnierschlaeger-00706003841000?_pos=111&_fid=e81f5edfb&_ss=c
Tennis-Point,2026-07-09 11:06:19,rackets,unisex,Wilson,Triad Three Komfortschläger,L2,00097512451130,164.95,240.0,,€,in_stock,https://www.tennis-point.de/products/wilson-triad-three-komfortschlaeger-00705503705000?_pos=109&_fid=e81f5edfb&_ss=c&variant=43962332643370
Tennis-Point,2026-07-09 11:06:19,rackets,unisex,Wilson,Triad Three Komfortschläger,L3,00097512451147,164.95,240.0,,€,in_stock,https://www.tennis-point.de/products/wilson-triad-three-komfortschlaeger-00705503705000?_pos=109&_fid=e81f5edfb&_ss=c&variant=43962332643370
Tennis-Point,2026-07-09 11:06:25,rackets,unisex,Head,Speed Pro 2026 Turnierschläger unbesaitet,L2,198772134990,235.95,300.0,,€,in_stock,https://www.tennis-point.de/products/head-speed-pro-2026-turnierschlaeger-unbesaitet-p0000001850701?_pos=108&_fid=e81f5edfb&_ss=c
Tennis-Point,2026-07-09 11:06:25,rackets,unisex,Head,Speed Pro 2026 Turnierschläger unbesaitet,L3,198772135003,235.95,300.0,,€,in_stock,https://www.tennis-point.de/products/head-speed-pro-2026-turnierschlaeger-unbesaitet-p0000001850701?_pos=108&_fid=e81f5edfb&_ss=c
Tennis-Point,2026-07-09 11:06:35,rackets,unisex,Dunlop,FX 500 LS Turnierschläger,L2,0045566179715,99.95,209.99,,€,in_stock,https://www.tennis-point.de/products/dunlop-fx-500-ls-turnierschlaeger-01606202308000?_pos=107&_fid=e81f5edfb&_ss=c
Tennis-Point,2026-07-09 11:06:35,rackets,unisex,Dunlop,FX 500 LS Turnierschläger,L3,0045566179722,99.95,209.99,,€,in_stock,https://www.tennis-point.de/products/dunlop-fx-500-ls-turnierschlaeger-01606202308000?_pos=107&_fid=e81f5edfb&_ss=c
Tennis-Point,2026-07-09 11:06:46,rackets,unisex,Wilson,Blade 104 V9 Turnierschläger,L2,00097512791946,184.95,240.0,,€,in_stock,https://www.tennis-point.de/products/wilson-blade-104-v9-turnierschlaeger-00706604031000?_pos=106&_fid=e81f5edfb&_ss=c
Tennis-Point,2026-07-09 11:06:46,rackets,unisex,Wilson,Blade 104 V9 Turnierschläger,L3,00097512791977,184.95,240.0,,€,in_stock,https://www.tennis-point.de/products/wilson-blade-104-v9-turnierschlaeger-00706604031000?_pos=106&_fid=e81f5edfb&_ss=c
Tennis-Point,2026-07-09 11:06:56,rackets,unisex,Wilson,Shift 99L V1 Turnierschläger,L2,00097512728058,197.95,250.0,,€,in_stock,https://www.tennis-point.de/products/wilson-shift-99l-v1-turnierschlaeger-00706403998000?_pos=105&_fid=e81f5edfb&_ss=c
Tennis-Point,2026-07-09 11:06:56,rackets,unisex,Wilson,Shift 99L V1 Turnierschläger,L3,00097512728096,197.95,250.0,,€,in_stock,https://www.tennis-point.de/products/wilson-shift-99l-v1-turnierschlaeger-00706403998000?_pos=105&_fid=e81f5edfb&_ss=c
Tennis-Point,2026-07-09 11:07:05,rackets,unisex,Wilson,Clash 100 Pro V3.0 Reverse Turnierschläger unbesaitet,L2,199073010891,185.95,250.0,,€,in_stock,https://www.tennis-point.de/products/wilson-clash-100-pro-v30-reverse-turnierschlaeger-unbesaitet-00707604323000?_pos=104&_fid=e81f5edfb&_ss=c
Tennis-Point,2026-07-09 11:07:05,rackets,unisex,Wilson,Clash 100 Pro V3.0 Reverse Turnierschläger unbesaitet,L3,199073010907,185.95,250.0,,€,in_stock,https://www.tennis-point.de/products/wilson-clash-100-pro-v30-reverse-turnierschlaeger-unbesaitet-00707604323000?_pos=104&_fid=e81f5edfb&_ss=c
Tennis-Point,2026-07-09 11:07:45,shoes,women,K-Swiss,"Ultrashot 4 Sandplatzschuh Damen - weiß, lavendel",EU 39,196483941579,94.95,189.99,,€,in_stock,https://www.tennis-point.de/products/k-swiss-ultrashot-4-sandplatzschuh-damen-weiss-lavendel-a0000004301501
Tennis-Point,2026-07-09 11:10:10,shoes,women,Head,"Sprint Team 4.0  Sandplatzschuh Damen-weiß, hellgrau",EU 39,0198772064631,69.95,110.0,,€,in_stock,https://www.tennis-point.de/products/head-sprint-team-40-sandplatzschuh-damen-weiss-hellgrau-p0000004220901
Tennis-Point,2026-07-09 11:10:27,shoes,women,K-Swiss,"Ultrashot Team 2 Sandplatzschuh Damen - weiß, lavendel",EU 39,196483942057,69.95,129.99,,€,in_stock,https://www.tennis-point.de/products/k-swiss-ultrashot-team-2-sandplatzschuh-damen-weiss-lavendel-p0000004310701
Tennis-Point,2026-07-09 11:11:00,shoes,women,K-Swiss,"COURT EXPRESS 2  AC Allcourtschuh Damen-weiß, lavendel",EU 39,196483940732,44.95,79.99,,€,in_stock,https://www.tennis-point.de/products/k-swiss-court-express-2-ac-allcourtschuh-damen-weiss-lavendel-p0000004300501
Tennis-Point,2026-07-09 11:11:20,shoes,women,Head,"Sprint Pro 4.0  Sandplatzschuh Damen-weiß, hellgrau",EU 39,0198772063191,111.95,160.0,,€,in_stock,https://www.tennis-point.de/products/head-sprint-pro-40-sandplatzschuh-damen-weiss-hellgrau-p0000004220201
Tennis-Point,2026-07-09 11:11:44,shoes,women,K-Swiss,"Hypercourt Express 2 Sandplatzschuh Damen-Weiß,Mehrfarbig",EU 39,0196483823509,79.95,139.99,,€,in_stock,https://www.tennis-point.de/products/k-swiss-hypercourt-express-2-sandplatzschuh-damen-weissmehrfarbig-01417102452000
Tennis-Point,2026-07-09 11:12:35,rackets,unisex,Wilson,Clash 100 Pro V2.0 Turnierschläger,L2,00097512592147,104.95,250.0,,€,in_stock,https://www.tennis-point.de/products/wilson-clash-100-pro-v20-turnierschlaeger-00705503743000?_pos=102&_fid=e81f5edfb&_ss=c
Tennis-Point,2026-07-09 11:12:35,rackets,unisex,Wilson,Clash 100 Pro V2.0 Turnierschläger,L3,00097512592161,104.95,250.0,,€,in_stock,https://www.tennis-point.de/products/wilson-clash-100-pro-v20-turnierschlaeger-00705503743000?_pos=102&_fid=e81f5edfb&_ss=c
Tennis-Point,2026-07-09 11:12:49,rackets,unisex,Yonex,Percept 97 (310g) Turnierschläger,L2,4550675268763,216.95,309.95,,€,in_stock,https://www.tennis-point.de/products/yonex-percept-97-310g-turnierschlaeger-01907101986000?_pos=100&_fid=e81f5edfb&_ss=c
Tennis-Point,2026-07-09 11:12:49,rackets,unisex,Yonex,Percept 97 (310g) Turnierschläger,L3,4550675268770,216.95,309.95,,€,in_stock,https://www.tennis-point.de/products/yonex-percept-97-310g-turnierschlaeger-01907101986000?_pos=100&_fid=e81f5edfb&_ss=c
Tennis-Point,2026-07-09 11:13:18,rackets,unisex,Head,Gravity Tour 2025 Turnierschläger unbesaitet,L2,726423385462,194.95,280.0,,€,in_stock,https://www.tennis-point.de/products/head-gravity-tour-2025-turnierschlaeger-unbesaitet-00607504509000?_pos=97&_fid=e81f5edfb&_ss=c
Tennis-Point,2026-07-09 11:13:18,rackets,unisex,Head,Gravity Tour 2025 Turnierschläger unbesaitet,L3,726423385479,194.95,280.0,,€,in_stock,https://www.tennis-point.de/products/head-gravity-tour-2025-turnierschlaeger-unbesaitet-00607504509000?_pos=97&_fid=e81f5edfb&_ss=c
Tennis-Point,2026-07-09 11:13:27,rackets,unisex,Head,Radical Team Turnierschläger,L2,724794624265,122.95,250.0,,€,in_stock,https://www.tennis-point.de/products/head-radical-team-turnierschlaeger-00606204254000?_pos=96&_fid=e81f5edfb&_ss=c
Tennis-Point,2026-07-09 11:13:27,rackets,unisex,Head,Radical Team Turnierschläger,L3,724794624272,122.95,250.0,,€,in_stock,https://www.tennis-point.de/products/head-radical-team-turnierschlaeger-00606204254000?_pos=96&_fid=e81f5edfb&_ss=c
Tennis-Point,2026-07-09 11:13:37,rackets,unisex,Head,Boom MP L 2024 Turnierschläger,L2,724794925089,119.95,230.0,,€,in_stock,https://www.tennis-point.de/products/head-boom-mp-l-2024-turnierschlaeger-00606604332000?_pos=95&_fid=e81f5edfb&_ss=c
Tennis-Point,2026-07-09 11:13:37,rackets,unisex,Head,Boom MP L 2024 Turnierschläger,L3,724794925096,119.95,230.0,,€,in_stock,https://www.tennis-point.de/products/head-boom-mp-l-2024-turnierschlaeger-00606604332000?_pos=95&_fid=e81f5edfb&_ss=c
Tennis-Point,2026-07-09 11:13:44,rackets,unisex,Dunlop,FX 500 Turnierschläger,L2,0045566179678,96.95,219.99,,€,in_stock,https://www.tennis-point.de/products/dunlop-fx-500-turnierschlaeger-01606202307000?_pos=94&_fid=e81f5edfb&_ss=c
Tennis-Point,2026-07-09 11:13:44,rackets,unisex,Dunlop,FX 500 Turnierschläger,L3,0045566179685,96.95,219.99,,€,in_stock,https://www.tennis-point.de/products/dunlop-fx-500-turnierschlaeger-01606202307000?_pos=94&_fid=e81f5edfb&_ss=c
Tennis-Point,2026-07-09 11:13:51,rackets,unisex,Wilson,Ultra 100UL V5 Turnierschläger,L2,00097512942003,137.95,200.0,,€,in_stock,https://www.tennis-point.de/products/wilson-ultra-100ul-v5-turnierschlaeger-00707104225000?_pos=93&_fid=e81f5edfb&_ss=c
Tennis-Point,2026-07-09 11:13:51,rackets,unisex,Wilson,Ultra 100UL V5 Turnierschläger,L3,00097512941990,137.95,200.0,,€,in_stock,https://www.tennis-point.de/products/wilson-ultra-100ul-v5-turnierschlaeger-00707104225000?_pos=93&_fid=e81f5edfb&_ss=c
Tennis-Point,2026-07-09 11:14:00,rackets,unisex,Wilson,Noir Shift 99 V1 Turnierschläger,L2,00097512928526,151.95,270.0,,€,in_stock,https://www.tennis-point.de/products/wilson-noir-shift-99-v1-turnierschlaeger-00707504143000?_pos=92&_fid=e81f5edfb&_ss=c
Tennis-Point,2026-07-09 11:14:00,rackets,unisex,Wilson,Noir Shift 99 V1 Turnierschläger,L3,00097512928533,151.95,270.0,,€,in_stock,https://www.tennis-point.de/products/wilson-noir-shift-99-v1-turnierschlaeger-00707504143000?_pos=92&_fid=e81f5edfb&_ss=c
Tennis-Point,2026-07-09 11:14:16,rackets,unisex,Wilson,Clash 100L V3.0 Reverse Turnierschläger unbesaitet,L2,199073010839,177.95,230.0,,€,in_stock,https://www.tennis-point.de/products/wilson-clash-100l-v30-reverse-turnierschlaeger-unbesaitet-00707604325000?_pos=90&_fid=e81f5edfb&_ss=c
Tennis-Point,2026-07-09 11:14:16,rackets,unisex,Wilson,Clash 100L V3.0 Reverse Turnierschläger unbesaitet,L3,199073010846,177.95,230.0,,€,in_stock,https://www.tennis-point.de/products/wilson-clash-100l-v30-reverse-turnierschlaeger-unbesaitet-00707604325000?_pos=90&_fid=e81f5edfb&_ss=c
Tennis-Point,2026-07-09 11:14:26,rackets,unisex,Head,Gravity MP 2025 Turnierschläger,L2,726423385561,225.95,280.0,,€,in_stock,https://www.tennis-point.de/products/head-gravity-mp-2025-turnierschlaeger-00607504510000?_pos=89&_fid=e81f5edfb&_ss=c
Tennis-Point,2026-07-09 11:14:26,rackets,unisex,Head,Gravity MP 2025 Turnierschläger,L3,726423385578,225.95,280.0,,€,in_stock,https://www.tennis-point.de/products/head-gravity-mp-2025-turnierschlaeger-00607504510000?_pos=89&_fid=e81f5edfb&_ss=c
Tennis-Point,2026-07-09 11:14:36,rackets,unisex,Wilson,Pink Ultra 100L V4.0 Turnierschläger unbesaitet,L2,00097512928489,184.95,220.0,,€,in_stock,https://www.tennis-point.de/products/wilson-pink-ultra-100l-v40-turnierschlaeger-unbesaitet-00707504144000?_pos=88&_fid=e81f5edfb&_ss=c
Tennis-Point,2026-07-09 11:14:36,rackets,unisex,Wilson,Pink Ultra 100L V4.0 Turnierschläger unbesaitet,L3,00097512928502,184.95,220.0,,€,in_stock,https://www.tennis-point.de/products/wilson-pink-ultra-100l-v40-turnierschlaeger-unbesaitet-00707504144000?_pos=88&_fid=e81f5edfb&_ss=c
Tennis-Point,2026-07-09 11:14:42,rackets,unisex,Wilson,Pro Staff 97 L Classic Turnierschläger unbesaitet,L2,00097512974578,185.95,240.0,,€,in_stock,https://www.tennis-point.de/products/wilson-pro-staff-97-l-classic-turnierschlaeger-unbesaitet-00707604290000?_pos=87&_fid=e81f5edfb&_ss=c
Tennis-Point,2026-07-09 11:14:42,rackets,unisex,Wilson,Pro Staff 97 L Classic Turnierschläger unbesaitet,L3,00097512974561,185.95,240.0,,€,in_stock,https://www.tennis-point.de/products/wilson-pro-staff-97-l-classic-turnierschlaeger-unbesaitet-00707604290000?_pos=87&_fid=e81f5edfb&_ss=c
Tennis-Point,2026-07-09 11:14:51,rackets,unisex,Wilson,Pro Staff 97 V14 Turnierschläger,L2,00097512683944,159.95,320.0,,€,in_stock,https://www.tennis-point.de/products/wilson-pro-staff-97-v14-turnierschlaeger-00706203875000?_pos=86&_fid=e81f5edfb&_ss=c
Tennis-Point,2026-07-09 11:14:51,rackets,unisex,Wilson,Pro Staff 97 V14 Turnierschläger,L3,00097512683937,159.95,320.0,,€,in_stock,https://www.tennis-point.de/products/wilson-pro-staff-97-v14-turnierschlaeger-00706203875000?_pos=86&_fid=e81f5edfb&_ss=c
Tennis-Point,2026-07-09 11:14:59,rackets,unisex,Wilson,RF 01 Pro Turnierschläger,L2,00097512849708,235.95,300.0,,€,in_stock,https://www.tennis-point.de/products/wilson-rf-01-pro-turnierschlaeger-00706704086000?_pos=85&_fid=e81f5edfb&_ss=c
Tennis-Point,2026-07-09 11:14:59,rackets,unisex,Wilson,RF 01 Pro Turnierschläger,L3,00097512849746,235.95,300.0,,€,in_stock,https://www.tennis-point.de/products/wilson-rf-01-pro-turnierschlaeger-00706704086000?_pos=85&_fid=e81f5edfb&_ss=c
Tennis-Point,2026-07-09 11:15:20,rackets,unisex,Yonex,Percept 100L (280g) Turnierschläger,L2,4550675268558,205.95,299.95,,€,in_stock,https://www.tennis-point.de/products/yonex-percept-100l-280g-turnierschlaeger-01907101988000?_pos=83&_fid=e81f5edfb&_ss=c
Tennis-Point,2026-07-09 11:15:20,rackets,unisex,Yonex,Percept 100L (280g) Turnierschläger,L3,4550675268565,205.95,299.95,,€,in_stock,https://www.tennis-point.de/products/yonex-percept-100l-280g-turnierschlaeger-01907101988000?_pos=83&_fid=e81f5edfb&_ss=c
Tennis-Point,2026-07-09 11:15:30,rackets,unisex,Wilson,Clash 100L V2.0 Turnierschläger,L2,00097512605212,129.95,230.0,,€,out_of_stock,https://www.tennis-point.de/products/wilson-clash-100l-v20-turnierschlaeger-00705503745000?_pos=82&_fid=e81f5edfb&_ss=c
Tennis-Point,2026-07-09 11:15:30,rackets,unisex,Wilson,Clash 100L V2.0 Turnierschläger,L3,00097512605229,129.95,230.0,,€,in_stock,https://www.tennis-point.de/products/wilson-clash-100l-v20-turnierschlaeger-00705503745000?_pos=82&_fid=e81f5edfb&_ss=c
Tennis-Point,2026-07-09 11:15:39,rackets,unisex,Wilson,Ultra 100 V4.0 Turnierschläger,L2,00097512640244,147.95,250.0,,€,in_stock,https://www.tennis-point.de/products/wilson-ultra-100-v40-turnierschlaeger-00706003840000?_pos=81&_fid=e81f5edfb&_ss=c
Tennis-Point,2026-07-09 11:15:39,rackets,unisex,Wilson,Ultra 100 V4.0 Turnierschläger,L3,00097512640251,147.95,250.0,,€,in_stock,https://www.tennis-point.de/products/wilson-ultra-100-v40-turnierschlaeger-00706003840000?_pos=81&_fid=e81f5edfb&_ss=c
Tennis-Point,2026-07-09 11:16:00,rackets,unisex,Head,Radical MP 2025 Turnierschläger,L2,726423384960,193.95,280.0,,€,in_stock,https://www.tennis-point.de/products/head-radical-mp-2025-turnierschlaeger-00607504503000?_pos=78&_fid=e81f5edfb&_ss=c
Tennis-Point,2026-07-09 11:16:00,rackets,unisex,Head,Radical MP 2025 Turnierschläger,L3,726423384977,193.95,280.0,,€,out_of_stock,https://www.tennis-point.de/products/head-radical-mp-2025-turnierschlaeger-00607504503000?_pos=78&_fid=e81f5edfb&_ss=c
Tennis-Point,2026-07-09 11:16:08,rackets,unisex,Yonex,VCORE 100 (2026) Turnierschläger unbesaitet,L2,4550675355227,299.95,,,€,in_stock,https://www.tennis-point.de/products/yonex-vcore-100-2026-turnierschlaeger-unbesaitet-p0000004731201?_pos=77&_fid=e81f5edfb&_ss=c
Tennis-Point,2026-07-09 11:16:08,rackets,unisex,Yonex,VCORE 100 (2026) Turnierschläger unbesaitet,L3,4550675355234,299.95,,,€,out_of_stock,https://www.tennis-point.de/products/yonex-vcore-100-2026-turnierschlaeger-unbesaitet-p0000004731201?_pos=77&_fid=e81f5edfb&_ss=c
Tennis-Point,2026-07-09 11:16:15,rackets,unisex,Head,Speed MP L 2026 Turnierschläger unbesaitet,L2,198772135317,172.95,250.0,,€,in_stock,https://www.tennis-point.de/products/head-speed-mp-l-2026-turnierschlaeger-unbesaitet-p0000001853301?_pos=76&_fid=e81f5edfb&_ss=c
Tennis-Point,2026-07-09 11:16:15,rackets,unisex,Head,Speed MP L 2026 Turnierschläger unbesaitet,L3,198772135324,172.95,250.0,,€,in_stock,https://www.tennis-point.de/products/head-speed-mp-l-2026-turnierschlaeger-unbesaitet-p0000001853301?_pos=76&_fid=e81f5edfb&_ss=c
Tennis-Point,2026-07-09 11:16:22,rackets,unisex,Wilson,Clash 100L V3.0 Turnierschläger,L2,00097512893602,157.95,230.0,,€,in_stock,https://www.tennis-point.de/products/wilson-clash-100l-v30-turnierschlaeger-00707504152000?_pos=75&_fid=e81f5edfb&_ss=c
Tennis-Point,2026-07-09 11:16:22,rackets,unisex,Wilson,Clash 100L V3.0 Turnierschläger,L3,00097512893572,157.95,230.0,,€,in_stock,https://www.tennis-point.de/products/wilson-clash-100l-v30-turnierschlaeger-00707504152000?_pos=75&_fid=e81f5edfb&_ss=c
Tennis-Point,2026-07-09 11:16:33,rackets,unisex,Wilson,RF 01 Turnierschläger,L2,00097512849715,189.95,280.0,,€,in_stock,https://www.tennis-point.de/products/wilson-rf-01-turnierschlaeger-00706704087000?_pos=74&_fid=e81f5edfb&_ss=c
Tennis-Point,2026-07-09 11:16:33,rackets,unisex,Wilson,RF 01 Turnierschläger,L3,00097512849685,189.95,280.0,,€,in_stock,https://www.tennis-point.de/products/wilson-rf-01-turnierschlaeger-00706704087000?_pos=74&_fid=e81f5edfb&_ss=c
Tennis-Point,2026-07-09 11:16:40,rackets,unisex,Wilson,Ultra 100 V5 Turnierschläger,L2,00097512932028,189.95,240.0,,€,in_stock,https://www.tennis-point.de/products/wilson-ultra-100-v5-turnierschlaeger-00707104222000?_pos=73&_fid=e81f5edfb&_ss=c
Tennis-Point,2026-07-09 11:16:40,rackets,unisex,Wilson,Ultra 100 V5 Turnierschläger,L3,00097512932035,189.95,240.0,,€,in_stock,https://www.tennis-point.de/products/wilson-ultra-100-v5-turnierschlaeger-00707104222000?_pos=73&_fid=e81f5edfb&_ss=c
Tennis-Point,2026-07-09 11:28:00,shoes,women,K-Swiss,"Court Express 2 Sandplatzschuh Damen - weiß, lavendel",EU 39,196483984798,44.95,79.99,,€,in_stock,https://www.tennis-point.de/products/k-swiss-court-express-2-sandplatzschuh-damen-weiss-lavendel-a0000004300602
Tennis-Point,2026-07-09 11:28:09,shoes,women,K-Swiss,"Hypercourt Express 2 Sandplatzschuh Damen-Weiß,Koralle",EU 39,0196483713633,79.95,139.99,,€,in_stock,https://www.tennis-point.de/products/k-swiss-hypercourt-express-2-sandplatzschuh-damen-weisskoralle-01417502423000
Tennis-Point,2026-07-09 11:40:37,rackets,unisex,Wilson,Ultra 100 V5 RG Turnierschläger unbesaitet,L2,00097512975438,164.95,240.0,,€,in_stock,https://www.tennis-point.de/products/wilson-ultra-100-v5-rg-turnierschlaeger-unbesaitet-00707604296000?_pos=25&_fid=25e6be89c&_ss=c
Tennis-Point,2026-07-09 11:40:37,rackets,unisex,Wilson,Ultra 100 V5 RG Turnierschläger unbesaitet,L3,00097512975445,164.95,240.0,,€,in_stock,https://www.tennis-point.de/products/wilson-ultra-100-v5-rg-turnierschlaeger-unbesaitet-00707604296000?_pos=25&_fid=25e6be89c&_ss=c
Tennis-Point,2026-07-09 11:40:44,rackets,unisex,Yonex,Muse 107 Allroundschläger,L2,4550675529284,229.95,,,€,in_stock,https://www.tennis-point.de/products/yonex-muse-107-allroundschlaeger-p0000007160301?_pos=26&_fid=25e6be89c&_ss=c
Tennis-Point,2026-07-09 11:40:44,rackets,unisex,Yonex,Muse 107 Allroundschläger,L3,4550675529291,229.95,,,€,in_stock,https://www.tennis-point.de/products/yonex-muse-107-allroundschlaeger-p0000007160301?_pos=26&_fid=25e6be89c&_ss=c
Tennis-Point,2026-07-09 11:40:54,rackets,unisex,Yonex,Muse 100 L  Allroundschläger,L2,4550675529185,188.95,239.95,,€,out_of_stock,https://www.tennis-point.de/products/yonex-muse-100-l-allroundschlaeger-p0000007160201?_pos=27&_fid=25e6be89c&_ss=c
Tennis-Point,2026-07-09 11:40:54,rackets,unisex,Yonex,Muse 100 L  Allroundschläger,L3,4550675529192,188.95,239.95,,€,in_stock,https://www.tennis-point.de/products/yonex-muse-100-l-allroundschlaeger-p0000007160201?_pos=27&_fid=25e6be89c&_ss=c
Tennis-Point,2026-07-09 11:41:03,rackets,unisex,Yonex,Muse 100 Allroundschläger,L2,4550675529130,193.95,249.95,,€,out_of_stock,https://www.tennis-point.de/products/yonex-muse-100-allroundschlaeger-p0000007160401?_pos=28&_fid=25e6be89c&_ss=c
Tennis-Point,2026-07-09 11:41:03,rackets,unisex,Yonex,Muse 100 Allroundschläger,L3,4550675529147,193.95,249.95,,€,out_of_stock,https://www.tennis-point.de/products/yonex-muse-100-allroundschlaeger-p0000007160401?_pos=28&_fid=25e6be89c&_ss=c
Tennis-Point,2026-07-09 11:41:12,rackets,unisex,Wilson,Blade 98 Pro 18X20 V10 Turnierschläger unbesaitet,L2,00097512975117,259.95,290.0,,€,in_stock,https://www.tennis-point.de/products/wilson-blade-98-pro-18x20-v10-turnierschlaeger-unbesaitet-00707604285000?_pos=29&_fid=25e6be89c&_ss=c
Tennis-Point,2026-07-09 11:41:12,rackets,unisex,Wilson,Blade 98 Pro 18X20 V10 Turnierschläger unbesaitet,L3,00097512975148,259.95,290.0,,€,in_stock,https://www.tennis-point.de/products/wilson-blade-98-pro-18x20-v10-turnierschlaeger-unbesaitet-00707604285000?_pos=29&_fid=25e6be89c&_ss=c
Tennis-Point,2026-07-09 11:41:19,rackets,unisex,Head,Squared Allroundschläger unbesaitet,L2,198772137298,189.95,260.0,,€,in_stock,https://www.tennis-point.de/products/head-squared-allroundschlaeger-unbesaitet-p0000001850501?_pos=30&_fid=25e6be89c&_ss=c
Tennis-Point,2026-07-09 11:41:19,rackets,unisex,Head,Squared Allroundschläger unbesaitet,L3,198772137304,189.95,260.0,,€,in_stock,https://www.tennis-point.de/products/head-squared-allroundschlaeger-unbesaitet-p0000001850501?_pos=30&_fid=25e6be89c&_ss=c
Tennis-Point,2026-07-09 11:41:31,rackets,unisex,Wilson,Clash 100 V2.0 Turnierschläger,L2,00097512592109,132.95,250.0,,€,in_stock,https://www.tennis-point.de/products/wilson-clash-100-v20-turnierschlaeger-00705503744000?_pos=31&_fid=25e6be89c&_ss=c
Tennis-Point,2026-07-09 11:41:31,rackets,unisex,Wilson,Clash 100 V2.0 Turnierschläger,L3,00097512592116,132.95,250.0,,€,in_stock,https://www.tennis-point.de/products/wilson-clash-100-v20-turnierschlaeger-00705503744000?_pos=31&_fid=25e6be89c&_ss=c
Tennis-Point,2026-07-09 11:43:10,shoes,women,Wilson,"Intrigue Pro Sandplatzschuh Damen - weiß, rosa",EU 39,97512997287,89.95,130.0,,€,in_stock,https://www.tennis-point.de/products/wilson-intrigue-pro-sandplatzschuh-damen-weiss-rosa-p0000004130502
Tennis-Point,2026-07-09 11:44:32,rackets,unisex,Yonex,EZONE 98 (2025) Turnierschläger,L2,4550468976202,235.95,279.95,,€,in_stock,https://www.tennis-point.de/products/yonex-ezone-98-2025-turnierschlaeger-01907501958000?_pos=38&_fid=25e6be89c&_ss=c
Tennis-Point,2026-07-09 11:44:32,rackets,unisex,Yonex,EZONE 98 (2025) Turnierschläger,L3,4550468976219,235.95,279.95,,€,out_of_stock,https://www.tennis-point.de/products/yonex-ezone-98-2025-turnierschlaeger-01907501958000?_pos=38&_fid=25e6be89c&_ss=c
Tennis-Point,2026-07-09 11:44:47,rackets,unisex,Wilson,Blade 98 18X20 V9 Turnierschläger,L2,00097512791915,165.95,280.0,,€,in_stock,https://www.tennis-point.de/products/wilson-blade-98-18x20-v9-turnierschlaeger-00706604025000?_pos=40&_fid=25e6be89c&_ss=c
Tennis-Point,2026-07-09 11:44:47,rackets,unisex,Wilson,Blade 98 18X20 V9 Turnierschläger,L3,00097512791922,165.95,280.0,,€,in_stock,https://www.tennis-point.de/products/wilson-blade-98-18x20-v9-turnierschlaeger-00706604025000?_pos=40&_fid=25e6be89c&_ss=c
Tennis-Point,2026-07-09 11:44:55,rackets,unisex,Wilson,Clash 100 V3.0 Turnierschläger,L2,00097512892544,198.95,250.0,,€,in_stock,https://www.tennis-point.de/products/wilson-clash-100-v30-turnierschlaeger-00707504149000?_pos=41&_fid=25e6be89c&_ss=c
Tennis-Point,2026-07-09 11:44:55,rackets,unisex,Wilson,Clash 100 V3.0 Turnierschläger,L3,00097512892537,198.95,250.0,,€,in_stock,https://www.tennis-point.de/products/wilson-clash-100-v30-turnierschlaeger-00707504149000?_pos=41&_fid=25e6be89c&_ss=c
Tennis-Point,2026-07-09 11:45:14,rackets,unisex,Head,Boom MP Alternate 2026 Turnierschläger unbesaitet,L2,198772139971,207.95,260.0,,€,in_stock,https://www.tennis-point.de/products/head-boom-mp-alternate-2026-turnierschlaeger-unbesaitet-p0000001850301?_pos=43&_fid=25e6be89c&_ss=c
Tennis-Point,2026-07-09 11:45:14,rackets,unisex,Head,Boom MP Alternate 2026 Turnierschläger unbesaitet,L3,198772139988,207.95,260.0,,€,in_stock,https://www.tennis-point.de/products/head-boom-mp-alternate-2026-turnierschlaeger-unbesaitet-p0000001850301?_pos=43&_fid=25e6be89c&_ss=c
Tennis-Point,2026-07-09 11:45:22,rackets,unisex,Head,Boom MP UL Alternate 2026 Turnierschläger unbesaitet,L2,198772140212,154.95,230.0,,€,in_stock,https://www.tennis-point.de/products/head-boom-mp-ul-alternate-2026-turnierschlaeger-unbesaitet-p0000001851001?_pos=44&_fid=25e6be89c&_ss=c
Tennis-Point,2026-07-09 11:45:22,rackets,unisex,Head,Boom MP UL Alternate 2026 Turnierschläger unbesaitet,L3,198772140229,154.95,230.0,,€,in_stock,https://www.tennis-point.de/products/head-boom-mp-ul-alternate-2026-turnierschlaeger-unbesaitet-p0000001851001?_pos=44&_fid=25e6be89c&_ss=c
Tennis-Point,2026-07-09 11:45:33,rackets,unisex,Wilson,Blade BLADE 98L V9 Turnierschläger,L2,00097512818773,156.95,280.0,,€,in_stock,https://www.tennis-point.de/products/wilson-blade-blade-98l-v9-turnierschlaeger-00706704140000?_pos=45&_fid=25e6be89c&_ss=c
Tennis-Point,2026-07-09 11:45:33,rackets,unisex,Wilson,Blade BLADE 98L V9 Turnierschläger,L3,00097512818827,156.95,280.0,,€,in_stock,https://www.tennis-point.de/products/wilson-blade-blade-98l-v9-turnierschlaeger-00706704140000?_pos=45&_fid=25e6be89c&_ss=c
Tennis-Point,2026-07-09 11:45:43,rackets,unisex,Head,Boom MP 2026 Turnierschläger unbesaitet,L2,198772136017,177.95,260.0,,€,in_stock,https://www.tennis-point.de/products/head-boom-mp-2026-turnierschlaeger-unbesaitet-p0000001853001?_pos=46&_fid=25e6be89c&_ss=c
Tennis-Point,2026-07-09 11:45:43,rackets,unisex,Head,Boom MP 2026 Turnierschläger unbesaitet,L3,198772136024,177.95,260.0,,€,in_stock,https://www.tennis-point.de/products/head-boom-mp-2026-turnierschlaeger-unbesaitet-p0000001853001?_pos=46&_fid=25e6be89c&_ss=c
Tennis-Point,2026-07-09 11:45:52,rackets,unisex,Head,Boom Team Alternate 2026 Turnierschläger unbesaitet,L2,198772140335,149.95,210.0,,€,in_stock,https://www.tennis-point.de/products/head-boom-team-alternate-2026-turnierschlaeger-unbesaitet-p0000001852901?_pos=47&_fid=25e6be89c&_ss=c
Tennis-Point,2026-07-09 11:45:52,rackets,unisex,Head,Boom Team Alternate 2026 Turnierschläger unbesaitet,L3,198772140342,149.95,210.0,,€,in_stock,https://www.tennis-point.de/products/head-boom-team-alternate-2026-turnierschlaeger-unbesaitet-p0000001852901?_pos=47&_fid=25e6be89c&_ss=c
Tennis-Point,2026-07-09 11:46:13,rackets,unisex,Wilson,Ultra 100L V5 Desert Turnierschläger unbesaitet,L2,00199073012994,192.95,220.0,,€,in_stock,https://www.tennis-point.de/products/wilson-ultra-100l-v5-desert-turnierschlaeger-unbesaitet-p0000004020201?_pos=50&_fid=25e6be89c&_ss=c
Tennis-Point,2026-07-09 11:46:13,rackets,unisex,Wilson,Ultra 100L V5 Desert Turnierschläger unbesaitet,L3,00199073013014,192.95,220.0,,€,in_stock,https://www.tennis-point.de/products/wilson-ultra-100l-v5-desert-turnierschlaeger-unbesaitet-p0000004020201?_pos=50&_fid=25e6be89c&_ss=c
Tennis-Point,2026-07-09 11:46:23,rackets,unisex,Head,Boom MP L Alternate 2026 Turnierschläger unbesaitet,L2,198772140090,186.95,230.0,,€,in_stock,https://www.tennis-point.de/products/head-boom-mp-l-alternate-2026-turnierschlaeger-unbesaitet-p0000001852001?_pos=51&_fid=25e6be89c&_ss=c
Tennis-Point,2026-07-09 11:46:23,rackets,unisex,Head,Boom MP L Alternate 2026 Turnierschläger unbesaitet,L3,198772140106,186.95,230.0,,€,out_of_stock,https://www.tennis-point.de/products/head-boom-mp-l-alternate-2026-turnierschlaeger-unbesaitet-p0000001852001?_pos=51&_fid=25e6be89c&_ss=c
Tennis-Point,2026-07-09 11:46:34,rackets,unisex,Yonex,Percept 100 (300g) Turnierschläger,L2,4550675268602,229.95,309.95,,€,in_stock,https://www.tennis-point.de/products/yonex-percept-100-300g-turnierschlaeger-01907101987000?_pos=52&_fid=25e6be89c&_ss=c
Tennis-Point,2026-07-09 11:46:34,rackets,unisex,Yonex,Percept 100 (300g) Turnierschläger,L3,4550675268619,229.95,309.95,,€,in_stock,https://www.tennis-point.de/products/yonex-percept-100-300g-turnierschlaeger-01907101987000?_pos=52&_fid=25e6be89c&_ss=c
Tennis-Point,2026-07-09 11:46:40,rackets,unisex,Head,Boom MP L 2026 Turnierschläger unbesaitet,L2,198772136130,182.95,230.0,,€,in_stock,https://www.tennis-point.de/products/head-boom-mp-l-2026-turnierschlaeger-unbesaitet-p0000001850601?_pos=53&_fid=25e6be89c&_ss=c
Tennis-Point,2026-07-09 11:46:40,rackets,unisex,Head,Boom MP L 2026 Turnierschläger unbesaitet,L3,198772136147,182.95,230.0,,€,in_stock,https://www.tennis-point.de/products/head-boom-mp-l-2026-turnierschlaeger-unbesaitet-p0000001850601?_pos=53&_fid=25e6be89c&_ss=c
Tennis-Point,2026-07-09 11:46:51,rackets,unisex,Wilson,Ultra 100 V5 Desert Turnierschläger unbesaitet,L2,00199073013038,192.95,240.95,,€,in_stock,https://www.tennis-point.de/products/wilson-ultra-100-v5-desert-turnierschlaeger-unbesaitet-p0000004020301?_pos=54&_fid=25e6be89c&_ss=c
Tennis-Point,2026-07-09 11:46:51,rackets,unisex,Wilson,Ultra 100 V5 Desert Turnierschläger unbesaitet,L3,00199073013045,192.95,240.95,,€,in_stock,https://www.tennis-point.de/products/wilson-ultra-100-v5-desert-turnierschlaeger-unbesaitet-p0000004020301?_pos=54&_fid=25e6be89c&_ss=c
Tennis-Point,2026-07-09 11:46:58,rackets,unisex,Head,Boom MP UL 2026 Turnierschläger unbesaitet,L2,198772136253,155.95,230.0,,€,in_stock,https://www.tennis-point.de/products/head-boom-mp-ul-2026-turnierschlaeger-unbesaitet-p0000001852301?_pos=55&_fid=25e6be89c&_ss=c
Tennis-Point,2026-07-09 11:46:58,rackets,unisex,Head,Boom MP UL 2026 Turnierschläger unbesaitet,L3,198772136260,155.95,230.0,,€,in_stock,https://www.tennis-point.de/products/head-boom-mp-ul-2026-turnierschlaeger-unbesaitet-p0000001852301?_pos=55&_fid=25e6be89c&_ss=c
Tennis-Point,2026-07-09 11:47:08,rackets,unisex,Head,Boom Team 2026 Turnierschläger unbesaitet,L2,198772136376,138.95,210.0,,€,in_stock,https://www.tennis-point.de/products/head-boom-team-2026-turnierschlaeger-unbesaitet-p0000001851501?_pos=56&_fid=25e6be89c&_ss=c
Tennis-Point,2026-07-09 11:47:08,rackets,unisex,Head,Boom Team 2026 Turnierschläger unbesaitet,L3,198772136383,138.95,210.0,,€,in_stock,https://www.tennis-point.de/products/head-boom-team-2026-turnierschlaeger-unbesaitet-p0000001851501?_pos=56&_fid=25e6be89c&_ss=c
Tennis-Point,2026-07-09 11:47:15,rackets,unisex,Head,Boom Pro Turnierschläger unbesaitet,L2,198772135898,215.95,280.0,,€,in_stock,https://www.tennis-point.de/products/head-boom-pro-turnierschlaeger-unbesaitet-p0000006240201?_pos=57&_fid=25e6be89c&_ss=c
Tennis-Point,2026-07-09 11:47:15,rackets,unisex,Head,Boom Pro Turnierschläger unbesaitet,L3,198772135904,215.95,280.0,,€,in_stock,https://www.tennis-point.de/products/head-boom-pro-turnierschlaeger-unbesaitet-p0000006240201?_pos=57&_fid=25e6be89c&_ss=c
Tennis-Point,2026-07-09 11:47:24,rackets,unisex,Head,Boom MP 2024 Turnierschläger,L2,724794924969,119.95,260.0,,€,in_stock,https://www.tennis-point.de/products/head-boom-mp-2024-turnierschlaeger-00606604331000?_pos=58&_fid=25e6be89c&_ss=c
Tennis-Point,2026-07-09 11:47:24,rackets,unisex,Head,Boom MP 2024 Turnierschläger,L3,724794924976,119.95,260.0,,€,in_stock,https://www.tennis-point.de/products/head-boom-mp-2024-turnierschlaeger-00606604331000?_pos=58&_fid=25e6be89c&_ss=c
Tennis-Point,2026-07-09 11:47:32,rackets,unisex,Wilson,Clash 100L V2.0 Bright Neon Yellow Turnierschläger,L2,00097512742405,139.9,270.0,,€,in_stock,https://www.tennis-point.de/products/wilson-clash-100l-v20-bright-neon-yellow-turnierschlaeger-00706404004000?_pos=59&_fid=25e6be89c&_ss=c
Tennis-Point,2026-07-09 11:47:32,rackets,unisex,Wilson,Clash 100L V2.0 Bright Neon Yellow Turnierschläger,L3,00097512742399,139.9,270.0,,€,in_stock,https://www.tennis-point.de/products/wilson-clash-100l-v20-bright-neon-yellow-turnierschlaeger-00706404004000?_pos=59&_fid=25e6be89c&_ss=c
Tennis-Point,2026-07-09 11:47:40,rackets,unisex,Wilson,Pro Staff X V14 Turnierschläger unbesaitet,L2,00097512683685,141.95,300.0,,€,in_stock,https://www.tennis-point.de/products/wilson-pro-staff-x-v14-turnierschlaeger-unbesaitet-00706203876000?_pos=60&_fid=25e6be89c&_ss=c
Tennis-Point,2026-07-09 11:47:40,rackets,unisex,Wilson,Pro Staff X V14 Turnierschläger unbesaitet,L3,00097512683692,141.95,300.0,,€,in_stock,https://www.tennis-point.de/products/wilson-pro-staff-x-v14-turnierschlaeger-unbesaitet-00706203876000?_pos=60&_fid=25e6be89c&_ss=c
Tennis-Point,2026-07-09 11:47:55,rackets,unisex,Wilson,Pro Staff 97 Classic Turnierschläger unbesaitet,L2,00097512975698,199.95,260.0,,€,in_stock,https://www.tennis-point.de/products/wilson-pro-staff-97-classic-turnierschlaeger-unbesaitet-00707604289000?_pos=62&_fid=25e6be89c&_ss=c
Tennis-Point,2026-07-09 11:47:55,rackets,unisex,Wilson,Pro Staff 97 Classic Turnierschläger unbesaitet,L3,00097512975728,199.95,260.0,,€,in_stock,https://www.tennis-point.de/products/wilson-pro-staff-97-classic-turnierschlaeger-unbesaitet-00707604289000?_pos=62&_fid=25e6be89c&_ss=c
Tennis-Point,2026-07-09 11:48:05,rackets,unisex,Wilson,Ultra 100L V5 Turnierschläger unbesaitet,L2,00097512931953,149.95,220.0,,€,in_stock,https://www.tennis-point.de/products/wilson-ultra-100l-v5-turnierschlaeger-unbesaitet-00707104224000?_pos=63&_fid=25e6be89c&_ss=c
Tennis-Point,2026-07-09 11:48:05,rackets,unisex,Wilson,Ultra 100L V5 Turnierschläger unbesaitet,L3,00097512931984,149.95,220.0,,€,in_stock,https://www.tennis-point.de/products/wilson-ultra-100l-v5-turnierschlaeger-unbesaitet-00707104224000?_pos=63&_fid=25e6be89c&_ss=c
Tennis-Point,2026-07-09 11:48:21,rackets,unisex,Wilson,Ultra 100 V4.0 Noir Turnierschläger,L2,00097512718134,141.95,250.0,,€,out_of_stock,https://www.tennis-point.de/products/wilson-ultra-100-v40-noir-turnierschlaeger-00706403964000?_pos=65&_fid=25e6be89c&_ss=c
Tennis-Point,2026-07-09 11:48:21,rackets,unisex,Wilson,Ultra 100 V4.0 Noir Turnierschläger,L3,00097512718103,141.95,250.0,,€,in_stock,https://www.tennis-point.de/products/wilson-ultra-100-v40-noir-turnierschlaeger-00706403964000?_pos=65&_fid=25e6be89c&_ss=c
Tennis-Point,2026-07-09 11:48:31,rackets,unisex,Wilson,Blade 100L V9 Turnierschläger,L2,00097512962520,159.95,240.0,,€,in_stock,https://www.tennis-point.de/products/wilson-blade-100l-v9-turnierschlaeger-00707004259000?_pos=66&_fid=25e6be89c&_ss=c
Tennis-Point,2026-07-09 11:48:31,rackets,unisex,Wilson,Blade 100L V9 Turnierschläger,L3,00097512962544,159.95,240.0,,€,in_stock,https://www.tennis-point.de/products/wilson-blade-100l-v9-turnierschlaeger-00707004259000?_pos=66&_fid=25e6be89c&_ss=c
Tennis-Point,2026-07-09 11:48:39,rackets,unisex,Wilson,Noir Blade 98 V9 16X19 Turnierschläger unbesaitet,L2,00097512928540,239.95,280.0,,€,in_stock,https://www.tennis-point.de/products/wilson-noir-blade-98-v9-16x19-turnierschlaeger-unbesaitet-00707504142000?_pos=67&_fid=25e6be89c&_ss=c
Tennis-Point,2026-07-09 11:48:39,rackets,unisex,Wilson,Noir Blade 98 V9 16X19 Turnierschläger unbesaitet,L3,00097512928564,239.95,280.0,,€,in_stock,https://www.tennis-point.de/products/wilson-noir-blade-98-v9-16x19-turnierschlaeger-unbesaitet-00707504142000?_pos=67&_fid=25e6be89c&_ss=c
Tennis-Point,2026-07-09 11:48:59,shoes,women,Wilson,"Intrigue Pro Sandplatzschuh Damen-weiß, türkis",EU 39,97512992794,79.95,130.0,,€,in_stock,https://www.tennis-point.de/products/wilson-intrigue-pro-sandplatzschuh-damen-weiss-tuerkis-p0000004130501
Tennis-Point,2026-07-09 11:51:58,shoes,women,K-Swiss,"Court Express 2 Sandplatzschuh Damen - weiß, schwarz",EU 39,0196483822069,39.95,79.99,,€,in_stock,https://www.tennis-point.de/products/k-swiss-court-express-2-sandplatzschuh-damen-weiss-schwarz-01417102457000
Tennis-Point,2026-07-09 11:52:43,shoes,women,K-Swiss,"Court Express Sandplatzschuh Damen - weiß, pink",EU 39,0199286149890,56.95,79.99,,€,in_stock,https://www.tennis-point.de/products/k-swiss-court-express-sandplatzschuh-damen-weiss-pink-p0000004910501
Tennis-Point,2026-07-09 11:53:17,shoes,women,K-Swiss,"Ultrashot Light Sandplatzschuh Damen - weiß, lavendel",EU 39,199286041644,54.95,100.0,,€,in_stock,https://www.tennis-point.de/products/k-swiss-ultrashot-light-sandplatzschuh-damen-weiss-lavendel-p0000004300701
Tennis-Point,2026-07-09 11:53:51,shoes,women,K-Swiss,"Court Express 2 Sandplatzschuh Damen - schwarz, weiß",EU 39,196483940855,49.95,79.99,,€,in_stock,https://www.tennis-point.de/products/k-swiss-court-express-2-sandplatzschuh-damen-schwarz-weiss-a0000004300601
Tennis-Point,2026-07-09 11:54:30,rackets,unisex,Head,Speed Pro 2024 Turnierschläger,L2,724794926024,134.95,300.0,,€,in_stock,https://www.tennis-point.de/products/head-speed-pro-2024-turnierschlaeger-00606604347000?_pos=70&_fid=e81f5edfb&_ss=c
Tennis-Point,2026-07-09 11:54:30,rackets,unisex,Head,Speed Pro 2024 Turnierschläger,L3,724794926031,134.95,300.0,,€,in_stock,https://www.tennis-point.de/products/head-speed-pro-2024-turnierschlaeger-00606604347000?_pos=70&_fid=e81f5edfb&_ss=c
Tennis-Point,2026-07-09 11:54:37,rackets,unisex,Wilson,Clash 100 Pro V3.0 Turnierschläger,L2,00097512892223,171.95,250.0,,€,in_stock,https://www.tennis-point.de/products/wilson-clash-100-pro-v30-turnierschlaeger-00707504146000?_pos=71&_fid=e81f5edfb&_ss=c
Tennis-Point,2026-07-09 11:54:37,rackets,unisex,Wilson,Clash 100 Pro V3.0 Turnierschläger,L3,00097512892230,171.95,250.0,,€,in_stock,https://www.tennis-point.de/products/wilson-clash-100-pro-v30-turnierschlaeger-00707504146000?_pos=71&_fid=e81f5edfb&_ss=c
Tennis-Point,2026-07-09 11:54:45,rackets,unisex,Wilson,Blade 98 16X19 V9 Turnierschläger,L2,00097512791854,179.95,280.0,,€,out_of_stock,https://www.tennis-point.de/products/wilson-blade-98-16x19-v9-turnierschlaeger-00706604024000?_pos=72&_fid=e81f5edfb&_ss=c
Tennis-Point,2026-07-09 11:54:45,rackets,unisex,Wilson,Blade 98 16X19 V9 Turnierschläger,L3,00097512791847,179.95,280.0,,€,out_of_stock,https://www.tennis-point.de/products/wilson-blade-98-16x19-v9-turnierschlaeger-00706604024000?_pos=72&_fid=e81f5edfb&_ss=c
Tennis-Point,2026-07-09 11:55:11,rackets,unisex,Dunlop,CX 200 Tour 16x19 Turnierschläger,L2,045566180841,165.95,269.99,,€,in_stock,https://www.tennis-point.de/products/dunlop-cx-200-tour-16x19-turnierschlaeger-01606602343000?_pos=265&_fid=3ab159fdd&_ss=c
Tennis-Point,2026-07-09 11:55:11,rackets,unisex,Dunlop,CX 200 Tour 16x19 Turnierschläger,L3,045566180858,165.95,269.99,,€,in_stock,https://www.tennis-point.de/products/dunlop-cx-200-tour-16x19-turnierschlaeger-01606602343000?_pos=265&_fid=3ab159fdd&_ss=c
Tennis-Point,2026-07-09 11:55:19,rackets,unisex,Dunlop,CX 400 Tour Turnierschläger,L2,045566180971,159.95,239.99,,€,in_stock,https://www.tennis-point.de/products/dunlop-cx-400-tour-turnierschlaeger-01606602345000?_pos=266&_fid=3ab159fdd&_ss=c
Tennis-Point,2026-07-09 11:55:19,rackets,unisex,Dunlop,CX 400 Tour Turnierschläger,L3,045566180988,159.95,239.99,,€,out_of_stock,https://www.tennis-point.de/products/dunlop-cx-400-tour-turnierschlaeger-01606602345000?_pos=266&_fid=3ab159fdd&_ss=c
Tennis-Point,2026-07-09 11:55:33,rackets,unisex,Head,Graphene 360+ Radical Pro (2021) Turnierschläger unbesaitet,L2,724794047323,109.95,270.0,,€,out_of_stock,https://www.tennis-point.de/products/head-graphene-360-radical-pro-2021-turnierschlaeger-unbesaitet-00605403999000?_pos=268&_fid=3ab159fdd&_ss=c
Tennis-Point,2026-07-09 11:55:33,rackets,unisex,Head,Graphene 360+ Radical Pro (2021) Turnierschläger unbesaitet,L3,724794047330,109.95,270.0,,€,out_of_stock,https://www.tennis-point.de/products/head-graphene-360-radical-pro-2021-turnierschlaeger-unbesaitet-00605403999000?_pos=268&_fid=3ab159fdd&_ss=c
Tennis-Point,2026-07-09 11:55:44,rackets,unisex,Dunlop,CX 400 Turnierschläger,L2,045566181015,153.95,229.99,,€,in_stock,https://www.tennis-point.de/products/dunlop-cx-400-turnierschlaeger-01606602346000?_pos=269&_fid=3ab159fdd&_ss=c
Tennis-Point,2026-07-09 11:55:44,rackets,unisex,Dunlop,CX 400 Turnierschläger,L3,045566181022,153.95,229.99,,€,in_stock,https://www.tennis-point.de/products/dunlop-cx-400-turnierschlaeger-01606602346000?_pos=269&_fid=3ab159fdd&_ss=c
Tennis-Point,2026-07-09 11:56:00,rackets,unisex,Dunlop,Dunlop LX 800 Komfortschläger,L2,0045566182456,129.95,179.95,,€,out_of_stock,https://www.tennis-point.de/products/dunlop-dunlop-lx-800-komfortschlaeger-01606702363000?_pos=271&_fid=3ab159fdd&_ss=c
Tennis-Point,2026-07-09 11:56:00,rackets,unisex,Dunlop,Dunlop LX 800 Komfortschläger,L3,0045566182463,129.95,179.95,,€,in_stock,https://www.tennis-point.de/products/dunlop-dunlop-lx-800-komfortschlaeger-01606702363000?_pos=271&_fid=3ab159fdd&_ss=c
Tennis-Point,2026-07-09 11:56:07,rackets,unisex,Head,Extreme Elite 2024 Turnierschläger unbesaitet,L2,726423218609,128.95,160.0,,€,in_stock,https://www.tennis-point.de/products/head-extreme-elite-2024-turnierschlaeger-unbesaitet-00606704422000?_pos=272&_fid=3ab159fdd&_ss=c
Tennis-Point,2026-07-09 11:56:07,rackets,unisex,Head,Extreme Elite 2024 Turnierschläger unbesaitet,L3,726423218616,128.95,160.0,,€,in_stock,https://www.tennis-point.de/products/head-extreme-elite-2024-turnierschlaeger-unbesaitet-00606704422000?_pos=272&_fid=3ab159fdd&_ss=c
Tennis-Point,2026-07-09 11:57:17,shoes,women,K-Swiss,"Express Light 3 Sandplatzschuh Damen - weiß, lavendel",EU 39,196483943993,69.95,119.99,,€,in_stock,https://www.tennis-point.de/products/k-swiss-express-light-3-sandplatzschuh-damen-weiss-lavendel-a0000004301202
Tennis-Point,2026-07-09 12:01:19,shoes,women,K-Swiss,"Hypercourt Express 2 Sandplatzschuh Damen-Weiß,Hellblau",EU 39,0196483719079,69.95,139.99,,€,out_of_stock,https://www.tennis-point.de/products/k-swiss-hypercourt-express-2-sandplatzschuh-damen-weisshellblau-01417502424000
Tennis-Point,2026-07-09 12:01:38,shoes,women,K-Swiss,"Express Light 3 Allcourtschuh Damen - schwarz, mint",EU 39,0196483824582,77.95,119.99,,€,in_stock,https://www.tennis-point.de/products/k-swiss-express-light-3-allcourtschuh-damen-schwarz-mint-01417102456000
Tennis-Point,2026-07-09 12:02:19,shoes,women,Head,"Sprint Pro 4.0 Sandplatzschuh Damen-Koralle,Weiß",EU 39,726423356486,69.95,160.0,,€,out_of_stock,https://www.tennis-point.de/products/head-sprint-pro-40-sandplatzschuh-damen-koralleweiss-00617501992000
Tennis-Point,2026-07-09 12:02:44,shoes,women,K-Swiss,"Express Light 3 Sandplatzschuh Damen - hellgrau, flieder",EU 39,196483439755,46.95,120.0,,€,out_of_stock,https://www.tennis-point.de/products/k-swiss-express-light-3-sandplatzschuh-damen-hellgrau-flieder-01416602356000
Tennis-Point,2026-07-09 12:03:07,rackets,unisex,Wilson,Pro Staff Precision XL 110 Allroundschläger,L2,00097512852685,45.95,55.0,,€,in_stock,https://www.tennis-point.de/products/wilson-pro-staff-precision-xl-110-allroundschlaeger-00707504170000?_pos=307&_fid=e319da5a0&_ss=c
Tennis-Point,2026-07-09 12:03:07,rackets,unisex,Wilson,Pro Staff Precision XL 110 Allroundschläger,L3,00097512852678,45.95,55.0,,€,in_stock,https://www.tennis-point.de/products/wilson-pro-staff-precision-xl-110-allroundschlaeger-00707504170000?_pos=307&_fid=e319da5a0&_ss=c
Tennis-Point,2026-07-09 12:03:12,rackets,unisex,Wilson,Pro Staff Six One Team Legend Turnierschläger,L2,00097512774833,149.95,250.0,,€,out_of_stock,https://www.tennis-point.de/products/wilson-pro-staff-six-one-team-legend-turnierschlaeger-00706404018000?_pos=308&_fid=e319da5a0&_ss=c
Tennis-Point,2026-07-09 12:03:12,rackets,unisex,Wilson,Pro Staff Six One Team Legend Turnierschläger,L3,00097512774826,149.95,250.0,,€,out_of_stock,https://www.tennis-point.de/products/wilson-pro-staff-six-one-team-legend-turnierschlaeger-00706404018000?_pos=308&_fid=e319da5a0&_ss=c
Tennis-Point,2026-07-09 12:03:48,rackets,unisex,Dunlop,Dunlop LX 1000 Komfortschläger,L2,0045566182487,127.95,199.95,,€,in_stock,https://www.tennis-point.de/products/dunlop-dunlop-lx-1000-komfortschlaeger-01606802362000?_pos=312&_fid=e319da5a0&_ss=c
Tennis-Point,2026-07-09 12:03:48,rackets,unisex,Dunlop,Dunlop LX 1000 Komfortschläger,L3,0045566182494,127.95,199.95,,€,in_stock,https://www.tennis-point.de/products/dunlop-dunlop-lx-1000-komfortschlaeger-01606802362000?_pos=312&_fid=e319da5a0&_ss=c
Tennis-Point,2026-07-09 12:05:22,rackets,unisex,Head,Speed Team 2024 Turnierschläger,L2,724794926369,129.95,250.0,,€,in_stock,https://www.tennis-point.de/products/head-speed-team-2024-turnierschlaeger-00606604350000?_pos=323&_fid=e319da5a0&_ss=c
Tennis-Point,2026-07-09 12:05:22,rackets,unisex,Head,Speed Team 2024 Turnierschläger,L3,724794926376,129.95,250.0,,€,out_of_stock,https://www.tennis-point.de/products/head-speed-team-2024-turnierschlaeger-00606604350000?_pos=323&_fid=e319da5a0&_ss=c
Tennis-Point,2026-07-09 12:05:28,rackets,unisex,Dunlop,CX 200 Turnierschläger,L2,045566180872,176.95,259.99,,€,in_stock,https://www.tennis-point.de/products/dunlop-cx-200-turnierschlaeger-01606602344000?_pos=324&_fid=e319da5a0&_ss=c
Tennis-Point,2026-07-09 12:05:28,rackets,unisex,Dunlop,CX 200 Turnierschläger,L3,045566180889,176.95,259.99,,€,in_stock,https://www.tennis-point.de/products/dunlop-cx-200-turnierschlaeger-01606602344000?_pos=324&_fid=e319da5a0&_ss=c
Tennis-Point,2026-07-09 12:05:38,rackets,unisex,Yonex,VCore 100L (2023) Turnierschläger unbesaitet,L2,4550468409090,285.95,289.9,,€,out_of_stock,https://www.tennis-point.de/products/yonex-vcore-100l-2023-turnierschlaeger-unbesaitet-01906201899000?_pos=325&_fid=e319da5a0&_ss=c
Tennis-Point,2026-07-09 12:05:38,rackets,unisex,Yonex,VCore 100L (2023) Turnierschläger unbesaitet,L3,4550468409106,285.95,289.9,,€,out_of_stock,https://www.tennis-point.de/products/yonex-vcore-100l-2023-turnierschlaeger-unbesaitet-01906201899000?_pos=325&_fid=e319da5a0&_ss=c
Tennis-Point,2026-07-09 12:06:07,rackets,unisex,Wilson,Clash 100 V2.0 Roland Garros Turnierschläger unbesaitet,L2,00097512795678,203.95,250.0,,€,out_of_stock,https://www.tennis-point.de/products/wilson-clash-100-v20-roland-garros-turnierschlaeger-unbesaitet-00706604035000?_pos=328&_fid=e319da5a0&_ss=c
Tennis-Point,2026-07-09 12:06:07,rackets,unisex,Wilson,Clash 100 V2.0 Roland Garros Turnierschläger unbesaitet,L3,00097512795661,203.95,250.0,,€,out_of_stock,https://www.tennis-point.de/products/wilson-clash-100-v20-roland-garros-turnierschlaeger-unbesaitet-00706604035000?_pos=328&_fid=e319da5a0&_ss=c
