retailer,timestamp,category,gender,brand,name,reference_variant,ean,current_price,regular_price,msrp_price,currency,availability,url
Tennis-Point,2026-06-23 09:45:47,rackets,unisex,Wilson,Blade Feel 100 Allroundschläger unbesaitet,L2,00097512939546,106.95,130.0,,€,in_stock,https://www.tennis-point.de/products/wilson-blade-feel-100-allroundschlaeger-unbesaitet-00707604310000?_pos=170&_fid=e3f31cceb&_ss=c
Tennis-Point,2026-06-23 09:45:47,rackets,unisex,Wilson,Blade Feel 100 Allroundschläger unbesaitet,L3,00097512939539,106.95,130.0,,€,in_stock,https://www.tennis-point.de/products/wilson-blade-feel-100-allroundschlaeger-unbesaitet-00707604310000?_pos=170&_fid=e3f31cceb&_ss=c
Tennis-Point,2026-06-23 09:46:15,rackets,unisex,Head,Prestige Pro 2023 Turnierschläger,L2,724794924143,203.95,320.0,,€,out_of_stock,https://www.tennis-point.de/products/head-prestige-pro-2023-turnierschlaeger-00606404318000?_pos=238&_fid=f099be403&_ss=c
Tennis-Point,2026-06-23 09:46:15,rackets,unisex,Head,Prestige Pro 2023 Turnierschläger,L3,724794924150,203.95,320.0,,€,in_stock,https://www.tennis-point.de/products/head-prestige-pro-2023-turnierschlaeger-00606404318000?_pos=238&_fid=f099be403&_ss=c
Tennis-Point,2026-06-23 09:46:49,rackets,unisex,Dunlop,Dunlop LX 1000 Komfortschläger,L2,0045566182487,133.95,199.95,,€,in_stock,https://www.tennis-point.de/products/dunlop-dunlop-lx-1000-komfortschlaeger-01606802362000?_pos=306&_fid=220c7a283&_ss=c
Tennis-Point,2026-06-23 09:46:49,rackets,unisex,Dunlop,Dunlop LX 1000 Komfortschläger,L3,0045566182494,133.95,199.95,,€,in_stock,https://www.tennis-point.de/products/dunlop-dunlop-lx-1000-komfortschlaeger-01606802362000?_pos=306&_fid=220c7a283&_ss=c
Tennis-Point,2026-06-23 09:47:20,rackets,unisex,Dunlop,2x SX 300 plus Schlägertasche,L2,,380.95,619.95,,€,in_stock,https://www.tennis-point.de/products/dunlop-2x-sx-300-plus-schlaegertasche-01607502383000?_pos=374&_fid=664bc8484&_ss=c
Tennis-Point,2026-06-23 09:47:20,rackets,unisex,Dunlop,2x SX 300 plus Schlägertasche,L3,,380.95,619.95,,€,out_of_stock,https://www.tennis-point.de/products/dunlop-2x-sx-300-plus-schlaegertasche-01607502383000?_pos=374&_fid=664bc8484&_ss=c
Tennis-Point,2026-06-23 09:47:28,rackets,unisex,Wilson,2x RF 01 Future plus Schlägertasche,L2,,489.95,660.0,,€,in_stock,https://www.tennis-point.de/products/wilson-2x-rf-01-future-plus-schlaegertasche-00706704093000?_pos=395&_fid=9f8bbcc0d&_ss=c
Tennis-Point,2026-06-23 09:47:28,rackets,unisex,Wilson,2x RF 01 Future plus Schlägertasche,L3,,489.95,660.0,,€,out_of_stock,https://www.tennis-point.de/products/wilson-2x-rf-01-future-plus-schlaegertasche-00706704093000?_pos=395&_fid=9f8bbcc0d&_ss=c
Tennis-Point,2026-06-23 09:47:44,rackets,unisex,Wilson,2x RF 01 plus Schlägertasche,L2,,484.95,730.0,,€,in_stock,https://www.tennis-point.de/products/wilson-2x-rf-01-plus-schlaegertasche-00706704089000?_pos=393&_fid=9f8bbcc0d&_ss=c
Tennis-Point,2026-06-23 09:47:44,rackets,unisex,Wilson,2x RF 01 plus Schlägertasche,L3,,484.95,730.0,,€,in_stock,https://www.tennis-point.de/products/wilson-2x-rf-01-plus-schlaegertasche-00706704089000?_pos=393&_fid=9f8bbcc0d&_ss=c
Tennis-Point,2026-06-23 09:47:54,rackets,unisex,Dunlop,2x SX 300 Tour plus Schlägertasche,L2,,380.95,639.95,,€,in_stock,https://www.tennis-point.de/products/dunlop-2x-sx-300-tour-plus-schlaegertasche-01607502384000?_pos=392&_fid=9f8bbcc0d&_ss=c
Tennis-Point,2026-06-23 09:47:54,rackets,unisex,Dunlop,2x SX 300 Tour plus Schlägertasche,L3,,380.95,639.95,,€,in_stock,https://www.tennis-point.de/products/dunlop-2x-sx-300-tour-plus-schlaegertasche-01607502384000?_pos=392&_fid=9f8bbcc0d&_ss=c
Tennis-Point,2026-06-23 09:48:03,rackets,unisex,Head,2x Gravity Tour 2025 plus Schlägertasche,L2,,466.95,680.0,,€,in_stock,https://www.tennis-point.de/products/head-2x-gravity-tour-2025-plus-schlaegertasche-00607504544000?_pos=391&_fid=9f8bbcc0d&_ss=c
Tennis-Point,2026-06-23 09:48:03,rackets,unisex,Head,2x Gravity Tour 2025 plus Schlägertasche,L3,,466.95,680.0,,€,in_stock,https://www.tennis-point.de/products/head-2x-gravity-tour-2025-plus-schlaegertasche-00607504544000?_pos=391&_fid=9f8bbcc0d&_ss=c
Tennis-Point,2026-06-23 09:48:07,rackets,unisex,Wilson,2x Clash 100L V3.0 plus Schlägertasche,L2,,447.95,590.0,,€,in_stock,https://www.tennis-point.de/products/wilson-2x-clash-100l-v30-plus-schlaegertasche-00707504203000?_pos=390&_fid=9f8bbcc0d&_ss=c
Tennis-Point,2026-06-23 09:48:07,rackets,unisex,Wilson,2x Clash 100L V3.0 plus Schlägertasche,L3,,447.95,590.0,,€,in_stock,https://www.tennis-point.de/products/wilson-2x-clash-100l-v30-plus-schlaegertasche-00707504203000?_pos=390&_fid=9f8bbcc0d&_ss=c
Tennis-Point,2026-06-23 09:48:15,rackets,unisex,Wilson,2x Clash 100  V2.0 plus Schlägertasche,L2,,338.95,630.0,,€,in_stock,https://www.tennis-point.de/products/wilson-2x-clash-100-v20-plus-schlaegertasche-00705503990000?_pos=389&_fid=9f8bbcc0d&_ss=c
Tennis-Point,2026-06-23 09:48:15,rackets,unisex,Wilson,2x Clash 100  V2.0 plus Schlägertasche,L3,,338.95,630.0,,€,in_stock,https://www.tennis-point.de/products/wilson-2x-clash-100-v20-plus-schlaegertasche-00705503990000?_pos=389&_fid=9f8bbcc0d&_ss=c
Tennis-Point,2026-06-23 09:48:24,rackets,unisex,Wilson,2x Clash 100L V3.0 plus Schlägertasche,L2,,380.95,570.0,,€,in_stock,https://www.tennis-point.de/products/wilson-2x-clash-100l-v30-plus-schlaegertasche-00707504202000?_pos=388&_fid=9f8bbcc0d&_ss=c
Tennis-Point,2026-06-23 09:48:24,rackets,unisex,Wilson,2x Clash 100L V3.0 plus Schlägertasche,L3,,380.95,570.0,,€,in_stock,https://www.tennis-point.de/products/wilson-2x-clash-100l-v30-plus-schlaegertasche-00707504202000?_pos=388&_fid=9f8bbcc0d&_ss=c
Tennis-Point,2026-06-23 09:49:00,rackets,unisex,Wilson,2x Clash 100 Pro V3.0 plus Schlägertasche,L2,,485.95,650.0,,€,out_of_stock,https://www.tennis-point.de/products/wilson-2x-clash-100-pro-v30-plus-schlaegertasche-00707504198000?_pos=384&_fid=9f8bbcc0d&_ss=c
Tennis-Point,2026-06-23 09:49:00,rackets,unisex,Wilson,2x Clash 100 Pro V3.0 plus Schlägertasche,L3,,485.95,650.0,,€,out_of_stock,https://www.tennis-point.de/products/wilson-2x-clash-100-pro-v30-plus-schlaegertasche-00707504198000?_pos=384&_fid=9f8bbcc0d&_ss=c
Tennis-Point,2026-06-23 09:49:05,rackets,unisex,Wilson,2x Clash 100L V2.0 plus Schlägertasche,L2,,329.95,590.0,,€,out_of_stock,https://www.tennis-point.de/products/wilson-2x-clash-100l-v20-plus-schlaegertasche-00705503991000?_pos=383&_fid=9f8bbcc0d&_ss=c
Tennis-Point,2026-06-23 09:49:05,rackets,unisex,Wilson,2x Clash 100L V2.0 plus Schlägertasche,L3,,329.95,590.0,,€,in_stock,https://www.tennis-point.de/products/wilson-2x-clash-100l-v20-plus-schlaegertasche-00705503991000?_pos=383&_fid=9f8bbcc0d&_ss=c
Tennis-Point,2026-06-23 09:49:23,rackets,unisex,Wilson,2x Clash 100 V3.0 plus Schlägertasche,L2,,400.95,650.0,,€,in_stock,https://www.tennis-point.de/products/wilson-2x-clash-100-v30-plus-schlaegertasche-00707504216000?_pos=381&_fid=9f8bbcc0d&_ss=c
Tennis-Point,2026-06-23 09:49:23,rackets,unisex,Wilson,2x Clash 100 V3.0 plus Schlägertasche,L3,,400.95,650.0,,€,in_stock,https://www.tennis-point.de/products/wilson-2x-clash-100-v30-plus-schlaegertasche-00707504216000?_pos=381&_fid=9f8bbcc0d&_ss=c
Tennis-Point,2026-06-23 09:49:33,rackets,unisex,Wilson,2x Clash 100 V3.0 plus Schlägertasche,L2,,434.95,650.0,,€,in_stock,https://www.tennis-point.de/products/wilson-2x-clash-100-v30-plus-schlaegertasche-00707504199000?_pos=380&_fid=9f8bbcc0d&_ss=c
Tennis-Point,2026-06-23 09:49:33,rackets,unisex,Wilson,2x Clash 100 V3.0 plus Schlägertasche,L3,,434.95,650.0,,€,in_stock,https://www.tennis-point.de/products/wilson-2x-clash-100-v30-plus-schlaegertasche-00707504199000?_pos=380&_fid=9f8bbcc0d&_ss=c
Tennis-Point,2026-06-23 09:49:42,rackets,unisex,Wilson,2x Clash 100 V3.0 plus Schlägertasche,L2,,420.95,650.0,,€,in_stock,https://www.tennis-point.de/products/wilson-2x-clash-100-v30-plus-schlaegertasche-00707504200000?_pos=379&_fid=9f8bbcc0d&_ss=c
Tennis-Point,2026-06-23 09:49:42,rackets,unisex,Wilson,2x Clash 100 V3.0 plus Schlägertasche,L3,,420.95,650.0,,€,in_stock,https://www.tennis-point.de/products/wilson-2x-clash-100-v30-plus-schlaegertasche-00707504200000?_pos=379&_fid=9f8bbcc0d&_ss=c
Tennis-Point,2026-06-23 09:49:55,rackets,unisex,Head,2x Team 2025 plus Schlägertasche,L2,,472.95,630.0,,€,in_stock,https://www.tennis-point.de/products/head-2x-team-2025-plus-schlaegertasche-00607504540000?_pos=377&_fid=9f8bbcc0d&_ss=c
Tennis-Point,2026-06-23 09:49:55,rackets,unisex,Head,2x Team 2025 plus Schlägertasche,L3,,472.95,630.0,,€,in_stock,https://www.tennis-point.de/products/head-2x-team-2025-plus-schlaegertasche-00607504540000?_pos=377&_fid=9f8bbcc0d&_ss=c
Tennis-Point,2026-06-23 09:50:12,rackets,unisex,Head,2x Gravity Pro 2025 plus Schlägertasche,L2,,558.95,720.0,,€,out_of_stock,https://www.tennis-point.de/products/head-2x-gravity-pro-2025-plus-schlaegertasche-00607504542000?_pos=375&_fid=9f8bbcc0d&_ss=c
Tennis-Point,2026-06-23 09:50:12,rackets,unisex,Head,2x Gravity Pro 2025 plus Schlägertasche,L3,,558.95,720.0,,€,in_stock,https://www.tennis-point.de/products/head-2x-gravity-pro-2025-plus-schlaegertasche-00607504542000?_pos=375&_fid=9f8bbcc0d&_ss=c
Tennis-Point,2026-06-23 09:50:17,rackets,unisex,Wilson,2x RF 01 Pro plus Schlägertasche,L2,,571.95,770.0,,€,in_stock,https://www.tennis-point.de/products/wilson-2x-rf-01-pro-plus-schlaegertasche-00706704092000?_pos=373&_fid=664bc8484&_ss=c
Tennis-Point,2026-06-23 09:50:17,rackets,unisex,Wilson,2x RF 01 Pro plus Schlägertasche,L3,,571.95,770.0,,€,in_stock,https://www.tennis-point.de/products/wilson-2x-rf-01-pro-plus-schlaegertasche-00706704092000?_pos=373&_fid=664bc8484&_ss=c
Tennis-Point,2026-06-23 09:50:26,rackets,unisex,Head,2x Gravity MP 2025 plus Schlägertasche,L2,,527.95,680.0,,€,in_stock,https://www.tennis-point.de/products/head-2x-gravity-mp-2025-plus-schlaegertasche-00607504546000?_pos=372&_fid=664bc8484&_ss=c
Tennis-Point,2026-06-23 09:50:26,rackets,unisex,Head,2x Gravity MP 2025 plus Schlägertasche,L3,,527.95,680.0,,€,in_stock,https://www.tennis-point.de/products/head-2x-gravity-mp-2025-plus-schlaegertasche-00607504546000?_pos=372&_fid=664bc8484&_ss=c
Tennis-Point,2026-06-23 09:51:29,rackets,unisex,Yonex,2x VCore 100 (2026) plus Schlägertasche,L2,,707.95,749.95,,€,in_stock,https://www.tennis-point.de/products/yonex-2x-vcore-100-2026-plus-schlaegertasche-b0000004740200?_pos=365&_fid=664bc8484&_ss=c
Tennis-Point,2026-06-23 09:51:29,rackets,unisex,Yonex,2x VCore 100 (2026) plus Schlägertasche,L3,,707.95,749.95,,€,in_stock,https://www.tennis-point.de/products/yonex-2x-vcore-100-2026-plus-schlaegertasche-b0000004740200?_pos=365&_fid=664bc8484&_ss=c
Tennis-Point,2026-06-23 10:02:10,rackets,unisex,Head,Radical MP 18X20 2025 Turnierschläger,L2,0198772015848,254.95,279.95,,€,in_stock,https://www.tennis-point.de/products/head-radical-mp-18x20-2025-turnierschlaeger-00607504565000?_pos=287&_fid=220c7a283&_ss=c
Tennis-Point,2026-06-23 10:02:10,rackets,unisex,Head,Radical MP 18X20 2025 Turnierschläger,L3,0198772015855,254.95,279.95,,€,in_stock,https://www.tennis-point.de/products/head-radical-mp-18x20-2025-turnierschlaeger-00607504565000?_pos=287&_fid=220c7a283&_ss=c
Tennis-Point,2026-06-23 10:02:28,rackets,unisex,Wilson,Shift 99L V1 Turnierschläger,L2,00097512962506,169.95,250.0,,€,in_stock,https://www.tennis-point.de/products/wilson-shift-99l-v1-turnierschlaeger-00707004260000?_pos=285&_fid=220c7a283&_ss=c
Tennis-Point,2026-06-23 10:02:28,rackets,unisex,Wilson,Shift 99L V1 Turnierschläger,L3,00097512962513,169.95,250.0,,€,in_stock,https://www.tennis-point.de/products/wilson-shift-99l-v1-turnierschlaeger-00707004260000?_pos=285&_fid=220c7a283&_ss=c
Tennis-Point,2026-06-23 10:03:26,rackets,unisex,Dunlop,FX 500 Superlite Allroundschläger,L2,045566185181,113.95,209.99,,€,in_stock,https://www.tennis-point.de/products/dunlop-fx-500-superlite-allroundschlaeger-p0000001521201?_pos=279&_fid=220c7a283&_ss=c
Tennis-Point,2026-06-23 10:03:26,rackets,unisex,Dunlop,FX 500 Superlite Allroundschläger,L3,045566185198,113.95,209.99,,€,in_stock,https://www.tennis-point.de/products/dunlop-fx-500-superlite-allroundschlaeger-p0000001521201?_pos=279&_fid=220c7a283&_ss=c
Tennis-Point,2026-06-23 10:03:54,rackets,unisex,Wilson,Clash 100 Pro V3.0 Reverse Turnierschläger unbesaitet,L2,199073010891,169.95,250.0,,€,in_stock,https://www.tennis-point.de/products/wilson-clash-100-pro-v30-reverse-turnierschlaeger-unbesaitet-00707604323000?_pos=276&_fid=220c7a283&_ss=c
Tennis-Point,2026-06-23 10:03:54,rackets,unisex,Wilson,Clash 100 Pro V3.0 Reverse Turnierschläger unbesaitet,L3,199073010907,169.95,250.0,,€,in_stock,https://www.tennis-point.de/products/wilson-clash-100-pro-v30-reverse-turnierschlaeger-unbesaitet-00707604323000?_pos=276&_fid=220c7a283&_ss=c
Tennis-Point,2026-06-23 10:04:34,rackets,unisex,Dunlop,CX 200 Limited Turnierschläger,L2,0045566184634,165.95,259.99,,€,in_stock,https://www.tennis-point.de/products/dunlop-cx-200-limited-turnierschlaeger-01607102412000?_pos=270&_fid=220c7a283&_ss=c
Tennis-Point,2026-06-23 10:04:34,rackets,unisex,Dunlop,CX 200 Limited Turnierschläger,L3,0045566184641,165.95,259.99,,€,in_stock,https://www.tennis-point.de/products/dunlop-cx-200-limited-turnierschlaeger-01607102412000?_pos=270&_fid=220c7a283&_ss=c
Tennis-Point,2026-06-23 10:04:54,rackets,unisex,Wilson,Ultra 100 L V3.0 Turnierschläger,L2,00097512424523,109.95,220.0,,€,out_of_stock,https://www.tennis-point.de/products/wilson-ultra-100-l-v30-turnierschlaeger-00705003539000?_pos=268&_fid=220c7a283&_ss=c
Tennis-Point,2026-06-23 10:04:54,rackets,unisex,Wilson,Ultra 100 L V3.0 Turnierschläger,L3,00097512424462,109.95,220.0,,€,out_of_stock,https://www.tennis-point.de/products/wilson-ultra-100-l-v30-turnierschlaeger-00705003539000?_pos=268&_fid=220c7a283&_ss=c
Tennis-Point,2026-06-23 10:04:59,rackets,unisex,Dunlop,SX 300 Lite Turnierschläger,L2,045566178831,91.95,209.99,,€,out_of_stock,https://www.tennis-point.de/products/dunlop-sx-300-lite-turnierschlaeger-01605402261000?_pos=267&_fid=220c7a283&_ss=c
Tennis-Point,2026-06-23 10:04:59,rackets,unisex,Dunlop,SX 300 Lite Turnierschläger,L3,045566178848,91.95,209.99,,€,out_of_stock,https://www.tennis-point.de/products/dunlop-sx-300-lite-turnierschlaeger-01605402261000?_pos=267&_fid=220c7a283&_ss=c
Tennis-Point,2026-06-23 10:05:24,rackets,unisex,Head,Instinct MP 2025 Turnierschläger,L2,726423348436,128.95,160.0,,€,in_stock,https://www.tennis-point.de/products/head-instinct-mp-2025-turnierschlaeger-00607504514000?_pos=264&_fid=220c7a283&_ss=c
Tennis-Point,2026-06-23 10:05:24,rackets,unisex,Head,Instinct MP 2025 Turnierschläger,L3,726423348443,128.95,160.0,,€,in_stock,https://www.tennis-point.de/products/head-instinct-mp-2025-turnierschlaeger-00607504514000?_pos=264&_fid=220c7a283&_ss=c
Tennis-Point,2026-06-23 10:06:02,rackets,unisex,Wilson,Clash Noir 100 Pro V2.0 Turnierschläger,L2,00097512727761,137.95,250.0,,€,out_of_stock,https://www.tennis-point.de/products/wilson-clash-noir-100-pro-v20-turnierschlaeger-00706604065000?_pos=260&_fid=220c7a283&_ss=c
Tennis-Point,2026-06-23 10:06:02,rackets,unisex,Wilson,Clash Noir 100 Pro V2.0 Turnierschläger,L3,00097512727778,137.95,250.0,,€,out_of_stock,https://www.tennis-point.de/products/wilson-clash-noir-100-pro-v20-turnierschlaeger-00706604065000?_pos=260&_fid=220c7a283&_ss=c
Tennis-Point,2026-06-23 10:06:16,rackets,unisex,Dunlop,CX 200 LS Turnierschläger,L2,045566180919,157.95,239.99,,€,in_stock,https://www.tennis-point.de/products/dunlop-cx-200-ls-turnierschlaeger-01606602340000?_pos=258&_fid=220c7a283&_ss=c
Tennis-Point,2026-06-23 10:06:16,rackets,unisex,Dunlop,CX 200 LS Turnierschläger,L3,045566180926,157.95,239.99,,€,in_stock,https://www.tennis-point.de/products/dunlop-cx-200-ls-turnierschlaeger-01606602340000?_pos=258&_fid=220c7a283&_ss=c
Tennis-Point,2026-06-23 10:06:26,rackets,unisex,Dunlop,CX 400 Turnierschläger,L2,045566181015,149.95,229.99,,€,in_stock,https://www.tennis-point.de/products/dunlop-cx-400-turnierschlaeger-01606602346000?_pos=257&_fid=220c7a283&_ss=c
Tennis-Point,2026-06-23 10:06:26,rackets,unisex,Dunlop,CX 400 Turnierschläger,L3,045566181022,149.95,229.99,,€,in_stock,https://www.tennis-point.de/products/dunlop-cx-400-turnierschlaeger-01606602346000?_pos=257&_fid=220c7a283&_ss=c
Tennis-Point,2026-06-23 10:06:34,rackets,unisex,Wilson,Six LV Komfortschläger unbesaitet,L2,0097512648363,79.95,150.0,,€,in_stock,https://www.tennis-point.de/products/wilson-six-lv-komfortschlaeger-unbesaitet-00706203896000?_pos=256&_fid=220c7a283&_ss=c
Tennis-Point,2026-06-23 10:06:34,rackets,unisex,Wilson,Six LV Komfortschläger unbesaitet,L3,0097512648394,79.95,150.0,,€,in_stock,https://www.tennis-point.de/products/wilson-six-lv-komfortschlaeger-unbesaitet-00706203896000?_pos=256&_fid=220c7a283&_ss=c
Tennis-Point,2026-06-23 10:06:48,rackets,unisex,Dunlop,CX 200 Turnierschläger,L2,045566180872,174.95,259.99,,€,in_stock,https://www.tennis-point.de/products/dunlop-cx-200-turnierschlaeger-01606602344000?_pos=254&_fid=220c7a283&_ss=c
Tennis-Point,2026-06-23 10:06:48,rackets,unisex,Dunlop,CX 200 Turnierschläger,L3,045566180889,174.95,259.99,,€,in_stock,https://www.tennis-point.de/products/dunlop-cx-200-turnierschlaeger-01606602344000?_pos=254&_fid=220c7a283&_ss=c
Tennis-Point,2026-06-23 10:07:05,rackets,unisex,Wilson,Pro Staff Precision 100 Allroundschläger,L2,00097512850612,89.95,130.0,,€,in_stock,https://www.tennis-point.de/products/wilson-pro-staff-precision-100-allroundschlaeger-00707504167000?_pos=252&_fid=220c7a283&_ss=c
Tennis-Point,2026-06-23 10:07:05,rackets,unisex,Wilson,Pro Staff Precision 100 Allroundschläger,L3,00097512850582,89.95,130.0,,€,in_stock,https://www.tennis-point.de/products/wilson-pro-staff-precision-100-allroundschlaeger-00707504167000?_pos=252&_fid=220c7a283&_ss=c
Tennis-Point,2026-06-23 10:07:15,rackets,unisex,Head,Radical Pro Turnierschläger,L2,724794623947,132.95,300.0,,€,in_stock,https://www.tennis-point.de/products/head-radical-pro-turnierschlaeger-00606204252000?_pos=251&_fid=220c7a283&_ss=c
Tennis-Point,2026-06-23 10:07:15,rackets,unisex,Head,Radical Pro Turnierschläger,L3,724794623954,132.95,300.0,,€,out_of_stock,https://www.tennis-point.de/products/head-radical-pro-turnierschlaeger-00606204252000?_pos=251&_fid=220c7a283&_ss=c
Tennis-Point,2026-06-23 10:07:41,rackets,unisex,Head,Boom MP Orlinski Limited Edition Turnierschläger,L2,0198772007461,188.95,260.0,,€,in_stock,https://www.tennis-point.de/products/head-boom-mp-orlinski-limited-edition-turnierschlaeger-00606904498000?_pos=248&_fid=220c7a283&_ss=c
Tennis-Point,2026-06-23 10:07:41,rackets,unisex,Head,Boom MP Orlinski Limited Edition Turnierschläger,L3,0198772007478,188.95,260.0,,€,in_stock,https://www.tennis-point.de/products/head-boom-mp-orlinski-limited-edition-turnierschlaeger-00606904498000?_pos=248&_fid=220c7a283&_ss=c
Tennis-Point,2026-06-23 10:08:32,rackets,unisex,Dunlop,SX 300 Turnierschläger,L2,0045566184702,159.95,239.99,,€,in_stock,https://www.tennis-point.de/products/dunlop-sx-300-turnierschlaeger-01607002406000?_pos=242&_fid=220c7a283&_ss=c
Tennis-Point,2026-06-23 10:08:32,rackets,unisex,Dunlop,SX 300 Turnierschläger,L3,0045566184719,159.95,239.99,,€,in_stock,https://www.tennis-point.de/products/dunlop-sx-300-turnierschlaeger-01607002406000?_pos=242&_fid=220c7a283&_ss=c
Tennis-Point,2026-06-23 10:08:50,rackets,unisex,Wilson,Envy SE Allroundschläger unbesaitet,L2,00097512964203,113.95,150.0,,€,in_stock,https://www.tennis-point.de/products/wilson-envy-se-allroundschlaeger-unbesaitet-00707604313000?_pos=240&_fid=220c7a283&_ss=c
Tennis-Point,2026-06-23 10:08:50,rackets,unisex,Wilson,Envy SE Allroundschläger unbesaitet,L3,00097512964197,113.95,150.0,,€,in_stock,https://www.tennis-point.de/products/wilson-envy-se-allroundschlaeger-unbesaitet-00707604313000?_pos=240&_fid=220c7a283&_ss=c
Tennis-Point,2026-06-23 10:08:58,rackets,unisex,Wilson,Pro Staff Six One Team Legend Turnierschläger,L2,00097512774833,149.95,250.0,,€,out_of_stock,https://www.tennis-point.de/products/wilson-pro-staff-six-one-team-legend-turnierschlaeger-00706404018000?_pos=239&_fid=220c7a283&_ss=c
Tennis-Point,2026-06-23 10:08:58,rackets,unisex,Wilson,Pro Staff Six One Team Legend Turnierschläger,L3,00097512774826,149.95,250.0,,€,out_of_stock,https://www.tennis-point.de/products/wilson-pro-staff-six-one-team-legend-turnierschlaeger-00706404018000?_pos=239&_fid=220c7a283&_ss=c
Tennis-Point,2026-06-23 10:09:14,rackets,unisex,Dunlop,SX 300 Lite Turnierschläger,L2,0045566182739,126.95,209.99,,€,out_of_stock,https://www.tennis-point.de/products/dunlop-sx-300-lite-turnierschlaeger-01607502369000?_pos=236&_fid=f099be403&_ss=c
Tennis-Point,2026-06-23 10:09:14,rackets,unisex,Dunlop,SX 300 Lite Turnierschläger,L3,0045566182746,126.95,209.99,,€,in_stock,https://www.tennis-point.de/products/dunlop-sx-300-lite-turnierschlaeger-01607502369000?_pos=236&_fid=f099be403&_ss=c
Tennis-Point,2026-06-23 10:09:24,rackets,unisex,Head,Boom MP Neon 2025 Turnierschläger,L2,198772103576,129.95,260.0,,€,out_of_stock,https://www.tennis-point.de/products/head-boom-mp-neon-2025-turnierschlaeger-00607004575000?_pos=235&_fid=f099be403&_ss=c
Tennis-Point,2026-06-23 10:09:24,rackets,unisex,Head,Boom MP Neon 2025 Turnierschläger,L3,198772103583,129.95,260.0,,€,out_of_stock,https://www.tennis-point.de/products/head-boom-mp-neon-2025-turnierschlaeger-00607004575000?_pos=235&_fid=f099be403&_ss=c
Tennis-Point,2026-06-23 10:09:46,rackets,unisex,Dunlop,SX 300 LS Turnierschläger,L2,0045566184740,149.95,229.99,,€,in_stock,https://www.tennis-point.de/products/dunlop-sx-300-ls-turnierschlaeger-01607002407000?_pos=232&_fid=f099be403&_ss=c
Tennis-Point,2026-06-23 10:09:46,rackets,unisex,Dunlop,SX 300 LS Turnierschläger,L3,0045566184757,149.95,229.99,,€,in_stock,https://www.tennis-point.de/products/dunlop-sx-300-ls-turnierschlaeger-01607002407000?_pos=232&_fid=f099be403&_ss=c
Tennis-Point,2026-06-23 10:10:13,rackets,unisex,Dunlop,SX 300 LS Turnierschläger unbesaitet,L2,0045566182692,142.95,229.99,,€,in_stock,https://www.tennis-point.de/products/dunlop-sx-300-ls-turnierschlaeger-unbesaitet-01607502368000?_pos=229&_fid=f099be403&_ss=c
Tennis-Point,2026-06-23 10:10:13,rackets,unisex,Dunlop,SX 300 LS Turnierschläger unbesaitet,L3,0045566182708,142.95,229.99,,€,in_stock,https://www.tennis-point.de/products/dunlop-sx-300-ls-turnierschlaeger-unbesaitet-01607502368000?_pos=229&_fid=f099be403&_ss=c
Tennis-Point,2026-06-23 10:10:23,rackets,unisex,Dunlop,Dunlop LX 800 Komfortschläger,L2,0045566182456,129.95,179.95,,€,in_stock,https://www.tennis-point.de/products/dunlop-dunlop-lx-800-komfortschlaeger-01606702363000?_pos=228&_fid=f099be403&_ss=c
Tennis-Point,2026-06-23 10:10:23,rackets,unisex,Dunlop,Dunlop LX 800 Komfortschläger,L3,0045566182463,129.95,179.95,,€,in_stock,https://www.tennis-point.de/products/dunlop-dunlop-lx-800-komfortschlaeger-01606702363000?_pos=228&_fid=f099be403&_ss=c
Tennis-Point,2026-06-23 10:10:51,rackets,unisex,Yonex,Percept Game (270g) Allroundschläger,L2,4550675322663,157.95,229.95,,€,in_stock,https://www.tennis-point.de/products/yonex-percept-game-270g-allroundschlaeger-01907101989000?_pos=225&_fid=f099be403&_ss=c
Tennis-Point,2026-06-23 10:10:51,rackets,unisex,Yonex,Percept Game (270g) Allroundschläger,L3,4550675322670,157.95,229.95,,€,in_stock,https://www.tennis-point.de/products/yonex-percept-game-270g-allroundschlaeger-01907101989000?_pos=225&_fid=f099be403&_ss=c
Tennis-Point,2026-06-23 10:11:20,rackets,unisex,Yonex,VCORE 100L (2026) Turnierschläger unbesaitet,L2,4550675389253,289.95,,,€,in_stock,https://www.tennis-point.de/products/yonex-vcore-100l-2026-turnierschlaeger-unbesaitet-p0000004730601?_pos=222&_fid=f099be403&_ss=c
Tennis-Point,2026-06-23 10:11:20,rackets,unisex,Yonex,VCORE 100L (2026) Turnierschläger unbesaitet,L3,4550675389260,289.95,,,€,in_stock,https://www.tennis-point.de/products/yonex-vcore-100l-2026-turnierschlaeger-unbesaitet-p0000004730601?_pos=222&_fid=f099be403&_ss=c
Tennis-Point,2026-06-23 10:11:27,rackets,unisex,Head,Radical Pro 18x20 2025 Turnierschläger,L2,0198772071653,189.95,299.95,,€,in_stock,https://www.tennis-point.de/products/head-radical-pro-18x20-2025-turnierschlaeger-00607504564000?_pos=221&_fid=f099be403&_ss=c
Tennis-Point,2026-06-23 10:11:27,rackets,unisex,Head,Radical Pro 18x20 2025 Turnierschläger,L3,0198772071660,189.95,299.95,,€,in_stock,https://www.tennis-point.de/products/head-radical-pro-18x20-2025-turnierschlaeger-00607504564000?_pos=221&_fid=f099be403&_ss=c
Tennis-Point,2026-06-23 10:11:48,rackets,unisex,Head,Prestige MP L 2023 Turnierschläger,L2,724794924440,194.95,280.0,,€,in_stock,https://www.tennis-point.de/products/head-prestige-mp-l-2023-turnierschlaeger-00606404321000?_pos=219&_fid=f099be403&_ss=c
Tennis-Point,2026-06-23 10:11:48,rackets,unisex,Head,Prestige MP L 2023 Turnierschläger,L3,724794924457,194.95,280.0,,€,in_stock,https://www.tennis-point.de/products/head-prestige-mp-l-2023-turnierschlaeger-00606404321000?_pos=219&_fid=f099be403&_ss=c
Tennis-Point,2026-06-23 10:11:58,rackets,unisex,Head,Gravity Team 2025 Turnierschläger,L2,726423385806,198.95,250.0,,€,in_stock,https://www.tennis-point.de/products/head-gravity-team-2025-turnierschlaeger-00607504512000?_pos=217&_fid=f099be403&_ss=c
Tennis-Point,2026-06-23 10:11:58,rackets,unisex,Head,Gravity Team 2025 Turnierschläger,L3,726423385813,198.95,250.0,,€,in_stock,https://www.tennis-point.de/products/head-gravity-team-2025-turnierschlaeger-00607504512000?_pos=217&_fid=f099be403&_ss=c
Tennis-Point,2026-06-23 10:12:07,rackets,unisex,Head,Graphene 360+ Radical Pro (2021) Turnierschläger unbesaitet,L2,724794047323,109.95,270.0,,€,out_of_stock,https://www.tennis-point.de/products/head-graphene-360-radical-pro-2021-turnierschlaeger-unbesaitet-00605403999000?_pos=216&_fid=f099be403&_ss=c
Tennis-Point,2026-06-23 10:12:07,rackets,unisex,Head,Graphene 360+ Radical Pro (2021) Turnierschläger unbesaitet,L3,724794047330,109.95,270.0,,€,out_of_stock,https://www.tennis-point.de/products/head-graphene-360-radical-pro-2021-turnierschlaeger-unbesaitet-00605403999000?_pos=216&_fid=f099be403&_ss=c
Tennis-Point,2026-06-23 10:12:33,rackets,unisex,Head,Extreme Pro 2024 Turnierschläger,L2,726423218012,209.95,260.0,,€,in_stock,https://www.tennis-point.de/products/head-extreme-pro-2024-turnierschlaeger-00606704418000?_pos=213&_fid=f099be403&_ss=c
Tennis-Point,2026-06-23 10:12:33,rackets,unisex,Head,Extreme Pro 2024 Turnierschläger,L3,726423218029,209.95,260.0,,€,in_stock,https://www.tennis-point.de/products/head-extreme-pro-2024-turnierschlaeger-00606704418000?_pos=213&_fid=f099be403&_ss=c
Tennis-Point,2026-06-23 10:12:49,rackets,unisex,Head,Instinct Team 2025 Turnierschläger,L2,726423348559,119.95,150.0,,€,in_stock,https://www.tennis-point.de/products/head-instinct-team-2025-turnierschlaeger-00607504516000?_pos=211&_fid=f099be403&_ss=c
Tennis-Point,2026-06-23 10:12:49,rackets,unisex,Head,Instinct Team 2025 Turnierschläger,L3,726423348566,119.95,150.0,,€,out_of_stock,https://www.tennis-point.de/products/head-instinct-team-2025-turnierschlaeger-00607504516000?_pos=211&_fid=f099be403&_ss=c
Tennis-Point,2026-06-23 10:12:55,rackets,unisex,Wilson,US Open Pro 100 Allroundschläger unbesaitet,L2,00097512970105,141.95,200.0,,€,in_stock,https://www.tennis-point.de/products/wilson-us-open-pro-100-allroundschlaeger-unbesaitet-00707604307000?_pos=210&_fid=f099be403&_ss=c
Tennis-Point,2026-06-23 10:12:55,rackets,unisex,Wilson,US Open Pro 100 Allroundschläger unbesaitet,L3,00097512970082,141.95,200.0,,€,in_stock,https://www.tennis-point.de/products/wilson-us-open-pro-100-allroundschlaeger-unbesaitet-00707604307000?_pos=210&_fid=f099be403&_ss=c
Tennis-Point,2026-06-23 10:13:04,rackets,unisex,Head,Gravity Pro 2025 Turnierschläger,L2,726423385363,241.95,300.0,,€,out_of_stock,https://www.tennis-point.de/products/head-gravity-pro-2025-turnierschlaeger-00607504508000?_pos=209&_fid=f099be403&_ss=c
Tennis-Point,2026-06-23 10:13:04,rackets,unisex,Head,Gravity Pro 2025 Turnierschläger,L3,726423385370,241.95,300.0,,€,in_stock,https://www.tennis-point.de/products/head-gravity-pro-2025-turnierschlaeger-00607504508000?_pos=209&_fid=f099be403&_ss=c
Tennis-Point,2026-06-23 10:13:13,rackets,unisex,Yonex,EZONE Alpha SL Turnierschläger,L2,4550675057572,119.95,159.95,,€,in_stock,https://www.tennis-point.de/products/yonex-ezone-alpha-sl-turnierschlaeger-01907501964000?_pos=208&_fid=f099be403&_ss=c
Tennis-Point,2026-06-23 10:13:23,rackets,unisex,Wilson,Blade Feel 105 RXT Allroundschläger unbesaitet,L2,00097512939478,69.95,85.0,,€,in_stock,https://www.tennis-point.de/products/wilson-blade-feel-105-rxt-allroundschlaeger-unbesaitet-00707604311000?_pos=207&_fid=f099be403&_ss=c
Tennis-Point,2026-06-23 10:13:23,rackets,unisex,Wilson,Blade Feel 105 RXT Allroundschläger unbesaitet,L3,00097512939461,69.95,85.0,,€,in_stock,https://www.tennis-point.de/products/wilson-blade-feel-105-rxt-allroundschlaeger-unbesaitet-00707604311000?_pos=207&_fid=f099be403&_ss=c
Tennis-Point,2026-06-23 10:13:49,rackets,unisex,Head,Boom MP L Neon 2025 Turnierschläger,L2,198772103699,135.95,260.0,,€,in_stock,https://www.tennis-point.de/products/head-boom-mp-l-neon-2025-turnierschlaeger-00607004576000?_pos=203&_fid=f1f4c0399&_ss=c
Tennis-Point,2026-06-23 10:13:49,rackets,unisex,Head,Boom MP L Neon 2025 Turnierschläger,L3,198772103705,135.95,260.0,,€,in_stock,https://www.tennis-point.de/products/head-boom-mp-l-neon-2025-turnierschlaeger-00607004576000?_pos=203&_fid=f1f4c0399&_ss=c
Tennis-Point,2026-06-23 10:14:06,rackets,unisex,Wilson,Pro Staff Precision 103 Allroundschläger,L2,00097512850575,99.95,110.0,,€,in_stock,https://www.tennis-point.de/products/wilson-pro-staff-precision-103-allroundschlaeger-00707504168000?_pos=201&_fid=f1f4c0399&_ss=c
Tennis-Point,2026-06-23 10:14:06,rackets,unisex,Wilson,Pro Staff Precision 103 Allroundschläger,L3,00097512850551,99.95,110.0,,€,in_stock,https://www.tennis-point.de/products/wilson-pro-staff-precision-103-allroundschlaeger-00707504168000?_pos=201&_fid=f1f4c0399&_ss=c
Tennis-Point,2026-06-23 10:14:25,rackets,unisex,Wilson,Ultra 95 QZ V5 Turnierschläger unbesaitet,L2,00097512971652,189.95,250.0,,€,in_stock,https://www.tennis-point.de/products/wilson-ultra-95-qz-v5-turnierschlaeger-unbesaitet-00707604288000?_pos=199&_fid=f1f4c0399&_ss=c
Tennis-Point,2026-06-23 10:14:25,rackets,unisex,Wilson,Ultra 95 QZ V5 Turnierschläger unbesaitet,L3,00097512971645,189.95,250.0,,€,in_stock,https://www.tennis-point.de/products/wilson-ultra-95-qz-v5-turnierschlaeger-unbesaitet-00707604288000?_pos=199&_fid=f1f4c0399&_ss=c
Tennis-Point,2026-06-23 10:14:40,rackets,unisex,Wilson,Shift 99 V1 Turnierschläger unbesaitet,L2,00097512727921,209.95,270.0,,€,in_stock,https://www.tennis-point.de/products/wilson-shift-99-v1-turnierschlaeger-unbesaitet-00706303996000?_pos=197&_fid=f1f4c0399&_ss=c
Tennis-Point,2026-06-23 10:14:40,rackets,unisex,Wilson,Shift 99 V1 Turnierschläger unbesaitet,L3,00097512727952,209.95,270.0,,€,in_stock,https://www.tennis-point.de/products/wilson-shift-99-v1-turnierschlaeger-unbesaitet-00706303996000?_pos=197&_fid=f1f4c0399&_ss=c
Tennis-Point,2026-06-23 10:14:49,rackets,unisex,Wilson,US Open GS 105 Allroundschläger unbesaitet,L2,00097512970037,67.95,80.0,,€,in_stock,https://www.tennis-point.de/products/wilson-us-open-gs-105-allroundschlaeger-unbesaitet-00707604308000?_pos=196&_fid=f1f4c0399&_ss=c
Tennis-Point,2026-06-23 10:14:49,rackets,unisex,Wilson,US Open GS 105 Allroundschläger unbesaitet,L3,00097512970044,67.95,80.0,,€,in_stock,https://www.tennis-point.de/products/wilson-us-open-gs-105-allroundschlaeger-unbesaitet-00707604308000?_pos=196&_fid=f1f4c0399&_ss=c
Tennis-Point,2026-06-23 10:15:09,rackets,unisex,Dunlop,SX 300 Tour Turnierschläger,L2,0045566182616,149.95,249.99,,€,in_stock,https://www.tennis-point.de/products/dunlop-sx-300-tour-turnierschlaeger-01607502366000?_pos=194&_fid=f1f4c0399&_ss=c
Tennis-Point,2026-06-23 10:15:09,rackets,unisex,Dunlop,SX 300 Tour Turnierschläger,L3,0045566182623,149.95,249.99,,€,in_stock,https://www.tennis-point.de/products/dunlop-sx-300-tour-turnierschlaeger-01607502366000?_pos=194&_fid=f1f4c0399&_ss=c
Tennis-Point,2026-06-23 10:15:17,rackets,unisex,Wilson,Roland Garros Triumph TNS Allroundschläger unbesaitet,L2,00097512933360,79.95,90.0,,€,in_stock,https://www.tennis-point.de/products/wilson-roland-garros-triumph-tns-allroundschlaeger-unbesaitet-00707604304000?_pos=193&_fid=f1f4c0399&_ss=c
Tennis-Point,2026-06-23 10:15:17,rackets,unisex,Wilson,Roland Garros Triumph TNS Allroundschläger unbesaitet,L3,00097512933353,79.95,90.0,,€,in_stock,https://www.tennis-point.de/products/wilson-roland-garros-triumph-tns-allroundschlaeger-unbesaitet-00707604304000?_pos=193&_fid=f1f4c0399&_ss=c
Tennis-Point,2026-06-23 10:15:32,rackets,unisex,Wilson,RF 01 Pro Laver Cup 2025 Turnierschläger unbesaitet,L2,00097512931779,194.95,300.0,,€,out_of_stock,https://www.tennis-point.de/products/wilson-rf-01-pro-laver-cup-2025-turnierschlaeger-unbesaitet-00707104232000?_pos=191&_fid=f1f4c0399&_ss=c
Tennis-Point,2026-06-23 10:15:32,rackets,unisex,Wilson,RF 01 Pro Laver Cup 2025 Turnierschläger unbesaitet,L3,00097512931762,194.95,300.0,,€,out_of_stock,https://www.tennis-point.de/products/wilson-rf-01-pro-laver-cup-2025-turnierschlaeger-unbesaitet-00707104232000?_pos=191&_fid=f1f4c0399&_ss=c
Tennis-Point,2026-06-23 10:15:42,rackets,unisex,Head,Prestige Tour 2023 Turnierschläger,L2,724794924242,203.95,300.0,,€,in_stock,https://www.tennis-point.de/products/head-prestige-tour-2023-turnierschlaeger-00606404319000?_pos=190&_fid=f1f4c0399&_ss=c
Tennis-Point,2026-06-23 10:15:42,rackets,unisex,Head,Prestige Tour 2023 Turnierschläger,L3,724794924259,203.95,300.0,,€,in_stock,https://www.tennis-point.de/products/head-prestige-tour-2023-turnierschlaeger-00606404319000?_pos=190&_fid=f1f4c0399&_ss=c
Tennis-Point,2026-06-23 10:16:02,rackets,unisex,Yonex,Percept 100L (280g) Turnierschläger,L2,4550468627623,229.95,299.95,,€,in_stock,https://www.tennis-point.de/products/yonex-percept-100l-280g-turnierschlaeger-01906401922000?_pos=188&_fid=f1f4c0399&_ss=c
Tennis-Point,2026-06-23 10:16:02,rackets,unisex,Yonex,Percept 100L (280g) Turnierschläger,L3,4550468627630,229.95,299.95,,€,out_of_stock,https://www.tennis-point.de/products/yonex-percept-100l-280g-turnierschlaeger-01906401922000?_pos=188&_fid=f1f4c0399&_ss=c
Tennis-Point,2026-06-23 10:16:23,rackets,unisex,Head,Radical Pro 2025 Turnierschläger,L2,726423384861,241.95,300.0,,€,in_stock,https://www.tennis-point.de/products/head-radical-pro-2025-turnierschlaeger-00607504502000?_pos=185&_fid=f1f4c0399&_ss=c
Tennis-Point,2026-06-23 10:16:23,rackets,unisex,Head,Radical Pro 2025 Turnierschläger,L3,726423384878,241.95,300.0,,€,in_stock,https://www.tennis-point.de/products/head-radical-pro-2025-turnierschlaeger-00607504502000?_pos=185&_fid=f1f4c0399&_ss=c
Tennis-Point,2026-06-23 10:16:34,rackets,unisex,Wilson,Shift 99 V1 Session Soire RG 2025 Turnierschläger,L2,097512892100,169.95,270.0,,€,in_stock,https://www.tennis-point.de/products/wilson-shift-99-v1-session-soire-rg-2025-turnierschlaeger-00707004255000?_pos=184&_fid=f1f4c0399&_ss=c
Tennis-Point,2026-06-23 10:16:34,rackets,unisex,Wilson,Shift 99 V1 Session Soire RG 2025 Turnierschläger,L3,097512892094,169.95,270.0,,€,in_stock,https://www.tennis-point.de/products/wilson-shift-99-v1-session-soire-rg-2025-turnierschlaeger-00707004255000?_pos=184&_fid=f1f4c0399&_ss=c
Tennis-Point,2026-06-23 10:27:11,shoes,women,K-Swiss,"Court Varsity Sde Sneaker Damen-apricot, rosa",EU 39,199286029925,47.95,80.0,,€,in_stock,https://www.tennis-point.de/products/k-swiss-court-varsity-sde-sneaker-damen-apricot-rosa-p0000003360901
Tennis-Point,2026-06-23 10:28:19,rackets,unisex,Wilson,Clash 100 V3.0 Reverse Turnierschläger unbesaitet,L2,199073010877,193.95,250.0,,€,in_stock,https://www.tennis-point.de/products/wilson-clash-100-v30-reverse-turnierschlaeger-unbesaitet-00707604324000?_pos=136&_fid=e3f31cceb&_ss=c
Tennis-Point,2026-06-23 10:28:19,rackets,unisex,Wilson,Clash 100 V3.0 Reverse Turnierschläger unbesaitet,L3,199073010860,193.95,250.0,,€,in_stock,https://www.tennis-point.de/products/wilson-clash-100-v30-reverse-turnierschlaeger-unbesaitet-00707604324000?_pos=136&_fid=e3f31cceb&_ss=c
Tennis-Point,2026-06-23 10:28:29,rackets,unisex,Head,Speed MP UL 2026 Turnierschläger unbesaitet,L2,198772135430,181.95,230.0,,€,out_of_stock,https://www.tennis-point.de/products/head-speed-mp-ul-2026-turnierschlaeger-unbesaitet-p0000001851401?_pos=135&_fid=e3f31cceb&_ss=c
Tennis-Point,2026-06-23 10:28:29,rackets,unisex,Head,Speed MP UL 2026 Turnierschläger unbesaitet,L3,198772135447,181.95,230.0,,€,in_stock,https://www.tennis-point.de/products/head-speed-mp-ul-2026-turnierschlaeger-unbesaitet-p0000001851401?_pos=135&_fid=e3f31cceb&_ss=c
Tennis-Point,2026-06-23 10:28:39,rackets,unisex,Wilson,Blade 98 16X19 V9 US Open Turnierschläger,L2,0097512932202,206.95,280.0,,€,in_stock,https://www.tennis-point.de/products/wilson-blade-98-16x19-v9-us-open-turnierschlaeger-00707104261000?_pos=134&_fid=e3f31cceb&_ss=c
Tennis-Point,2026-06-23 10:28:39,rackets,unisex,Wilson,Blade 98 16X19 V9 US Open Turnierschläger,L3,0097512932172,206.95,280.0,,€,in_stock,https://www.tennis-point.de/products/wilson-blade-98-16x19-v9-us-open-turnierschlaeger-00707104261000?_pos=134&_fid=e3f31cceb&_ss=c
Tennis-Point,2026-06-23 10:28:50,rackets,unisex,Wilson,Blade 100L V9 US Open Turnierschläger,L2,00097512931649,162.95,240.0,,€,in_stock,https://www.tennis-point.de/products/wilson-blade-100l-v9-us-open-turnierschlaeger-00707104229000?_pos=133&_fid=e3f31cceb&_ss=c
Tennis-Point,2026-06-23 10:28:50,rackets,unisex,Wilson,Blade 100L V9 US Open Turnierschläger,L3,00097512931632,162.95,240.0,,€,out_of_stock,https://www.tennis-point.de/products/wilson-blade-100l-v9-us-open-turnierschlaeger-00707104229000?_pos=133&_fid=e3f31cceb&_ss=c
Tennis-Point,2026-06-23 10:28:55,rackets,unisex,Head,Boom MP 2024 Alternate Turnierschläger,L2,724794925683,119.95,260.0,,€,out_of_stock,https://www.tennis-point.de/products/head-boom-mp-2024-alternate-turnierschlaeger-00606604356000?_pos=132&_fid=e3f31cceb&_ss=c
Tennis-Point,2026-06-23 10:28:55,rackets,unisex,Head,Boom MP 2024 Alternate Turnierschläger,L3,724794925690,119.95,260.0,,€,out_of_stock,https://www.tennis-point.de/products/head-boom-mp-2024-alternate-turnierschlaeger-00606604356000?_pos=132&_fid=e3f31cceb&_ss=c
Tennis-Point,2026-06-23 10:29:02,rackets,unisex,Wilson,Clash 100 Pro V3.0 Turnierschläger,L2,00097512892223,197.95,250.0,,€,in_stock,https://www.tennis-point.de/products/wilson-clash-100-pro-v30-turnierschlaeger-00707504146000?_pos=131&_fid=e3f31cceb&_ss=c
Tennis-Point,2026-06-23 10:29:02,rackets,unisex,Wilson,Clash 100 Pro V3.0 Turnierschläger,L3,00097512892230,197.95,250.0,,€,out_of_stock,https://www.tennis-point.de/products/wilson-clash-100-pro-v30-turnierschlaeger-00707504146000?_pos=131&_fid=e3f31cceb&_ss=c
Tennis-Point,2026-06-23 10:29:11,rackets,unisex,Wilson,Blade 100L V9 Turnierschläger,L2,00097512962520,169.95,240.0,,€,in_stock,https://www.tennis-point.de/products/wilson-blade-100l-v9-turnierschlaeger-00707004259000?_pos=130&_fid=e3f31cceb&_ss=c
Tennis-Point,2026-06-23 10:29:11,rackets,unisex,Wilson,Blade 100L V9 Turnierschläger,L3,00097512962544,169.95,240.0,,€,in_stock,https://www.tennis-point.de/products/wilson-blade-100l-v9-turnierschlaeger-00707004259000?_pos=130&_fid=e3f31cceb&_ss=c
Tennis-Point,2026-06-23 10:29:21,rackets,unisex,Head,Speed Team 2026 Turnierschläger unbesaitet,L2,198772135553,193.95,250.0,,€,in_stock,https://www.tennis-point.de/products/head-speed-team-2026-turnierschlaeger-unbesaitet-p0000001853201?_pos=129&_fid=e3f31cceb&_ss=c
Tennis-Point,2026-06-23 10:29:21,rackets,unisex,Head,Speed Team 2026 Turnierschläger unbesaitet,L3,198772135560,193.95,250.0,,€,in_stock,https://www.tennis-point.de/products/head-speed-team-2026-turnierschlaeger-unbesaitet-p0000001853201?_pos=129&_fid=e3f31cceb&_ss=c
Tennis-Point,2026-06-23 10:29:30,rackets,unisex,Wilson,Blade 98S V9 Turnierschläger,L2,00097512792394,192.95,280.0,,€,in_stock,https://www.tennis-point.de/products/wilson-blade-98s-v9-turnierschlaeger-00706604026000?_pos=128&_fid=e3f31cceb&_ss=c
Tennis-Point,2026-06-23 10:29:30,rackets,unisex,Wilson,Blade 98S V9 Turnierschläger,L3,00097512792431,192.95,280.0,,€,in_stock,https://www.tennis-point.de/products/wilson-blade-98s-v9-turnierschlaeger-00706604026000?_pos=128&_fid=e3f31cceb&_ss=c
Tennis-Point,2026-06-23 10:30:00,rackets,unisex,Head,Extreme MP L 2024 Turnierschläger unbesaitet,L2,726423218234,185.95,230.0,,€,in_stock,https://www.tennis-point.de/products/head-extreme-mp-l-2024-turnierschlaeger-unbesaitet-00606704420000?_pos=125&_fid=e3f31cceb&_ss=c
Tennis-Point,2026-06-23 10:30:00,rackets,unisex,Head,Extreme MP L 2024 Turnierschläger unbesaitet,L3,726423218241,185.95,230.0,,€,in_stock,https://www.tennis-point.de/products/head-extreme-mp-l-2024-turnierschlaeger-unbesaitet-00606704420000?_pos=125&_fid=e3f31cceb&_ss=c
Tennis-Point,2026-06-23 10:30:09,rackets,unisex,Head,Boom Team 2024 Turnierschläger unbesaitet,L2,724794925201,99.95,230.0,,€,out_of_stock,https://www.tennis-point.de/products/head-boom-team-2024-turnierschlaeger-unbesaitet-00606604333000?_pos=124&_fid=e3f31cceb&_ss=c
Tennis-Point,2026-06-23 10:30:09,rackets,unisex,Head,Boom Team 2024 Turnierschläger unbesaitet,L3,724794925218,99.95,230.0,,€,in_stock,https://www.tennis-point.de/products/head-boom-team-2024-turnierschlaeger-unbesaitet-00606604333000?_pos=124&_fid=e3f31cceb&_ss=c
Tennis-Point,2026-06-23 10:30:16,rackets,unisex,Wilson,Blade Feel 103 Team Allroundschläger unbesaitet,L2,00097512939454,63.95,70.0,,€,in_stock,https://www.tennis-point.de/products/wilson-blade-feel-103-team-allroundschlaeger-unbesaitet-00707604312000?_pos=123&_fid=e3f31cceb&_ss=c
Tennis-Point,2026-06-23 10:30:16,rackets,unisex,Wilson,Blade Feel 103 Team Allroundschläger unbesaitet,L3,00097512939430,63.95,70.0,,€,in_stock,https://www.tennis-point.de/products/wilson-blade-feel-103-team-allroundschlaeger-unbesaitet-00707604312000?_pos=123&_fid=e3f31cceb&_ss=c
Tennis-Point,2026-06-23 10:30:26,rackets,unisex,Head,Speed Tour 2026 Turnierschläger unbesaitet,L2,198772135096,216.95,280.0,,€,in_stock,https://www.tennis-point.de/products/head-speed-tour-2026-turnierschlaeger-unbesaitet-p0000001852401?_pos=122&_fid=e3f31cceb&_ss=c
Tennis-Point,2026-06-23 10:30:26,rackets,unisex,Head,Speed Tour 2026 Turnierschläger unbesaitet,L3,198772135102,216.95,280.0,,€,in_stock,https://www.tennis-point.de/products/head-speed-tour-2026-turnierschlaeger-unbesaitet-p0000001852401?_pos=122&_fid=e3f31cceb&_ss=c
Tennis-Point,2026-06-23 10:30:31,rackets,unisex,Wilson,Clash Team 103 V3.0 Turnierschläger,L2,00097512893411,134.95,170.0,,€,in_stock,https://www.tennis-point.de/products/wilson-clash-team-103-v30-turnierschlaeger-00707504164000?_pos=121&_fid=e3f31cceb&_ss=c
Tennis-Point,2026-06-23 10:30:31,rackets,unisex,Wilson,Clash Team 103 V3.0 Turnierschläger,L3,00097512893374,134.95,170.0,,€,in_stock,https://www.tennis-point.de/products/wilson-clash-team-103-v30-turnierschlaeger-00707504164000?_pos=121&_fid=e3f31cceb&_ss=c
Tennis-Point,2026-06-23 10:30:43,rackets,unisex,Wilson,RF 01 Future Turnierschläger,L2,00097512849678,202.95,260.0,,€,in_stock,https://www.tennis-point.de/products/wilson-rf-01-future-turnierschlaeger-00706704088000?_pos=120&_fid=e3f31cceb&_ss=c
Tennis-Point,2026-06-23 10:30:43,rackets,unisex,Wilson,RF 01 Future Turnierschläger,L3,00097512849654,202.95,260.0,,€,in_stock,https://www.tennis-point.de/products/wilson-rf-01-future-turnierschlaeger-00706704088000?_pos=120&_fid=e3f31cceb&_ss=c
Tennis-Point,2026-06-23 10:30:51,rackets,unisex,Head,Boom MP Orlinski Limited Edition Turnierschläger,L2,0198772007348,133.95,260.0,,€,out_of_stock,https://www.tennis-point.de/products/head-boom-mp-orlinski-limited-edition-turnierschlaeger-00606904497000?_pos=119&_fid=e3f31cceb&_ss=c
Tennis-Point,2026-06-23 10:30:51,rackets,unisex,Head,Boom MP Orlinski Limited Edition Turnierschläger,L3,0198772007355,133.95,260.0,,€,in_stock,https://www.tennis-point.de/products/head-boom-mp-orlinski-limited-edition-turnierschlaeger-00606904497000?_pos=119&_fid=e3f31cceb&_ss=c
Tennis-Point,2026-06-23 10:30:58,rackets,unisex,Wilson,Ultra Tour 98 V5 Turnierschläger unbesaitet,L2,00097512929479,199.95,250.0,,€,out_of_stock,https://www.tennis-point.de/products/wilson-ultra-tour-98-v5-turnierschlaeger-unbesaitet-00707604287000?_pos=118&_fid=e3f31cceb&_ss=c
Tennis-Point,2026-06-23 10:30:58,rackets,unisex,Wilson,Ultra Tour 98 V5 Turnierschläger unbesaitet,L3,00097512929493,199.95,250.0,,€,in_stock,https://www.tennis-point.de/products/wilson-ultra-tour-98-v5-turnierschlaeger-unbesaitet-00707604287000?_pos=118&_fid=e3f31cceb&_ss=c
Tennis-Point,2026-06-23 10:31:09,rackets,unisex,Wilson,Pro Staff 97L V14 Turnierschläger,L2,00097512962568,169.95,320.0,,€,in_stock,https://www.tennis-point.de/products/wilson-pro-staff-97l-v14-turnierschlaeger-00707004258000?_pos=117&_fid=e3f31cceb&_ss=c
Tennis-Point,2026-06-23 10:31:09,rackets,unisex,Wilson,Pro Staff 97L V14 Turnierschläger,L3,00097512962575,169.95,320.0,,€,in_stock,https://www.tennis-point.de/products/wilson-pro-staff-97l-v14-turnierschlaeger-00707004258000?_pos=117&_fid=e3f31cceb&_ss=c
Tennis-Point,2026-06-23 10:31:13,rackets,unisex,Wilson,Clash 108 V3.0 Turnierschläger,L2,00097512946643,142.95,230.0,,€,in_stock,https://www.tennis-point.de/products/wilson-clash-108-v30-turnierschlaeger-00707104228000?_pos=116&_fid=e3f31cceb&_ss=c
Tennis-Point,2026-06-23 10:31:13,rackets,unisex,Wilson,Clash 108 V3.0 Turnierschläger,L3,00097512946629,142.95,230.0,,€,in_stock,https://www.tennis-point.de/products/wilson-clash-108-v30-turnierschlaeger-00707104228000?_pos=116&_fid=e3f31cceb&_ss=c
Tennis-Point,2026-06-23 10:31:23,rackets,unisex,Wilson,Ultra 100 V4.0 Turnierschläger,L2,00097512640244,147.95,250.0,,€,in_stock,https://www.tennis-point.de/products/wilson-ultra-100-v40-turnierschlaeger-00706003840000?_pos=115&_fid=e3f31cceb&_ss=c
Tennis-Point,2026-06-23 10:31:23,rackets,unisex,Wilson,Ultra 100 V4.0 Turnierschläger,L3,00097512640251,147.95,250.0,,€,out_of_stock,https://www.tennis-point.de/products/wilson-ultra-100-v40-turnierschlaeger-00706003840000?_pos=115&_fid=e3f31cceb&_ss=c
Tennis-Point,2026-06-23 10:31:31,rackets,unisex,Wilson,RF 01 Pro Turnierschläger,L2,00097512849708,234.95,300.0,,€,in_stock,https://www.tennis-point.de/products/wilson-rf-01-pro-turnierschlaeger-00706704086000?_pos=114&_fid=e3f31cceb&_ss=c
Tennis-Point,2026-06-23 10:31:31,rackets,unisex,Wilson,RF 01 Pro Turnierschläger,L3,00097512849746,234.95,300.0,,€,in_stock,https://www.tennis-point.de/products/wilson-rf-01-pro-turnierschlaeger-00706704086000?_pos=114&_fid=e3f31cceb&_ss=c
Tennis-Point,2026-06-23 10:31:42,rackets,unisex,Head,Boom MP L 2024 Turnierschläger,L2,724794925089,119.95,230.0,,€,in_stock,https://www.tennis-point.de/products/head-boom-mp-l-2024-turnierschlaeger-00606604332000?_pos=112&_fid=e3f31cceb&_ss=c
Tennis-Point,2026-06-23 10:31:42,rackets,unisex,Head,Boom MP L 2024 Turnierschläger,L3,724794925096,119.95,230.0,,€,in_stock,https://www.tennis-point.de/products/head-boom-mp-l-2024-turnierschlaeger-00606604332000?_pos=112&_fid=e3f31cceb&_ss=c
Tennis-Point,2026-06-23 10:31:50,rackets,unisex,Wilson,Roland Garros Team TNS Allroundschläger unbesaitet,L2,00097512933438,119.95,150.0,,€,in_stock,https://www.tennis-point.de/products/wilson-roland-garros-team-tns-allroundschlaeger-unbesaitet-00707604302000?_pos=111&_fid=e3f31cceb&_ss=c
Tennis-Point,2026-06-23 10:31:50,rackets,unisex,Wilson,Roland Garros Team TNS Allroundschläger unbesaitet,L3,00097512933445,119.95,150.0,,€,in_stock,https://www.tennis-point.de/products/wilson-roland-garros-team-tns-allroundschlaeger-unbesaitet-00707604302000?_pos=111&_fid=e3f31cceb&_ss=c
Tennis-Point,2026-06-23 10:31:56,rackets,unisex,Dunlop,SX 300 Turnierschläger,L2,0045566182654,149.95,239.99,,€,in_stock,https://www.tennis-point.de/products/dunlop-sx-300-turnierschlaeger-01607502367000?_pos=110&_fid=e3f31cceb&_ss=c
Tennis-Point,2026-06-23 10:31:56,rackets,unisex,Dunlop,SX 300 Turnierschläger,L3,0045566182661,149.95,239.99,,€,in_stock,https://www.tennis-point.de/products/dunlop-sx-300-turnierschlaeger-01607502367000?_pos=110&_fid=e3f31cceb&_ss=c
Tennis-Point,2026-06-23 10:32:04,rackets,unisex,Wilson,Pro Staff 97L V14 Turnierschläger unbesaitet,L2,00097512684026,149.95,280.0,,€,out_of_stock,https://www.tennis-point.de/products/wilson-pro-staff-97l-v14-turnierschlaeger-unbesaitet-00706203877000?_pos=109&_fid=e3f31cceb&_ss=c
Tennis-Point,2026-06-23 10:32:04,rackets,unisex,Wilson,Pro Staff 97L V14 Turnierschläger unbesaitet,L3,00097512684040,149.95,280.0,,€,out_of_stock,https://www.tennis-point.de/products/wilson-pro-staff-97l-v14-turnierschlaeger-unbesaitet-00706203877000?_pos=109&_fid=e3f31cceb&_ss=c
Tennis-Point,2026-06-23 10:32:12,rackets,unisex,Dunlop,FX 500 LS Turnierschläger,L2,0045566179715,104.95,209.99,,€,in_stock,https://www.tennis-point.de/products/dunlop-fx-500-ls-turnierschlaeger-01606202308000?_pos=108&_fid=e3f31cceb&_ss=c
Tennis-Point,2026-06-23 10:32:12,rackets,unisex,Dunlop,FX 500 LS Turnierschläger,L3,0045566179722,104.95,209.99,,€,in_stock,https://www.tennis-point.de/products/dunlop-fx-500-ls-turnierschlaeger-01606202308000?_pos=108&_fid=e3f31cceb&_ss=c
Tennis-Point,2026-06-23 10:32:22,rackets,unisex,Wilson,Blade 100L V8 Bright Neon Green Turnierschläger,L2,00097512742856,139.95,240.0,,€,in_stock,https://www.tennis-point.de/products/wilson-blade-100l-v8-bright-neon-green-turnierschlaeger-00706404008000?_pos=107&_fid=e3f31cceb&_ss=c
Tennis-Point,2026-06-23 10:32:22,rackets,unisex,Wilson,Blade 100L V8 Bright Neon Green Turnierschläger,L3,00097512742863,139.95,240.0,,€,in_stock,https://www.tennis-point.de/products/wilson-blade-100l-v8-bright-neon-green-turnierschlaeger-00706404008000?_pos=107&_fid=e3f31cceb&_ss=c
Tennis-Point,2026-06-23 10:32:41,rackets,unisex,Wilson,Ultra 100UL V5 Turnierschläger,L2,00097512942003,137.95,200.0,,€,in_stock,https://www.tennis-point.de/products/wilson-ultra-100ul-v5-turnierschlaeger-00707104225000?_pos=105&_fid=e3f31cceb&_ss=c
Tennis-Point,2026-06-23 10:32:41,rackets,unisex,Wilson,Ultra 100UL V5 Turnierschläger,L3,00097512941990,137.95,200.0,,€,in_stock,https://www.tennis-point.de/products/wilson-ultra-100ul-v5-turnierschlaeger-00707104225000?_pos=105&_fid=e3f31cceb&_ss=c
Tennis-Point,2026-06-23 10:32:49,rackets,unisex,Head,Gravity MP 2025 Turnierschläger,L2,726423385561,225.95,280.0,,€,in_stock,https://www.tennis-point.de/products/head-gravity-mp-2025-turnierschlaeger-00607504510000?_pos=104&_fid=e3f31cceb&_ss=c
Tennis-Point,2026-06-23 10:32:49,rackets,unisex,Head,Gravity MP 2025 Turnierschläger,L3,726423385578,225.95,280.0,,€,in_stock,https://www.tennis-point.de/products/head-gravity-mp-2025-turnierschlaeger-00607504510000?_pos=104&_fid=e3f31cceb&_ss=c
Tennis-Point,2026-06-23 10:34:34,shoes,women,K-Swiss,"Express Light 3 Allcourtschuh Damen - weiß, lavendel",EU 39,196483943757,73.95,119.99,,€,in_stock,https://www.tennis-point.de/products/k-swiss-express-light-3-allcourtschuh-damen-weiss-lavendel-a0000004310201
Tennis-Point,2026-06-23 10:35:34,shoes,women,K-Swiss,"Ultrashot 4 Sandplatzschuh Damen - weiß, lavendel",EU 39,196483941579,123.95,189.99,,€,in_stock,https://www.tennis-point.de/products/k-swiss-ultrashot-4-sandplatzschuh-damen-weiss-lavendel-a0000004301501
Tennis-Point,2026-06-23 10:35:51,shoes,women,Head,"Sprint Team 4.0  Sandplatzschuh Damen-blau, dunkelblau",EU 39,0198772064396,67.95,110.0,,€,in_stock,https://www.tennis-point.de/products/head-sprint-team-40-sandplatzschuh-damen-blau-dunkelblau-p0000004220601
Tennis-Point,2026-06-23 10:37:31,shoes,women,K-Swiss,"Court Express 2 Sandplatzschuh Damen - weiß, schwarz",EU 39,0196483822069,48.95,79.99,,€,in_stock,https://www.tennis-point.de/products/k-swiss-court-express-2-sandplatzschuh-damen-weiss-schwarz-01417102457000
Tennis-Point,2026-06-23 10:37:40,shoes,women,K-Swiss,"Hypercourt Express 3 Sandplatzschuh Damen - weiß, lavendel",EU 39,196483942910,94.95,149.99,,€,in_stock,https://www.tennis-point.de/products/k-swiss-hypercourt-express-3-sandplatzschuh-damen-weiss-lavendel-p0000004300401
Tennis-Point,2026-06-23 10:38:10,rackets,unisex,Wilson,Clash 100L V3.0 Reverse Turnierschläger unbesaitet,L2,199073010839,175.95,230.0,,€,in_stock,https://www.tennis-point.de/products/wilson-clash-100l-v30-reverse-turnierschlaeger-unbesaitet-00707604325000?_pos=101&_fid=224a189ec&_ss=c
Tennis-Point,2026-06-23 10:38:10,rackets,unisex,Wilson,Clash 100L V3.0 Reverse Turnierschläger unbesaitet,L3,199073010846,175.95,230.0,,€,in_stock,https://www.tennis-point.de/products/wilson-clash-100l-v30-reverse-turnierschlaeger-unbesaitet-00707604325000?_pos=101&_fid=224a189ec&_ss=c
Tennis-Point,2026-06-23 10:38:17,rackets,unisex,Head,Radical MP 18X20 Turnierschläger,L2,0724794624937,129.95,279.95,,€,in_stock,https://www.tennis-point.de/products/head-radical-mp-18x20-turnierschlaeger-00606704408000?_pos=100&_fid=224a189ec&_ss=c
Tennis-Point,2026-06-23 10:38:17,rackets,unisex,Head,Radical MP 18X20 Turnierschläger,L3,0724794624944,129.95,279.95,,€,in_stock,https://www.tennis-point.de/products/head-radical-mp-18x20-turnierschlaeger-00606704408000?_pos=100&_fid=224a189ec&_ss=c
Tennis-Point,2026-06-23 10:38:41,rackets,unisex,Wilson,Shift 99L V1 Turnierschläger,L2,00097512728058,197.95,250.0,,€,in_stock,https://www.tennis-point.de/products/wilson-shift-99l-v1-turnierschlaeger-00706403998000?_pos=97&_fid=224a189ec&_ss=c
Tennis-Point,2026-06-23 10:38:41,rackets,unisex,Wilson,Shift 99L V1 Turnierschläger,L3,00097512728096,197.95,250.0,,€,in_stock,https://www.tennis-point.de/products/wilson-shift-99l-v1-turnierschlaeger-00706403998000?_pos=97&_fid=224a189ec&_ss=c
Tennis-Point,2026-06-23 10:38:53,rackets,unisex,Head,Boom Pro 2024 Turnierschläger unbesaitet,L2,724794924846,119.95,280.0,,€,in_stock,https://www.tennis-point.de/products/head-boom-pro-2024-turnierschlaeger-unbesaitet-00606604330000?_pos=96&_fid=224a189ec&_ss=c
Tennis-Point,2026-06-23 10:38:53,rackets,unisex,Head,Boom Pro 2024 Turnierschläger unbesaitet,L3,724794924853,119.95,280.0,,€,in_stock,https://www.tennis-point.de/products/head-boom-pro-2024-turnierschlaeger-unbesaitet-00606604330000?_pos=96&_fid=224a189ec&_ss=c
Tennis-Point,2026-06-23 10:39:02,rackets,unisex,Head,Extreme MP 2024 Turnierschläger,L2,726423218111,209.95,260.0,,€,in_stock,https://www.tennis-point.de/products/head-extreme-mp-2024-turnierschlaeger-00606704419000?_pos=95&_fid=224a189ec&_ss=c
Tennis-Point,2026-06-23 10:39:02,rackets,unisex,Head,Extreme MP 2024 Turnierschläger,L3,726423218128,209.95,260.0,,€,in_stock,https://www.tennis-point.de/products/head-extreme-mp-2024-turnierschlaeger-00606704419000?_pos=95&_fid=224a189ec&_ss=c
Tennis-Point,2026-06-23 10:39:11,rackets,unisex,Head,Gravity MP (2023) Turnierschläger unbesaitet,L2,724794628850,139.95,280.0,,€,out_of_stock,https://www.tennis-point.de/products/head-gravity-mp-2023-turnierschlaeger-unbesaitet-00606204259000?_pos=94&_fid=224a189ec&_ss=c
Tennis-Point,2026-06-23 10:39:11,rackets,unisex,Head,Gravity MP (2023) Turnierschläger unbesaitet,L3,724794628867,139.95,280.0,,€,out_of_stock,https://www.tennis-point.de/products/head-gravity-mp-2023-turnierschlaeger-unbesaitet-00606204259000?_pos=94&_fid=224a189ec&_ss=c
Tennis-Point,2026-06-23 10:39:21,rackets,unisex,Wilson,Blade 104 V9 Turnierschläger,L2,00097512791946,184.95,240.0,,€,in_stock,https://www.tennis-point.de/products/wilson-blade-104-v9-turnierschlaeger-00706604031000?_pos=93&_fid=224a189ec&_ss=c
Tennis-Point,2026-06-23 10:39:21,rackets,unisex,Wilson,Blade 104 V9 Turnierschläger,L3,00097512791977,184.95,240.0,,€,in_stock,https://www.tennis-point.de/products/wilson-blade-104-v9-turnierschlaeger-00706604031000?_pos=93&_fid=224a189ec&_ss=c
Tennis-Point,2026-06-23 10:39:30,rackets,unisex,Head,Radical Team 2025 Turnierschläger,L2,726423385080,201.95,250.0,,€,in_stock,https://www.tennis-point.de/products/head-radical-team-2025-turnierschlaeger-00607504505000?_pos=92&_fid=224a189ec&_ss=c
Tennis-Point,2026-06-23 10:39:30,rackets,unisex,Head,Radical Team 2025 Turnierschläger,L3,726423385097,201.95,250.0,,€,in_stock,https://www.tennis-point.de/products/head-radical-team-2025-turnierschlaeger-00607504505000?_pos=92&_fid=224a189ec&_ss=c
Tennis-Point,2026-06-23 10:39:45,rackets,unisex,Wilson,Shift 99L V1 US Open Turnierschläger,L2,00097512932110,163.95,250.0,,€,in_stock,https://www.tennis-point.de/products/wilson-shift-99l-v1-us-open-turnierschlaeger-00707104230000?_pos=90&_fid=224a189ec&_ss=c
Tennis-Point,2026-06-23 10:39:45,rackets,unisex,Wilson,Shift 99L V1 US Open Turnierschläger,L3,00097512941143,163.95,250.0,,€,in_stock,https://www.tennis-point.de/products/wilson-shift-99l-v1-us-open-turnierschlaeger-00707104230000?_pos=90&_fid=224a189ec&_ss=c
Tennis-Point,2026-06-23 10:39:54,rackets,unisex,Head,Radical Team Turnierschläger,L2,724794624265,124.95,250.0,,€,in_stock,https://www.tennis-point.de/products/head-radical-team-turnierschlaeger-00606204254000?_pos=89&_fid=224a189ec&_ss=c
Tennis-Point,2026-06-23 10:39:54,rackets,unisex,Head,Radical Team Turnierschläger,L3,724794624272,124.95,250.0,,€,in_stock,https://www.tennis-point.de/products/head-radical-team-turnierschlaeger-00606204254000?_pos=89&_fid=224a189ec&_ss=c
Tennis-Point,2026-06-23 10:40:12,rackets,unisex,Wilson,Ultra 99 Pro V5 Turnierschläger,L2,00097512932097,178.95,260.0,,€,in_stock,https://www.tennis-point.de/products/wilson-ultra-99-pro-v5-turnierschlaeger-00707104221000?_pos=87&_fid=224a189ec&_ss=c
Tennis-Point,2026-06-23 10:40:12,rackets,unisex,Wilson,Ultra 99 Pro V5 Turnierschläger,L3,00097512932080,178.95,260.0,,€,in_stock,https://www.tennis-point.de/products/wilson-ultra-99-pro-v5-turnierschlaeger-00707104221000?_pos=87&_fid=224a189ec&_ss=c
Tennis-Point,2026-06-23 10:40:22,rackets,unisex,Wilson,Clash 100 Pro V2.0 Turnierschläger,L2,00097512592147,139.95,250.0,,€,in_stock,https://www.tennis-point.de/products/wilson-clash-100-pro-v20-turnierschlaeger-00705503743000?_pos=86&_fid=224a189ec&_ss=c
Tennis-Point,2026-06-23 10:40:22,rackets,unisex,Wilson,Clash 100 Pro V2.0 Turnierschläger,L3,00097512592161,139.95,250.0,,€,in_stock,https://www.tennis-point.de/products/wilson-clash-100-pro-v20-turnierschlaeger-00705503743000?_pos=86&_fid=224a189ec&_ss=c
Tennis-Point,2026-06-23 10:40:30,rackets,unisex,Dunlop,FX 500 Turnierschläger,L2,0045566179678,109.95,219.99,,€,in_stock,https://www.tennis-point.de/products/dunlop-fx-500-turnierschlaeger-01606202307000?_pos=85&_fid=224a189ec&_ss=c
Tennis-Point,2026-06-23 10:40:30,rackets,unisex,Dunlop,FX 500 Turnierschläger,L3,0045566179685,109.95,219.99,,€,in_stock,https://www.tennis-point.de/products/dunlop-fx-500-turnierschlaeger-01606202307000?_pos=85&_fid=224a189ec&_ss=c
Tennis-Point,2026-06-23 10:40:39,rackets,unisex,Wilson,Pro Staff 97 L Classic Turnierschläger unbesaitet,L2,00097512974578,182.95,240.0,,€,in_stock,https://www.tennis-point.de/products/wilson-pro-staff-97-l-classic-turnierschlaeger-unbesaitet-00707604290000?_pos=84&_fid=224a189ec&_ss=c
Tennis-Point,2026-06-23 10:40:39,rackets,unisex,Wilson,Pro Staff 97 L Classic Turnierschläger unbesaitet,L3,00097512974561,182.95,240.0,,€,in_stock,https://www.tennis-point.de/products/wilson-pro-staff-97-l-classic-turnierschlaeger-unbesaitet-00707604290000?_pos=84&_fid=224a189ec&_ss=c
Tennis-Point,2026-06-23 10:40:49,rackets,unisex,Yonex,VCORE 100 (2026) Turnierschläger unbesaitet,L2,4550675355227,299.95,,,€,in_stock,https://www.tennis-point.de/products/yonex-vcore-100-2026-turnierschlaeger-unbesaitet-p0000004731201?_pos=83&_fid=224a189ec&_ss=c
Tennis-Point,2026-06-23 10:40:49,rackets,unisex,Yonex,VCORE 100 (2026) Turnierschläger unbesaitet,L3,4550675355234,299.95,,,€,in_stock,https://www.tennis-point.de/products/yonex-vcore-100-2026-turnierschlaeger-unbesaitet-p0000004731201?_pos=83&_fid=224a189ec&_ss=c
Tennis-Point,2026-06-23 10:40:55,rackets,unisex,Head,Radical MP 2025 Turnierschläger,L2,726423384960,221.95,280.0,,€,in_stock,https://www.tennis-point.de/products/head-radical-mp-2025-turnierschlaeger-00607504503000?_pos=82&_fid=224a189ec&_ss=c
Tennis-Point,2026-06-23 10:40:55,rackets,unisex,Head,Radical MP 2025 Turnierschläger,L3,726423384977,221.95,280.0,,€,in_stock,https://www.tennis-point.de/products/head-radical-mp-2025-turnierschlaeger-00607504503000?_pos=82&_fid=224a189ec&_ss=c
Tennis-Point,2026-06-23 10:41:04,rackets,unisex,Head,Speed Pro Legend 2025 Turnierschläger,L2,198772121150,237.95,300.0,,€,in_stock,https://www.tennis-point.de/products/head-speed-pro-legend-2025-turnierschlaeger-00607104578000?_pos=81&_fid=224a189ec&_ss=c
Tennis-Point,2026-06-23 10:41:04,rackets,unisex,Head,Speed Pro Legend 2025 Turnierschläger,L3,198772121167,237.95,300.0,,€,in_stock,https://www.tennis-point.de/products/head-speed-pro-legend-2025-turnierschlaeger-00607104578000?_pos=81&_fid=224a189ec&_ss=c
Tennis-Point,2026-06-23 10:41:18,rackets,unisex,Wilson,Pro Staff 97 Classic Turnierschläger unbesaitet,L2,00097512975698,207.95,260.0,,€,in_stock,https://www.tennis-point.de/products/wilson-pro-staff-97-classic-turnierschlaeger-unbesaitet-00707604289000?_pos=79&_fid=224a189ec&_ss=c
Tennis-Point,2026-06-23 10:41:18,rackets,unisex,Wilson,Pro Staff 97 Classic Turnierschläger unbesaitet,L3,00097512975728,207.95,260.0,,€,in_stock,https://www.tennis-point.de/products/wilson-pro-staff-97-classic-turnierschlaeger-unbesaitet-00707604289000?_pos=79&_fid=224a189ec&_ss=c
Tennis-Point,2026-06-23 10:41:28,rackets,unisex,Wilson,Clash 100L V2.0 Turnierschläger,L2,00097512605212,134.95,230.0,,€,out_of_stock,https://www.tennis-point.de/products/wilson-clash-100l-v20-turnierschlaeger-00705503745000?_pos=78&_fid=224a189ec&_ss=c
Tennis-Point,2026-06-23 10:41:28,rackets,unisex,Wilson,Clash 100L V2.0 Turnierschläger,L3,00097512605229,134.95,230.0,,€,in_stock,https://www.tennis-point.de/products/wilson-clash-100l-v20-turnierschlaeger-00705503745000?_pos=78&_fid=224a189ec&_ss=c
Tennis-Point,2026-06-23 10:41:37,rackets,unisex,Wilson,Noir Shift 99 V1 Turnierschläger,L2,00097512928526,154.95,270.0,,€,in_stock,https://www.tennis-point.de/products/wilson-noir-shift-99-v1-turnierschlaeger-00707504143000?_pos=77&_fid=224a189ec&_ss=c
Tennis-Point,2026-06-23 10:41:37,rackets,unisex,Wilson,Noir Shift 99 V1 Turnierschläger,L3,00097512928533,154.95,270.0,,€,in_stock,https://www.tennis-point.de/products/wilson-noir-shift-99-v1-turnierschlaeger-00707504143000?_pos=77&_fid=224a189ec&_ss=c
Tennis-Point,2026-06-23 10:41:48,rackets,unisex,Yonex,Percept 100 (300g) Turnierschläger,L2,4550675268602,231.95,309.95,,€,in_stock,https://www.tennis-point.de/products/yonex-percept-100-300g-turnierschlaeger-01907101987000?_pos=76&_fid=224a189ec&_ss=c
Tennis-Point,2026-06-23 10:41:48,rackets,unisex,Yonex,Percept 100 (300g) Turnierschläger,L3,4550675268619,231.95,309.95,,€,in_stock,https://www.tennis-point.de/products/yonex-percept-100-300g-turnierschlaeger-01907101987000?_pos=76&_fid=224a189ec&_ss=c
Tennis-Point,2026-06-23 10:41:55,rackets,unisex,Head,Speed Pro 2024 Turnierschläger,L2,724794926024,149.95,300.0,,€,in_stock,https://www.tennis-point.de/products/head-speed-pro-2024-turnierschlaeger-00606604347000?_pos=75&_fid=224a189ec&_ss=c
Tennis-Point,2026-06-23 10:41:55,rackets,unisex,Head,Speed Pro 2024 Turnierschläger,L3,724794926031,149.95,300.0,,€,in_stock,https://www.tennis-point.de/products/head-speed-pro-2024-turnierschlaeger-00606604347000?_pos=75&_fid=224a189ec&_ss=c
Tennis-Point,2026-06-23 10:42:12,rackets,unisex,Head,Speed Pro 2026 Turnierschläger unbesaitet,L2,198772134990,233.95,300.0,,€,in_stock,https://www.tennis-point.de/products/head-speed-pro-2026-turnierschlaeger-unbesaitet-p0000001850701?_pos=73&_fid=224a189ec&_ss=c
Tennis-Point,2026-06-23 10:42:12,rackets,unisex,Head,Speed Pro 2026 Turnierschläger unbesaitet,L3,198772135003,233.95,300.0,,€,in_stock,https://www.tennis-point.de/products/head-speed-pro-2026-turnierschlaeger-unbesaitet-p0000001850701?_pos=73&_fid=224a189ec&_ss=c
Tennis-Point,2026-06-23 10:42:23,rackets,unisex,Wilson,Ultra 100 V5 Turnierschläger,L2,00097512932028,189.95,240.0,,€,in_stock,https://www.tennis-point.de/products/wilson-ultra-100-v5-turnierschlaeger-00707104222000?_pos=72&_fid=224a189ec&_ss=c
Tennis-Point,2026-06-23 10:42:23,rackets,unisex,Wilson,Ultra 100 V5 Turnierschläger,L3,00097512932035,189.95,240.0,,€,in_stock,https://www.tennis-point.de/products/wilson-ultra-100-v5-turnierschlaeger-00707104222000?_pos=72&_fid=224a189ec&_ss=c
Tennis-Point,2026-06-23 10:42:40,rackets,unisex,Head,Gravity Tour 2025 Turnierschläger unbesaitet,L2,726423385462,194.95,280.0,,€,in_stock,https://www.tennis-point.de/products/head-gravity-tour-2025-turnierschlaeger-unbesaitet-00607504509000?_pos=70&_fid=224a189ec&_ss=c
Tennis-Point,2026-06-23 10:42:40,rackets,unisex,Head,Gravity Tour 2025 Turnierschläger unbesaitet,L3,726423385479,194.95,280.0,,€,in_stock,https://www.tennis-point.de/products/head-gravity-tour-2025-turnierschlaeger-unbesaitet-00607504509000?_pos=70&_fid=224a189ec&_ss=c
Tennis-Point,2026-06-23 10:44:06,shoes,women,Head,"Sprint Pro 4.0  Sandplatzschuh Damen-weiß, hellgrau",EU 39,0198772063191,111.95,160.0,,€,in_stock,https://www.tennis-point.de/products/head-sprint-pro-40-sandplatzschuh-damen-weiss-hellgrau-p0000004220201
Tennis-Point,2026-06-23 10:44:26,shoes,women,K-Swiss,"Court Express Sandplatzschuh Damen - weiß, pink",EU 39,0199286149890,66.95,79.99,,€,in_stock,https://www.tennis-point.de/products/k-swiss-court-express-sandplatzschuh-damen-weiss-pink-p0000004910501
Tennis-Point,2026-06-23 10:45:35,shoes,women,K-Swiss,"Ultrashot Light Sandplatzschuh Damen - weiß, lavendel",EU 39,199286041644,57.95,100.0,,€,in_stock,https://www.tennis-point.de/products/k-swiss-ultrashot-light-sandplatzschuh-damen-weiss-lavendel-p0000004300701
Tennis-Point,2026-06-23 10:45:53,shoes,women,K-Swiss,"COURT EXPRESS 2  AC Allcourtschuh Damen-weiß, lavendel",EU 39,196483940732,45.95,79.99,,€,in_stock,https://www.tennis-point.de/products/k-swiss-court-express-2-ac-allcourtschuh-damen-weiss-lavendel-p0000004300501
Tennis-Point,2026-06-23 10:46:42,shoes,women,K-Swiss,"Court Express 2 Sandplatzschuh Damen - schwarz, weiß",EU 39,196483940855,42.95,79.99,,€,in_stock,https://www.tennis-point.de/products/k-swiss-court-express-2-sandplatzschuh-damen-schwarz-weiss-a0000004300601
Tennis-Point,2026-06-23 10:46:49,shoes,women,K-Swiss,"Ultrashot Team 2 Sandplatzschuh Damen - weiß, lavendel",EU 39,196483942057,69.95,129.99,,€,in_stock,https://www.tennis-point.de/products/k-swiss-ultrashot-team-2-sandplatzschuh-damen-weiss-lavendel-p0000004310701
Tennis-Point,2026-06-23 10:46:58,shoes,women,Wilson,"Intrigue Pro Sandplatzschuh Damen-weiß, türkis",EU 39,97512992794,84.95,130.0,,€,in_stock,https://www.tennis-point.de/products/wilson-intrigue-pro-sandplatzschuh-damen-weiss-tuerkis-p0000004130501
Tennis-Point,2026-06-23 10:47:45,shoes,women,Wilson,"Intrigue Pro Sandplatzschuh Damen - weiß, rosa",EU 39,97512997287,89.95,130.0,,€,in_stock,https://www.tennis-point.de/products/wilson-intrigue-pro-sandplatzschuh-damen-weiss-rosa-p0000004130502
Tennis-Point,2026-06-23 10:48:02,rackets,unisex,Head,Speed MP Legend 2025 Turnierschläger,L2,198772121259,224.95,280.0,,€,in_stock,https://www.tennis-point.de/products/head-speed-mp-legend-2025-turnierschlaeger-00607104580000?_pos=68&_fid=63164e36c&_ss=c
Tennis-Point,2026-06-23 10:48:02,rackets,unisex,Head,Speed MP Legend 2025 Turnierschläger,L3,198772121266,224.95,280.0,,€,in_stock,https://www.tennis-point.de/products/head-speed-mp-legend-2025-turnierschlaeger-00607104580000?_pos=68&_fid=63164e36c&_ss=c
Tennis-Point,2026-06-23 10:48:08,rackets,unisex,Yonex,Percept 100 (300g) Turnierschläger unbesaitet,L2,4550468627654,209.95,309.95,,€,in_stock,https://www.tennis-point.de/products/yonex-percept-100-300g-turnierschlaeger-unbesaitet-01906401921000?_pos=67&_fid=63164e36c&_ss=c
Tennis-Point,2026-06-23 10:48:08,rackets,unisex,Yonex,Percept 100 (300g) Turnierschläger unbesaitet,L3,4550468627661,209.95,309.95,,€,in_stock,https://www.tennis-point.de/products/yonex-percept-100-300g-turnierschlaeger-unbesaitet-01906401921000?_pos=67&_fid=63164e36c&_ss=c
Tennis-Point,2026-06-23 10:48:17,rackets,unisex,Wilson,Ultra 100L V5 Turnierschläger unbesaitet,L2,00097512931953,149.95,220.0,,€,in_stock,https://www.tennis-point.de/products/wilson-ultra-100l-v5-turnierschlaeger-unbesaitet-00707104224000?_pos=66&_fid=63164e36c&_ss=c
Tennis-Point,2026-06-23 10:48:17,rackets,unisex,Wilson,Ultra 100L V5 Turnierschläger unbesaitet,L3,00097512931984,149.95,220.0,,€,in_stock,https://www.tennis-point.de/products/wilson-ultra-100l-v5-turnierschlaeger-unbesaitet-00707104224000?_pos=66&_fid=63164e36c&_ss=c
Tennis-Point,2026-06-23 10:48:28,rackets,unisex,Wilson,RF 01 Turnierschläger,L2,00097512849715,189.95,280.0,,€,in_stock,https://www.tennis-point.de/products/wilson-rf-01-turnierschlaeger-00706704087000?_pos=65&_fid=63164e36c&_ss=c
Tennis-Point,2026-06-23 10:48:28,rackets,unisex,Wilson,RF 01 Turnierschläger,L3,00097512849685,189.95,280.0,,€,in_stock,https://www.tennis-point.de/products/wilson-rf-01-turnierschlaeger-00706704087000?_pos=65&_fid=63164e36c&_ss=c
Tennis-Point,2026-06-23 10:48:54,rackets,unisex,Wilson,Clash 100L V3.0 Turnierschläger,L2,00097512893602,157.95,230.0,,€,in_stock,https://www.tennis-point.de/products/wilson-clash-100l-v30-turnierschlaeger-00707504152000?_pos=62&_fid=63164e36c&_ss=c
Tennis-Point,2026-06-23 10:48:54,rackets,unisex,Wilson,Clash 100L V3.0 Turnierschläger,L3,00097512893572,157.95,230.0,,€,in_stock,https://www.tennis-point.de/products/wilson-clash-100l-v30-turnierschlaeger-00707504152000?_pos=62&_fid=63164e36c&_ss=c
Tennis-Point,2026-06-23 10:49:14,rackets,unisex,Wilson,Clash 100L V2.0 Bright Neon Yellow Turnierschläger,L2,00097512742405,139.95,270.0,,€,in_stock,https://www.tennis-point.de/products/wilson-clash-100l-v20-bright-neon-yellow-turnierschlaeger-00706404004000?_pos=60&_fid=63164e36c&_ss=c
Tennis-Point,2026-06-23 10:49:14,rackets,unisex,Wilson,Clash 100L V2.0 Bright Neon Yellow Turnierschläger,L3,00097512742399,139.95,270.0,,€,in_stock,https://www.tennis-point.de/products/wilson-clash-100l-v20-bright-neon-yellow-turnierschlaeger-00706404004000?_pos=60&_fid=63164e36c&_ss=c
Tennis-Point,2026-06-23 10:49:24,rackets,unisex,Wilson,Pro Staff X V14 Turnierschläger unbesaitet,L2,00097512683685,149.95,300.0,,€,in_stock,https://www.tennis-point.de/products/wilson-pro-staff-x-v14-turnierschlaeger-unbesaitet-00706203876000?_pos=59&_fid=63164e36c&_ss=c
Tennis-Point,2026-06-23 10:49:24,rackets,unisex,Wilson,Pro Staff X V14 Turnierschläger unbesaitet,L3,00097512683692,149.95,300.0,,€,in_stock,https://www.tennis-point.de/products/wilson-pro-staff-x-v14-turnierschlaeger-unbesaitet-00706203876000?_pos=59&_fid=63164e36c&_ss=c
Tennis-Point,2026-06-23 10:49:28,rackets,unisex,Head,Boom Pro Turnierschläger unbesaitet,L2,198772135898,229.95,280.0,,€,in_stock,https://www.tennis-point.de/products/head-boom-pro-turnierschlaeger-unbesaitet-p0000006240201?_pos=58&_fid=63164e36c&_ss=c
Tennis-Point,2026-06-23 10:49:28,rackets,unisex,Head,Boom Pro Turnierschläger unbesaitet,L3,198772135904,229.95,280.0,,€,in_stock,https://www.tennis-point.de/products/head-boom-pro-turnierschlaeger-unbesaitet-p0000006240201?_pos=58&_fid=63164e36c&_ss=c
Tennis-Point,2026-06-23 10:49:37,rackets,unisex,Head,Boom MP L 2026 Turnierschläger unbesaitet,L2,198772136130,163.95,230.0,,€,in_stock,https://www.tennis-point.de/products/head-boom-mp-l-2026-turnierschlaeger-unbesaitet-p0000001850601?_pos=57&_fid=63164e36c&_ss=c
Tennis-Point,2026-06-23 10:49:37,rackets,unisex,Head,Boom MP L 2026 Turnierschläger unbesaitet,L3,198772136147,163.95,230.0,,€,in_stock,https://www.tennis-point.de/products/head-boom-mp-l-2026-turnierschlaeger-unbesaitet-p0000001850601?_pos=57&_fid=63164e36c&_ss=c
Tennis-Point,2026-06-23 10:49:44,rackets,unisex,Wilson,Blade 100 V9 Turnierschläger,L2,00097512792288,187.95,270.0,,€,out_of_stock,https://www.tennis-point.de/products/wilson-blade-100-v9-turnierschlaeger-00706604027000?_pos=56&_fid=63164e36c&_ss=c
Tennis-Point,2026-06-23 10:49:44,rackets,unisex,Wilson,Blade 100 V9 Turnierschläger,L3,00097512792240,187.95,270.0,,€,out_of_stock,https://www.tennis-point.de/products/wilson-blade-100-v9-turnierschlaeger-00706604027000?_pos=56&_fid=63164e36c&_ss=c
Tennis-Point,2026-06-23 10:49:50,rackets,unisex,Head,Boom Team 2026 Turnierschläger unbesaitet,L2,198772136376,141.95,210.0,,€,in_stock,https://www.tennis-point.de/products/head-boom-team-2026-turnierschlaeger-unbesaitet-p0000001851501?_pos=55&_fid=63164e36c&_ss=c
Tennis-Point,2026-06-23 10:49:50,rackets,unisex,Head,Boom Team 2026 Turnierschläger unbesaitet,L3,198772136383,141.95,210.0,,€,in_stock,https://www.tennis-point.de/products/head-boom-team-2026-turnierschlaeger-unbesaitet-p0000001851501?_pos=55&_fid=63164e36c&_ss=c
Tennis-Point,2026-06-23 10:50:02,rackets,unisex,Wilson,Ultra 100L V4.0 Turnierschläger,L2,00097512640299,129.95,220.0,,€,in_stock,https://www.tennis-point.de/products/wilson-ultra-100l-v40-turnierschlaeger-00706003841000?_pos=54&_fid=63164e36c&_ss=c
Tennis-Point,2026-06-23 10:50:02,rackets,unisex,Wilson,Ultra 100L V4.0 Turnierschläger,L3,00097512640305,129.95,220.0,,€,in_stock,https://www.tennis-point.de/products/wilson-ultra-100l-v40-turnierschlaeger-00706003841000?_pos=54&_fid=63164e36c&_ss=c
Tennis-Point,2026-06-23 10:50:08,rackets,unisex,Wilson,Blade 98 18X20 V9 Turnierschläger,L2,00097512791915,177.95,280.0,,€,in_stock,https://www.tennis-point.de/products/wilson-blade-98-18x20-v9-turnierschlaeger-00706604025000?_pos=53&_fid=63164e36c&_ss=c
Tennis-Point,2026-06-23 10:50:08,rackets,unisex,Wilson,Blade 98 18X20 V9 Turnierschläger,L3,00097512791922,177.95,280.0,,€,in_stock,https://www.tennis-point.de/products/wilson-blade-98-18x20-v9-turnierschlaeger-00706604025000?_pos=53&_fid=63164e36c&_ss=c
Tennis-Point,2026-06-23 10:50:19,rackets,unisex,Wilson,Clash 100 L V3.0 RG Turnierschläger unbesaitet,L2,00097512975292,207.95,220.0,,€,out_of_stock,https://www.tennis-point.de/products/wilson-clash-100-l-v30-rg-turnierschlaeger-unbesaitet-00707604295000?_pos=52&_fid=63164e36c&_ss=c
Tennis-Point,2026-06-23 10:50:19,rackets,unisex,Wilson,Clash 100 L V3.0 RG Turnierschläger unbesaitet,L3,00097512975261,207.95,220.0,,€,in_stock,https://www.tennis-point.de/products/wilson-clash-100-l-v30-rg-turnierschlaeger-unbesaitet-00707604295000?_pos=52&_fid=63164e36c&_ss=c
Tennis-Point,2026-06-23 10:50:28,rackets,unisex,Yonex,EZONE 100 (2025) Turnierschläger,L2,4550468976004,244.95,279.95,,€,out_of_stock,https://www.tennis-point.de/products/yonex-ezone-100-2025-turnierschlaeger-01907501960000?_pos=51&_fid=63164e36c&_ss=c
Tennis-Point,2026-06-23 10:50:28,rackets,unisex,Yonex,EZONE 100 (2025) Turnierschläger,L3,4550468976011,244.95,279.95,,€,in_stock,https://www.tennis-point.de/products/yonex-ezone-100-2025-turnierschlaeger-01907501960000?_pos=51&_fid=63164e36c&_ss=c
Tennis-Point,2026-06-23 10:50:35,rackets,unisex,Yonex,VCORE 98 (2026) Turnierschläger unbesaitet,L2,4550675355258,309.95,,,€,in_stock,https://www.tennis-point.de/products/yonex-vcore-98-2026-turnierschlaeger-unbesaitet-p0000004730901?_pos=50&_fid=63164e36c&_ss=c
Tennis-Point,2026-06-23 10:50:35,rackets,unisex,Yonex,VCORE 98 (2026) Turnierschläger unbesaitet,L3,4550675355265,309.95,,,€,in_stock,https://www.tennis-point.de/products/yonex-vcore-98-2026-turnierschlaeger-unbesaitet-p0000004730901?_pos=50&_fid=63164e36c&_ss=c
Tennis-Point,2026-06-23 10:50:44,rackets,unisex,Head,Boom MP Alternate 2026 Turnierschläger unbesaitet,L2,198772139971,207.95,260.0,,€,in_stock,https://www.tennis-point.de/products/head-boom-mp-alternate-2026-turnierschlaeger-unbesaitet-p0000001850301?_pos=49&_fid=63164e36c&_ss=c
Tennis-Point,2026-06-23 10:50:44,rackets,unisex,Head,Boom MP Alternate 2026 Turnierschläger unbesaitet,L3,198772139988,207.95,260.0,,€,in_stock,https://www.tennis-point.de/products/head-boom-mp-alternate-2026-turnierschlaeger-unbesaitet-p0000001850301?_pos=49&_fid=63164e36c&_ss=c
Tennis-Point,2026-06-23 10:50:50,rackets,unisex,Wilson,Blade 98 16X19 V9 Turnierschläger,L2,00097512791854,179.95,280.0,,€,out_of_stock,https://www.tennis-point.de/products/wilson-blade-98-16x19-v9-turnierschlaeger-00706604024000?_pos=48&_fid=63164e36c&_ss=c
Tennis-Point,2026-06-23 10:50:50,rackets,unisex,Wilson,Blade 98 16X19 V9 Turnierschläger,L3,00097512791847,179.95,280.0,,€,out_of_stock,https://www.tennis-point.de/products/wilson-blade-98-16x19-v9-turnierschlaeger-00706604024000?_pos=48&_fid=63164e36c&_ss=c
Tennis-Point,2026-06-23 10:50:59,rackets,unisex,Head,Boom MP UL 2026 Turnierschläger unbesaitet,L2,198772136253,157.95,230.0,,€,in_stock,https://www.tennis-point.de/products/head-boom-mp-ul-2026-turnierschlaeger-unbesaitet-p0000001852301?_pos=47&_fid=63164e36c&_ss=c
Tennis-Point,2026-06-23 10:50:59,rackets,unisex,Head,Boom MP UL 2026 Turnierschläger unbesaitet,L3,198772136260,157.95,230.0,,€,in_stock,https://www.tennis-point.de/products/head-boom-mp-ul-2026-turnierschlaeger-unbesaitet-p0000001852301?_pos=47&_fid=63164e36c&_ss=c
Tennis-Point,2026-06-23 10:51:09,rackets,unisex,Wilson,Blade BLADE 98L V9 Turnierschläger,L2,00097512818773,164.95,280.0,,€,in_stock,https://www.tennis-point.de/products/wilson-blade-blade-98l-v9-turnierschlaeger-00706704140000?_pos=46&_fid=63164e36c&_ss=c
Tennis-Point,2026-06-23 10:51:09,rackets,unisex,Wilson,Blade BLADE 98L V9 Turnierschläger,L3,00097512818827,164.95,280.0,,€,in_stock,https://www.tennis-point.de/products/wilson-blade-blade-98l-v9-turnierschlaeger-00706704140000?_pos=46&_fid=63164e36c&_ss=c
Tennis-Point,2026-06-23 10:51:15,rackets,unisex,Wilson,Ultra 100 V5 Desert Turnierschläger unbesaitet,L2,00199073013038,197.95,240.95,,€,in_stock,https://www.tennis-point.de/products/wilson-ultra-100-v5-desert-turnierschlaeger-unbesaitet-p0000004020301?_pos=45&_fid=63164e36c&_ss=c
Tennis-Point,2026-06-23 10:51:15,rackets,unisex,Wilson,Ultra 100 V5 Desert Turnierschläger unbesaitet,L3,00199073013045,197.95,240.95,,€,in_stock,https://www.tennis-point.de/products/wilson-ultra-100-v5-desert-turnierschlaeger-unbesaitet-p0000004020301?_pos=45&_fid=63164e36c&_ss=c
Tennis-Point,2026-06-23 10:51:31,rackets,unisex,Head,Boom MP 2024 Turnierschläger,L2,724794924969,119.95,260.0,,€,in_stock,https://www.tennis-point.de/products/head-boom-mp-2024-turnierschlaeger-00606604331000?_pos=43&_fid=63164e36c&_ss=c
Tennis-Point,2026-06-23 10:51:31,rackets,unisex,Head,Boom MP 2024 Turnierschläger,L3,724794924976,119.95,260.0,,€,in_stock,https://www.tennis-point.de/products/head-boom-mp-2024-turnierschlaeger-00606604331000?_pos=43&_fid=63164e36c&_ss=c
Tennis-Point,2026-06-23 10:51:39,rackets,unisex,Head,Boom MP 2026 Turnierschläger unbesaitet,L2,198772136017,207.95,260.0,,€,in_stock,https://www.tennis-point.de/products/head-boom-mp-2026-turnierschlaeger-unbesaitet-p0000001853001?_pos=42&_fid=63164e36c&_ss=c
Tennis-Point,2026-06-23 10:51:39,rackets,unisex,Head,Boom MP 2026 Turnierschläger unbesaitet,L3,198772136024,207.95,260.0,,€,in_stock,https://www.tennis-point.de/products/head-boom-mp-2026-turnierschlaeger-unbesaitet-p0000001853001?_pos=42&_fid=63164e36c&_ss=c
Tennis-Point,2026-06-23 10:51:49,rackets,unisex,Wilson,Ultra 100L V5 Desert Turnierschläger unbesaitet,L2,00199073012994,192.95,220.0,,€,in_stock,https://www.tennis-point.de/products/wilson-ultra-100l-v5-desert-turnierschlaeger-unbesaitet-p0000004020201?_pos=41&_fid=63164e36c&_ss=c
Tennis-Point,2026-06-23 10:51:49,rackets,unisex,Wilson,Ultra 100L V5 Desert Turnierschläger unbesaitet,L3,00199073013014,192.95,220.0,,€,in_stock,https://www.tennis-point.de/products/wilson-ultra-100l-v5-desert-turnierschlaeger-unbesaitet-p0000004020201?_pos=41&_fid=63164e36c&_ss=c
Tennis-Point,2026-06-23 10:52:12,rackets,unisex,Head,Boom MP UL Alternate 2026 Turnierschläger unbesaitet,L2,198772140212,181.95,230.0,,€,in_stock,https://www.tennis-point.de/products/head-boom-mp-ul-alternate-2026-turnierschlaeger-unbesaitet-p0000001851001?_pos=38&_fid=63164e36c&_ss=c
Tennis-Point,2026-06-23 10:52:12,rackets,unisex,Head,Boom MP UL Alternate 2026 Turnierschläger unbesaitet,L3,198772140229,181.95,230.0,,€,in_stock,https://www.tennis-point.de/products/head-boom-mp-ul-alternate-2026-turnierschlaeger-unbesaitet-p0000001851001?_pos=38&_fid=63164e36c&_ss=c
Tennis-Point,2026-06-23 10:52:23,rackets,unisex,Head,Boom Team Alternate 2026 Turnierschläger unbesaitet,L2,198772140335,142.95,210.0,,€,in_stock,https://www.tennis-point.de/products/head-boom-team-alternate-2026-turnierschlaeger-unbesaitet-p0000001852901?_pos=37&_fid=63164e36c&_ss=c
Tennis-Point,2026-06-23 10:52:23,rackets,unisex,Head,Boom Team Alternate 2026 Turnierschläger unbesaitet,L3,198772140342,142.95,210.0,,€,in_stock,https://www.tennis-point.de/products/head-boom-team-alternate-2026-turnierschlaeger-unbesaitet-p0000001852901?_pos=37&_fid=63164e36c&_ss=c
Tennis-Point,2026-06-23 10:52:32,rackets,unisex,Head,Speed MP L 2026 Turnierschläger unbesaitet,L2,198772135317,172.95,250.0,,€,out_of_stock,https://www.tennis-point.de/products/head-speed-mp-l-2026-turnierschlaeger-unbesaitet-p0000001853301?_pos=36&_fid=63164e36c&_ss=c
Tennis-Point,2026-06-23 10:52:32,rackets,unisex,Head,Speed MP L 2026 Turnierschläger unbesaitet,L3,198772135324,172.95,250.0,,€,in_stock,https://www.tennis-point.de/products/head-speed-mp-l-2026-turnierschlaeger-unbesaitet-p0000001853301?_pos=36&_fid=63164e36c&_ss=c
Tennis-Point,2026-06-23 10:53:45,shoes,women,K-Swiss,"Court Express 2 Sandplatzschuh Damen - weiß, lavendel",EU 39,196483984798,39.95,79.99,,€,in_stock,https://www.tennis-point.de/products/k-swiss-court-express-2-sandplatzschuh-damen-weiss-lavendel-a0000004300602
Tennis-Point,2026-06-23 11:05:12,rackets,unisex,Wilson,Ultra 100 L V5 RG Turnierschläger unbesaitet,L2,00097512975339,176.95,220.0,,€,in_stock,https://www.tennis-point.de/products/wilson-ultra-100-l-v5-rg-turnierschlaeger-unbesaitet-00707604297000?_pos=14&_fid=1d9f8c30f&_ss=c
Tennis-Point,2026-06-23 11:05:12,rackets,unisex,Wilson,Ultra 100 L V5 RG Turnierschläger unbesaitet,L3,00097512975322,176.95,220.0,,€,in_stock,https://www.tennis-point.de/products/wilson-ultra-100-l-v5-rg-turnierschlaeger-unbesaitet-00707604297000?_pos=14&_fid=1d9f8c30f&_ss=c
Tennis-Point,2026-06-23 11:05:39,rackets,unisex,Yonex,Muse 100 L  Allroundschläger,L2,4550675529185,239.95,,,€,out_of_stock,https://www.tennis-point.de/products/yonex-muse-100-l-allroundschlaeger-p0000007160201?_pos=17&_fid=1d9f8c30f&_ss=c
Tennis-Point,2026-06-23 11:05:39,rackets,unisex,Yonex,Muse 100 L  Allroundschläger,L3,4550675529192,239.95,,,€,in_stock,https://www.tennis-point.de/products/yonex-muse-100-l-allroundschlaeger-p0000007160201?_pos=17&_fid=1d9f8c30f&_ss=c
Tennis-Point,2026-06-23 11:05:43,rackets,unisex,Wilson,Blade 100 Pro v10 Turnierschläger unbesaitet,L2,00097512974912,259.95,290.0,,€,in_stock,https://www.tennis-point.de/products/wilson-blade-100-pro-v10-turnierschlaeger-unbesaitet-00707604286000?_pos=18&_fid=1d9f8c30f&_ss=c
Tennis-Point,2026-06-23 11:05:43,rackets,unisex,Wilson,Blade 100 Pro v10 Turnierschläger unbesaitet,L3,00097512974905,259.95,290.0,,€,in_stock,https://www.tennis-point.de/products/wilson-blade-100-pro-v10-turnierschlaeger-unbesaitet-00707604286000?_pos=18&_fid=1d9f8c30f&_ss=c
Tennis-Point,2026-06-23 11:05:53,rackets,unisex,Head,Speed MP 2026 Turnierschläger unbesaitet,L2,198772135195,192.95,280.0,,€,in_stock,https://www.tennis-point.de/products/head-speed-mp-2026-turnierschlaeger-unbesaitet-p0000001851601?_pos=19&_fid=1d9f8c30f&_ss=c
Tennis-Point,2026-06-23 11:05:53,rackets,unisex,Head,Speed MP 2026 Turnierschläger unbesaitet,L3,198772135201,192.95,280.0,,€,in_stock,https://www.tennis-point.de/products/head-speed-mp-2026-turnierschlaeger-unbesaitet-p0000001851601?_pos=19&_fid=1d9f8c30f&_ss=c
Tennis-Point,2026-06-23 11:06:03,rackets,unisex,Wilson,Blade 98 Pro 18X20 V10 Turnierschläger unbesaitet,L2,00097512975117,259.95,290.0,,€,in_stock,https://www.tennis-point.de/products/wilson-blade-98-pro-18x20-v10-turnierschlaeger-unbesaitet-00707604285000?_pos=20&_fid=1d9f8c30f&_ss=c
Tennis-Point,2026-06-23 11:06:03,rackets,unisex,Wilson,Blade 98 Pro 18X20 V10 Turnierschläger unbesaitet,L3,00097512975148,259.95,290.0,,€,in_stock,https://www.tennis-point.de/products/wilson-blade-98-pro-18x20-v10-turnierschlaeger-unbesaitet-00707604285000?_pos=20&_fid=1d9f8c30f&_ss=c
Tennis-Point,2026-06-23 11:06:12,rackets,unisex,Yonex,Muse 107 Allroundschläger,L2,4550675529284,229.95,,,€,in_stock,https://www.tennis-point.de/products/yonex-muse-107-allroundschlaeger-p0000007160301?_pos=21&_fid=1d9f8c30f&_ss=c
Tennis-Point,2026-06-23 11:06:12,rackets,unisex,Yonex,Muse 107 Allroundschläger,L3,4550675529291,229.95,,,€,in_stock,https://www.tennis-point.de/products/yonex-muse-107-allroundschlaeger-p0000007160301?_pos=21&_fid=1d9f8c30f&_ss=c
Tennis-Point,2026-06-23 11:06:20,rackets,unisex,Wilson,Ultra 100 V5 RG Turnierschläger unbesaitet,L2,00097512975438,215.95,240.0,,€,in_stock,https://www.tennis-point.de/products/wilson-ultra-100-v5-rg-turnierschlaeger-unbesaitet-00707604296000?_pos=22&_fid=1d9f8c30f&_ss=c
Tennis-Point,2026-06-23 11:06:20,rackets,unisex,Wilson,Ultra 100 V5 RG Turnierschläger unbesaitet,L3,00097512975445,215.95,240.0,,€,in_stock,https://www.tennis-point.de/products/wilson-ultra-100-v5-rg-turnierschlaeger-unbesaitet-00707604296000?_pos=22&_fid=1d9f8c30f&_ss=c
Tennis-Point,2026-06-23 11:06:27,rackets,unisex,Head,Squared Allroundschläger unbesaitet,L2,198772137298,233.95,260.0,,€,in_stock,https://www.tennis-point.de/products/head-squared-allroundschlaeger-unbesaitet-p0000001850501?_pos=23&_fid=1d9f8c30f&_ss=c
Tennis-Point,2026-06-23 11:06:27,rackets,unisex,Head,Squared Allroundschläger unbesaitet,L3,198772137304,233.95,260.0,,€,in_stock,https://www.tennis-point.de/products/head-squared-allroundschlaeger-unbesaitet-p0000001850501?_pos=23&_fid=1d9f8c30f&_ss=c
Tennis-Point,2026-06-23 11:06:42,rackets,unisex,Wilson,Clash 100 V3.0 Turnierschläger,L2,00097512892544,171.95,250.0,,€,in_stock,https://www.tennis-point.de/products/wilson-clash-100-v30-turnierschlaeger-00707504149000?_pos=25&_fid=1d9f8c30f&_ss=c
Tennis-Point,2026-06-23 11:06:42,rackets,unisex,Wilson,Clash 100 V3.0 Turnierschläger,L3,00097512892537,171.95,250.0,,€,in_stock,https://www.tennis-point.de/products/wilson-clash-100-v30-turnierschlaeger-00707504149000?_pos=25&_fid=1d9f8c30f&_ss=c
Tennis-Point,2026-06-23 11:06:54,rackets,unisex,Wilson,Pro Staff 97 V14 Turnierschläger,L2,00097512683944,139.95,320.0,,€,in_stock,https://www.tennis-point.de/products/wilson-pro-staff-97-v14-turnierschlaeger-00706203875000?_pos=26&_fid=1d9f8c30f&_ss=c
Tennis-Point,2026-06-23 11:06:54,rackets,unisex,Wilson,Pro Staff 97 V14 Turnierschläger,L3,00097512683937,139.95,320.0,,€,in_stock,https://www.tennis-point.de/products/wilson-pro-staff-97-v14-turnierschlaeger-00706203875000?_pos=26&_fid=1d9f8c30f&_ss=c
Tennis-Point,2026-06-23 11:07:44,rackets,unisex,Wilson,Clash 100 V2.0 Turnierschläger,L2,00097512592109,139.95,250.0,,€,in_stock,https://www.tennis-point.de/products/wilson-clash-100-v20-turnierschlaeger-00705503744000?_pos=33&_fid=1d9f8c30f&_ss=c
Tennis-Point,2026-06-23 11:07:44,rackets,unisex,Wilson,Clash 100 V2.0 Turnierschläger,L3,00097512592116,139.95,250.0,,€,in_stock,https://www.tennis-point.de/products/wilson-clash-100-v20-turnierschlaeger-00705503744000?_pos=33&_fid=1d9f8c30f&_ss=c
Tennis-Point,2026-06-23 11:07:53,rackets,unisex,Yonex,EZONE 98 (2025) Turnierschläger,L2,4550468976202,224.95,279.95,,€,in_stock,https://www.tennis-point.de/products/yonex-ezone-98-2025-turnierschlaeger-01907501958000?_pos=34&_fid=1d9f8c30f&_ss=c
Tennis-Point,2026-06-23 11:07:53,rackets,unisex,Yonex,EZONE 98 (2025) Turnierschläger,L3,4550468976219,224.95,279.95,,€,out_of_stock,https://www.tennis-point.de/products/yonex-ezone-98-2025-turnierschlaeger-01907501958000?_pos=34&_fid=1d9f8c30f&_ss=c
Tennis-Point,2026-06-23 11:11:28,shoes,women,K-Swiss,"Court Kali Sneaker Damen-hellgrau, weiß",EU 39,199286048247,36.95,55.0,,€,in_stock,https://www.tennis-point.de/products/k-swiss-court-kali-sneaker-damen-hellgrau-weiss-p0000003360801
Tennis-Point,2026-06-23 11:22:03,rackets,unisex,Dunlop,CX 200 OS Turnierschläger,L2,045566180940,146.95,229.99,,€,in_stock,https://www.tennis-point.de/products/dunlop-cx-200-os-turnierschlaeger-01606602341000?_pos=292&_fid=220c7a283&_ss=c
Tennis-Point,2026-06-23 11:22:03,rackets,unisex,Dunlop,CX 200 OS Turnierschläger,L3,045566180957,146.95,229.99,,€,in_stock,https://www.tennis-point.de/products/dunlop-cx-200-os-turnierschlaeger-01606602341000?_pos=292&_fid=220c7a283&_ss=c
Tennis-Point,2026-06-23 11:23:43,rackets,unisex,Dunlop,FX 500 Lite Turnierschläger,L2,0045566179753,108.95,199.99,,€,out_of_stock,https://www.tennis-point.de/products/dunlop-fx-500-lite-turnierschlaeger-01606202309000?_pos=303&_fid=220c7a283&_ss=c
Tennis-Point,2026-06-23 11:23:43,rackets,unisex,Dunlop,FX 500 Lite Turnierschläger,L3,0045566179760,108.95,199.99,,€,in_stock,https://www.tennis-point.de/products/dunlop-fx-500-lite-turnierschlaeger-01606202309000?_pos=303&_fid=220c7a283&_ss=c
Tennis-Point,2026-06-23 11:24:43,rackets,unisex,Wilson,Pro Staff Precision XL 110 Allroundschläger,L2,00097512852685,45.95,55.0,,€,in_stock,https://www.tennis-point.de/products/wilson-pro-staff-precision-xl-110-allroundschlaeger-00707504170000?_pos=311&_fid=97dc5a651&_ss=c
Tennis-Point,2026-06-23 11:24:43,rackets,unisex,Wilson,Pro Staff Precision XL 110 Allroundschläger,L3,00097512852678,45.95,55.0,,€,in_stock,https://www.tennis-point.de/products/wilson-pro-staff-precision-xl-110-allroundschlaeger-00707504170000?_pos=311&_fid=97dc5a651&_ss=c
Tennis-Point,2026-06-23 11:25:09,rackets,unisex,Dunlop,CX 200 Tour 16x19 Turnierschläger,L2,045566180841,176.95,269.99,,€,in_stock,https://www.tennis-point.de/products/dunlop-cx-200-tour-16x19-turnierschlaeger-01606602343000?_pos=314&_fid=97dc5a651&_ss=c
Tennis-Point,2026-06-23 11:25:09,rackets,unisex,Dunlop,CX 200 Tour 16x19 Turnierschläger,L3,045566180858,176.95,269.99,,€,in_stock,https://www.tennis-point.de/products/dunlop-cx-200-tour-16x19-turnierschlaeger-01606602343000?_pos=314&_fid=97dc5a651&_ss=c
Tennis-Point,2026-06-23 11:25:23,rackets,unisex,Dunlop,CX 400 Tour Turnierschläger,L2,045566180971,158.95,239.99,,€,in_stock,https://www.tennis-point.de/products/dunlop-cx-400-tour-turnierschlaeger-01606602345000?_pos=316&_fid=97dc5a651&_ss=c
Tennis-Point,2026-06-23 11:25:23,rackets,unisex,Dunlop,CX 400 Tour Turnierschläger,L3,045566180988,158.95,239.99,,€,in_stock,https://www.tennis-point.de/products/dunlop-cx-400-tour-turnierschlaeger-01606602345000?_pos=316&_fid=97dc5a651&_ss=c
Tennis-Point,2026-06-23 11:25:29,rackets,unisex,Dunlop,CX 200 Tour 18x20 Turnierschläger,L2,045566180810,179.95,269.99,,€,in_stock,https://www.tennis-point.de/products/dunlop-cx-200-tour-18x20-turnierschlaeger-01606602342000?_pos=317&_fid=97dc5a651&_ss=c
Tennis-Point,2026-06-23 11:25:29,rackets,unisex,Dunlop,CX 200 Tour 18x20 Turnierschläger,L3,045566180827,179.95,269.99,,€,in_stock,https://www.tennis-point.de/products/dunlop-cx-200-tour-18x20-turnierschlaeger-01606602342000?_pos=317&_fid=97dc5a651&_ss=c
Tennis-Point,2026-06-23 11:25:40,rackets,unisex,Yonex,Percept 97 D (320g) Turnierschläger,L2,4550468627692,259.95,319.9,,€,in_stock,https://www.tennis-point.de/products/yonex-percept-97-d-320g-turnierschlaeger-01906401917000?_pos=318&_fid=97dc5a651&_ss=c
Tennis-Point,2026-06-23 11:25:40,rackets,unisex,Yonex,Percept 97 D (320g) Turnierschläger,L3,4550468627708,259.95,319.9,,€,out_of_stock,https://www.tennis-point.de/products/yonex-percept-97-d-320g-turnierschlaeger-01906401917000?_pos=318&_fid=97dc5a651&_ss=c
Tennis-Point,2026-06-23 11:25:45,rackets,unisex,Head,Instinct Team Turnierschläger unbesaitet,L2,724794400043,109.95,170.0,,€,in_stock,https://www.tennis-point.de/products/head-instinct-team-turnierschlaeger-unbesaitet-00605904173000?_pos=319&_fid=97dc5a651&_ss=c
Tennis-Point,2026-06-23 11:25:45,rackets,unisex,Head,Instinct Team Turnierschläger unbesaitet,L3,724794400050,109.95,170.0,,€,out_of_stock,https://www.tennis-point.de/products/head-instinct-team-turnierschlaeger-unbesaitet-00605904173000?_pos=319&_fid=97dc5a651&_ss=c
Tennis-Point,2026-06-23 11:26:11,rackets,unisex,Wilson,Shift 99 V1 Session Soire RG Turnierschläger,L2,00097512795616,178.95,270.0,,€,out_of_stock,https://www.tennis-point.de/products/wilson-shift-99-v1-session-soire-rg-turnierschlaeger-00706604034000?_pos=322&_fid=97dc5a651&_ss=c
Tennis-Point,2026-06-23 11:26:11,rackets,unisex,Wilson,Shift 99 V1 Session Soire RG Turnierschläger,L3,00097512795586,178.95,270.0,,€,out_of_stock,https://www.tennis-point.de/products/wilson-shift-99-v1-session-soire-rg-turnierschlaeger-00706604034000?_pos=322&_fid=97dc5a651&_ss=c
Tennis-Point,2026-06-23 11:37:26,rackets,unisex,Dunlop,SX 300 Turnierschläger,L2,045566178756,179.95,239.99,,€,out_of_stock,https://www.tennis-point.de/products/dunlop-sx-300-turnierschlaeger-01605402259000?_pos=330&_fid=97dc5a651&_ss=c
Tennis-Point,2026-06-23 11:37:26,rackets,unisex,Dunlop,SX 300 Turnierschläger,L3,045566178763,179.95,239.99,,€,in_stock,https://www.tennis-point.de/products/dunlop-sx-300-turnierschlaeger-01605402259000?_pos=330&_fid=97dc5a651&_ss=c
Tennis-Point,2026-06-23 11:37:51,rackets,unisex,Yonex,Astrel 105 Turnierschläger,L2,4550468678090,195.95,299.9,,€,out_of_stock,https://www.tennis-point.de/products/yonex-astrel-105-turnierschlaeger-01906401937000?_pos=327&_fid=97dc5a651&_ss=c
Tennis-Point,2026-06-23 11:37:51,rackets,unisex,Yonex,Astrel 105 Turnierschläger,L3,4550468678106,195.95,299.9,,€,in_stock,https://www.tennis-point.de/products/yonex-astrel-105-turnierschlaeger-01906401937000?_pos=327&_fid=97dc5a651&_ss=c
Tennis-Point,2026-06-23 11:41:48,rackets,unisex,Wilson,Shift 99 Pro V1 Turnierschläger unbesaitet,L2,00097512727990,159.95,270.0,,€,in_stock,https://www.tennis-point.de/products/wilson-shift-99-pro-v1-turnierschlaeger-unbesaitet-00706303997000?_pos=160&_fid=e3f31cceb&_ss=c
Tennis-Point,2026-06-23 11:41:48,rackets,unisex,Wilson,Shift 99 Pro V1 Turnierschläger unbesaitet,L3,00097512727983,159.95,270.0,,€,in_stock,https://www.tennis-point.de/products/wilson-shift-99-pro-v1-turnierschlaeger-unbesaitet-00706303997000?_pos=160&_fid=e3f31cceb&_ss=c
Tennis-Point,2026-06-23 11:41:57,rackets,unisex,Wilson,Ultra 100L V4.0 Bright Neon Blue Turnierschläger,L2,00097512768580,129.95,220.0,,€,in_stock,https://www.tennis-point.de/products/wilson-ultra-100l-v40-bright-neon-blue-turnierschlaeger-00706404006000?_pos=159&_fid=e3f31cceb&_ss=c
Tennis-Point,2026-06-23 11:41:57,rackets,unisex,Wilson,Ultra 100L V4.0 Bright Neon Blue Turnierschläger,L3,00097512768597,129.95,220.0,,€,in_stock,https://www.tennis-point.de/products/wilson-ultra-100l-v40-bright-neon-blue-turnierschlaeger-00706404006000?_pos=159&_fid=e3f31cceb&_ss=c
Tennis-Point,2026-06-23 11:42:13,rackets,unisex,Wilson,Shift 99 V1 US Open Turnierschläger,L2,0097512932165,149.95,270.0,,€,in_stock,https://www.tennis-point.de/products/wilson-shift-99-v1-us-open-turnierschlaeger-00707104262000?_pos=157&_fid=e3f31cceb&_ss=c
Tennis-Point,2026-06-23 11:42:13,rackets,unisex,Wilson,Shift 99 V1 US Open Turnierschläger,L3,0097512932134,149.95,270.0,,€,in_stock,https://www.tennis-point.de/products/wilson-shift-99-v1-us-open-turnierschlaeger-00707104262000?_pos=157&_fid=e3f31cceb&_ss=c
Tennis-Point,2026-06-23 11:42:22,rackets,unisex,Head,Extreme Team 2024 Turnierschläger,L2,726423218357,184.95,230.0,,€,in_stock,https://www.tennis-point.de/products/head-extreme-team-2024-turnierschlaeger-00606704421000?_pos=156&_fid=e3f31cceb&_ss=c
Tennis-Point,2026-06-23 11:42:22,rackets,unisex,Head,Extreme Team 2024 Turnierschläger,L3,726423218364,184.95,230.0,,€,out_of_stock,https://www.tennis-point.de/products/head-extreme-team-2024-turnierschlaeger-00606704421000?_pos=156&_fid=e3f31cceb&_ss=c
Tennis-Point,2026-06-23 11:42:30,rackets,unisex,Dunlop,FX 500 Turnierschläger unbesaitet,L2,045566185075,139.95,239.99,,€,in_stock,https://www.tennis-point.de/products/dunlop-fx-500-turnierschlaeger-unbesaitet-p0000001520901?_pos=155&_fid=e3f31cceb&_ss=c
Tennis-Point,2026-06-23 11:42:30,rackets,unisex,Dunlop,FX 500 Turnierschläger unbesaitet,L3,045566185082,139.95,239.99,,€,in_stock,https://www.tennis-point.de/products/dunlop-fx-500-turnierschlaeger-unbesaitet-p0000001520901?_pos=155&_fid=e3f31cceb&_ss=c
Tennis-Point,2026-06-23 11:42:40,rackets,unisex,Head,Gravity MP L 2025 Turnierschläger,L2,726423385684,201.95,250.0,,€,in_stock,https://www.tennis-point.de/products/head-gravity-mp-l-2025-turnierschlaeger-00607504511000?_pos=154&_fid=e3f31cceb&_ss=c
Tennis-Point,2026-06-23 11:42:40,rackets,unisex,Head,Gravity MP L 2025 Turnierschläger,L3,726423385691,201.95,250.0,,€,in_stock,https://www.tennis-point.de/products/head-gravity-mp-l-2025-turnierschlaeger-00607504511000?_pos=154&_fid=e3f31cceb&_ss=c
Tennis-Point,2026-06-23 11:42:49,rackets,unisex,Wilson,Burn 100 V5 Bright Neon Orange Turnierschläger,L2,00097512742313,119.95,200.0,,€,out_of_stock,https://www.tennis-point.de/products/wilson-burn-100-v5-bright-neon-orange-turnierschlaeger-00706404007000?_pos=153&_fid=e3f31cceb&_ss=c
Tennis-Point,2026-06-23 11:42:49,rackets,unisex,Wilson,Burn 100 V5 Bright Neon Orange Turnierschläger,L3,00097512742283,119.95,200.0,,€,in_stock,https://www.tennis-point.de/products/wilson-burn-100-v5-bright-neon-orange-turnierschlaeger-00706404007000?_pos=153&_fid=e3f31cceb&_ss=c
Tennis-Point,2026-06-23 11:42:56,rackets,unisex,Wilson,RF 01 Future Lite Turnierschläger,L2,00097512852982,158.95,240.0,,€,in_stock,https://www.tennis-point.de/products/wilson-rf-01-future-lite-turnierschlaeger-00707504219000?_pos=152&_fid=e3f31cceb&_ss=c
Tennis-Point,2026-06-23 11:42:56,rackets,unisex,Wilson,RF 01 Future Lite Turnierschläger,L3,00097512852975,158.95,240.0,,€,in_stock,https://www.tennis-point.de/products/wilson-rf-01-future-lite-turnierschlaeger-00707504219000?_pos=152&_fid=e3f31cceb&_ss=c
Tennis-Point,2026-06-23 11:43:08,rackets,unisex,Head,Radical Pro 18X20 Turnierschläger,L2,0724794624609,139.95,299.95,,€,in_stock,https://www.tennis-point.de/products/head-radical-pro-18x20-turnierschlaeger-00606704407000?_pos=151&_fid=e3f31cceb&_ss=c
Tennis-Point,2026-06-23 11:43:08,rackets,unisex,Head,Radical Pro 18X20 Turnierschläger,L3,0724794624616,139.95,299.95,,€,in_stock,https://www.tennis-point.de/products/head-radical-pro-18x20-turnierschlaeger-00606704407000?_pos=151&_fid=e3f31cceb&_ss=c
Tennis-Point,2026-06-23 11:43:29,rackets,unisex,Wilson,Pro Staff Team Classic Turnierschläger unbesaitet,L2,00097512975520,114.95,170.0,,€,in_stock,https://www.tennis-point.de/products/wilson-pro-staff-team-classic-turnierschlaeger-unbesaitet-00707604292000?_pos=148&_fid=e3f31cceb&_ss=c
Tennis-Point,2026-06-23 11:43:29,rackets,unisex,Wilson,Pro Staff Team Classic Turnierschläger unbesaitet,L3,00097512975513,114.95,170.0,,€,in_stock,https://www.tennis-point.de/products/wilson-pro-staff-team-classic-turnierschlaeger-unbesaitet-00707604292000?_pos=148&_fid=e3f31cceb&_ss=c
Tennis-Point,2026-06-23 11:43:58,rackets,unisex,Yonex,VCORE 95 (2026) Turnierschläger unbesaitet,L2,4550675389116,309.95,,,€,in_stock,https://www.tennis-point.de/products/yonex-vcore-95-2026-turnierschlaeger-unbesaitet-p0000004731101?_pos=145&_fid=e3f31cceb&_ss=c
Tennis-Point,2026-06-23 11:43:58,rackets,unisex,Yonex,VCORE 95 (2026) Turnierschläger unbesaitet,L3,4550675389123,309.95,,,€,in_stock,https://www.tennis-point.de/products/yonex-vcore-95-2026-turnierschlaeger-unbesaitet-p0000004731101?_pos=145&_fid=e3f31cceb&_ss=c
Tennis-Point,2026-06-23 11:44:09,rackets,unisex,Wilson,Triad Three Komfortschläger,L2,00097512451130,189.95,240.0,,€,in_stock,https://www.tennis-point.de/products/wilson-triad-three-komfortschlaeger-00705503705000?_pos=144&_fid=e3f31cceb&_ss=c&variant=43962332643370
Tennis-Point,2026-06-23 11:44:09,rackets,unisex,Wilson,Triad Three Komfortschläger,L3,00097512451147,189.95,240.0,,€,in_stock,https://www.tennis-point.de/products/wilson-triad-three-komfortschlaeger-00705503705000?_pos=144&_fid=e3f31cceb&_ss=c&variant=43962332643370
Tennis-Point,2026-06-23 11:44:36,rackets,unisex,Yonex,Percept 100 D (305g) Turnierschläger,L2,4550468627579,209.95,319.9,,€,in_stock,https://www.tennis-point.de/products/yonex-percept-100-d-305g-turnierschlaeger-01906401920000?_pos=141&_fid=e3f31cceb&_ss=c
Tennis-Point,2026-06-23 11:44:36,rackets,unisex,Yonex,Percept 100 D (305g) Turnierschläger,L3,4550468627586,209.95,319.9,,€,in_stock,https://www.tennis-point.de/products/yonex-percept-100-d-305g-turnierschlaeger-01906401920000?_pos=141&_fid=e3f31cceb&_ss=c
Tennis-Point,2026-06-23 11:44:40,rackets,unisex,Yonex,Percept 100L (280g) Turnierschläger,L2,4550675268558,203.95,299.95,,€,in_stock,https://www.tennis-point.de/products/yonex-percept-100l-280g-turnierschlaeger-01907101988000?_pos=140&_fid=e3f31cceb&_ss=c
Tennis-Point,2026-06-23 11:44:40,rackets,unisex,Yonex,Percept 100L (280g) Turnierschläger,L3,4550675268565,203.95,299.95,,€,in_stock,https://www.tennis-point.de/products/yonex-percept-100l-280g-turnierschlaeger-01907101988000?_pos=140&_fid=e3f31cceb&_ss=c
Tennis-Point,2026-06-23 11:44:48,rackets,unisex,Wilson,Blade Feel 103 Allroundschläger unbesaitet,L2,00097512939508,75.95,110.0,,€,in_stock,https://www.tennis-point.de/products/wilson-blade-feel-103-allroundschlaeger-unbesaitet-00707604309000?_pos=139&_fid=e3f31cceb&_ss=c
Tennis-Point,2026-06-23 11:44:48,rackets,unisex,Wilson,Blade Feel 103 Allroundschläger unbesaitet,L3,00097512939515,75.95,110.0,,€,in_stock,https://www.tennis-point.de/products/wilson-blade-feel-103-allroundschlaeger-unbesaitet-00707604309000?_pos=139&_fid=e3f31cceb&_ss=c
Tennis-Point,2026-06-23 11:44:58,rackets,unisex,Wilson,Roland Garros Equipe HP TNS Allroundschläger unbesaitet,L2,00097512933391,89.95,120.0,,€,in_stock,https://www.tennis-point.de/products/wilson-roland-garros-equipe-hp-tns-allroundschlaeger-unbesaitet-00707604303000?_pos=138&_fid=e3f31cceb&_ss=c
Tennis-Point,2026-06-23 11:44:58,rackets,unisex,Wilson,Roland Garros Equipe HP TNS Allroundschläger unbesaitet,L3,00097512933407,89.95,120.0,,€,in_stock,https://www.tennis-point.de/products/wilson-roland-garros-equipe-hp-tns-allroundschlaeger-unbesaitet-00707604303000?_pos=138&_fid=e3f31cceb&_ss=c
Tennis-Point,2026-06-23 11:45:08,rackets,unisex,Yonex,Percept 97 (310g) Turnierschläger,L2,4550675268763,224.95,309.95,,€,in_stock,https://www.tennis-point.de/products/yonex-percept-97-310g-turnierschlaeger-01907101986000?_pos=137&_fid=e3f31cceb&_ss=c
Tennis-Point,2026-06-23 11:45:08,rackets,unisex,Yonex,Percept 97 (310g) Turnierschläger,L3,4550675268770,224.95,309.95,,€,in_stock,https://www.tennis-point.de/products/yonex-percept-97-310g-turnierschlaeger-01907101986000?_pos=137&_fid=e3f31cceb&_ss=c
Tennis-Point,2026-06-23 11:45:18,shoes,women,K-Swiss,"Court Varsity Sneaker Damen-weiß, creme",EU 39,199286030167,42.95,80.0,,€,in_stock,https://www.tennis-point.de/products/k-swiss-court-varsity-sneaker-damen-weiss-creme-p0000003360601
Tennis-Point,2026-06-23 11:45:28,shoes,women,Head,"Sprint Team 4.0  Sandplatzschuh Damen-weiß, hellgrau",EU 39,0198772064631,78.95,110.0,,€,in_stock,https://www.tennis-point.de/products/head-sprint-team-40-sandplatzschuh-damen-weiss-hellgrau-p0000004220901
Tennis-Point,2026-06-23 11:47:17,shoes,women,K-Swiss,"Ultrashot Light Allcourtschuh Damen - weiß, lavendel",EU 39,199286041767,67.95,100.0,,€,in_stock,https://www.tennis-point.de/products/k-swiss-ultrashot-light-allcourtschuh-damen-weiss-lavendel-p0000004300201
Tennis-Point,2026-06-23 11:47:58,shoes,women,K-Swiss,Court Express Sandplatzschuh Damen-Schwarz,EU 39,0196483144529,42.95,89.99,,€,out_of_stock,https://www.tennis-point.de/products/k-swiss-court-express-sandplatzschuh-damen-schwarz-01416202236000
Tennis-Point,2026-06-23 11:48:59,shoes,women,K-Swiss,"Express Light 3 Sandplatzschuh Damen - salbei, koralle",EU 39,0196483786934,83.95,119.99,,€,in_stock,https://www.tennis-point.de/products/k-swiss-express-light-3-sandplatzschuh-damen-salbei-koralle-01417502448000
Tennis-Point,2026-06-23 11:49:14,rackets,unisex,Yonex,Muse 100 Allroundschläger,L2,4550675529130,249.95,,,€,out_of_stock,https://www.tennis-point.de/products/yonex-muse-100-allroundschlaeger-p0000007160401?_pos=16&_fid=1d9f8c30f&_ss=c
Tennis-Point,2026-06-23 11:49:14,rackets,unisex,Yonex,Muse 100 Allroundschläger,L3,4550675529147,249.95,,,€,out_of_stock,https://www.tennis-point.de/products/yonex-muse-100-allroundschlaeger-p0000007160401?_pos=16&_fid=1d9f8c30f&_ss=c
Tennis-Point,2026-06-23 11:49:26,rackets,unisex,Wilson,Blade 98S v10 Turnierschläger unbesaitet,L2,00097512974950,259.95,290.0,,€,in_stock,https://www.tennis-point.de/products/wilson-blade-98s-v10-turnierschlaeger-unbesaitet-00707604276000?_pos=15&_fid=1d9f8c30f&_ss=c
Tennis-Point,2026-06-23 11:49:26,rackets,unisex,Wilson,Blade 98S v10 Turnierschläger unbesaitet,L3,00097512974967,259.95,290.0,,€,in_stock,https://www.tennis-point.de/products/wilson-blade-98s-v10-turnierschlaeger-unbesaitet-00707604276000?_pos=15&_fid=1d9f8c30f&_ss=c
Tennis-Point,2026-06-23 11:49:36,rackets,unisex,Wilson,Blade 104 V10 Turnierschläger unbesaitet,L2,00097512974684,229.95,260.0,,€,in_stock,https://www.tennis-point.de/products/wilson-blade-104-v10-turnierschlaeger-unbesaitet-00707604282000?_pos=13&_fid=1d9f8c30f&_ss=c
Tennis-Point,2026-06-23 11:49:36,rackets,unisex,Wilson,Blade 104 V10 Turnierschläger unbesaitet,L3,00097512974691,229.95,260.0,,€,in_stock,https://www.tennis-point.de/products/wilson-blade-104-v10-turnierschlaeger-unbesaitet-00707604282000?_pos=13&_fid=1d9f8c30f&_ss=c
Tennis-Point,2026-06-23 11:49:46,rackets,unisex,Wilson,Blade 98 18X20 V10 Turnierschläger unbesaitet,L2,00097512974981,259.95,290.0,,€,in_stock,https://www.tennis-point.de/products/wilson-blade-98-18x20-v10-turnierschlaeger-unbesaitet-00707604275000?_pos=11&_fid=1d9f8c30f&_ss=c
Tennis-Point,2026-06-23 11:49:46,rackets,unisex,Wilson,Blade 98 18X20 V10 Turnierschläger unbesaitet,L3,00097512975032,259.95,290.0,,€,in_stock,https://www.tennis-point.de/products/wilson-blade-98-18x20-v10-turnierschlaeger-unbesaitet-00707604275000?_pos=11&_fid=1d9f8c30f&_ss=c
Tennis-Point,2026-06-23 11:50:34,rackets,unisex,Wilson,Blade 98 Pro 16X19 v10 Turnierschläger unbesaitet,L2,00097512975193,259.95,290.0,,€,in_stock,https://www.tennis-point.de/products/wilson-blade-98-pro-16x19-v10-turnierschlaeger-unbesaitet-00707604284000?_pos=6&_fid=1d9f8c30f&_ss=c
Tennis-Point,2026-06-23 11:50:34,rackets,unisex,Wilson,Blade 98 Pro 16X19 v10 Turnierschläger unbesaitet,L3,00097512975186,259.95,290.0,,€,in_stock,https://www.tennis-point.de/products/wilson-blade-98-pro-16x19-v10-turnierschlaeger-unbesaitet-00707604284000?_pos=6&_fid=1d9f8c30f&_ss=c
Tennis-Point,2026-06-23 11:50:39,rackets,unisex,Wilson,Clash 100 V3.0 RG Turnierschläger unbesaitet,L2,00097512975353,215.95,240.0,,€,in_stock,https://www.tennis-point.de/products/wilson-clash-100-v30-rg-turnierschlaeger-unbesaitet-00707604294000?_pos=5&_fid=1d9f8c30f&_ss=c
Tennis-Point,2026-06-23 11:50:39,rackets,unisex,Wilson,Clash 100 V3.0 RG Turnierschläger unbesaitet,L3,00097512975346,215.95,240.0,,€,in_stock,https://www.tennis-point.de/products/wilson-clash-100-v30-rg-turnierschlaeger-unbesaitet-00707604294000?_pos=5&_fid=1d9f8c30f&_ss=c
Tennis-Point,2026-06-23 11:50:47,rackets,unisex,Wilson,Blade 100 V10 Turnierschläger unbesaitet,L2,00097512974820,249.95,280.0,,€,in_stock,https://www.tennis-point.de/products/wilson-blade-100-v10-turnierschlaeger-unbesaitet-00707604278000?_pos=4&_fid=1d9f8c30f&_ss=c
Tennis-Point,2026-06-23 11:50:47,rackets,unisex,Wilson,Blade 100 V10 Turnierschläger unbesaitet,L3,00097512974875,249.95,280.0,,€,in_stock,https://www.tennis-point.de/products/wilson-blade-100-v10-turnierschlaeger-unbesaitet-00707604278000?_pos=4&_fid=1d9f8c30f&_ss=c
Tennis-Point,2026-06-23 11:50:57,rackets,unisex,Wilson,Blade 100L V10 Turnierschläger unbesaitet,L2,00097512974806,224.95,250.0,,€,in_stock,https://www.tennis-point.de/products/wilson-blade-100l-v10-turnierschlaeger-unbesaitet-00707604279000?_pos=3&_fid=1d9f8c30f&_ss=c
Tennis-Point,2026-06-23 11:50:57,rackets,unisex,Wilson,Blade 100L V10 Turnierschläger unbesaitet,L3,00097512974813,224.95,250.0,,€,in_stock,https://www.tennis-point.de/products/wilson-blade-100l-v10-turnierschlaeger-unbesaitet-00707604279000?_pos=3&_fid=1d9f8c30f&_ss=c
Tennis-Point,2026-06-23 11:51:04,rackets,unisex,Wilson,Blade 98 16X19 V10 Turnierschläger unbesaitet,L2,00097512975087,259.95,290.0,,€,in_stock,https://www.tennis-point.de/products/wilson-blade-98-16x19-v10-turnierschlaeger-unbesaitet-00707604274000?_pos=2&_fid=1d9f8c30f&_ss=c
Tennis-Point,2026-06-23 11:51:04,rackets,unisex,Wilson,Blade 98 16X19 V10 Turnierschläger unbesaitet,L3,00097512975094,259.95,290.0,,€,in_stock,https://www.tennis-point.de/products/wilson-blade-98-16x19-v10-turnierschlaeger-unbesaitet-00707604274000?_pos=2&_fid=1d9f8c30f&_ss=c
Tennis-Point,2026-06-23 11:51:14,rackets,unisex,Wilson,Ultra 100L V5 Turnierschläger unbesaitet,L2,00199073010723,219.95,,,€,in_stock,https://www.tennis-point.de/products/wilson-ultra-100l-v5-turnierschlaeger-unbesaitet-p0000003290201?_pos=1&_fid=1d9f8c30f&_ss=c
Tennis-Point,2026-06-23 11:51:14,rackets,unisex,Wilson,Ultra 100L V5 Turnierschläger unbesaitet,L3,00199073010709,219.95,,,€,out_of_stock,https://www.tennis-point.de/products/wilson-ultra-100l-v5-turnierschlaeger-unbesaitet-p0000003290201?_pos=1&_fid=1d9f8c30f&_ss=c
Tennis-Point,2026-06-23 11:52:15,strings,unisex,Wilson,Revolve Twist Saitenrolle 200m-Rot,1.25 mm,00887768758134,143.95,180.0,,€,in_stock,https://www.tennis-point.de/products/wilson-revolve-twist-saitenrolle-200m-rot-00754602023000
Tennis-Point,2026-06-23 11:52:31,strings,unisex,Yonex,Poly Tour Pro Midnight Purple Saitenrolle 200m - lila,1.25 mm,4550675334284,169.95,,,€,in_stock,https://www.tennis-point.de/products/yonex-poly-tour-pro-midnight-purple-saitenrolle-200m-lila-p0000010010201
Tennis-Point,2026-06-23 11:52:56,strings,unisex,Head,RIP Control Saitenrolle 200m-Schwarz,1.25 mm,0724794523629,106.95,160.0,,€,in_stock,https://www.tennis-point.de/products/head-rip-control-saitenrolle-200m-schwarz-00650002172000
Tennis-Point,2026-06-23 11:53:17,strings,unisex,Yonex,Poly Tour Rev Saitenrolle 200m-Weiß,1.25 mm,4550468075899,179.95,259.9,,€,in_stock,https://www.tennis-point.de/products/yonex-poly-tour-rev-saitenrolle-200m-weiss-01956701272000
Tennis-Point,2026-06-23 11:54:11,strings,unisex,Head,Velocity MLT Saitenrolle 200m-Schwarz,1.25 mm,0726424106578,86.95,130.0,,€,in_stock,https://www.tennis-point.de/products/head-velocity-mlt-saitenrolle-200m-schwarz-00653002270000
Tennis-Point,2026-06-23 11:54:39,strings,unisex,Solinco,Mach 10 Saitenrolle 200m-Blau,1.25 mm,812753017347,139.95,210.0,,€,in_stock,https://www.tennis-point.de/products/solinco-mach-10-saitenrolle-200m-blau-05557001242000
Tennis-Point,2026-06-23 11:55:12,strings,unisex,Head,Lynx Saitenrolle 200m-Neongelb,1.25 mm,0726423942337,99.95,150.0,,€,in_stock,https://www.tennis-point.de/products/head-lynx-saitenrolle-200m-neongelb-00652802263000
Tennis-Point,2026-06-23 11:55:22,strings,unisex,Luxilon,Eco Power Saitenrolle 200m-Petrol,1.25 mm,00097512655705,115.95,170.0,,€,in_stock,https://www.tennis-point.de/products/luxilon-eco-power-saitenrolle-200m-petrol-02756201350000
Tennis-Point,2026-06-23 11:55:32,strings,unisex,Wilson,Revolve Saitenrolle 200m-Grau,1.25 mm,00887768277727,109.95,170.0,,€,in_stock,https://www.tennis-point.de/products/wilson-revolve-saitenrolle-200m-grau-00753002001000
Tennis-Point,2026-06-23 11:55:40,strings,unisex,Wilson,Revolve Saitenrolle 200m-Weiß,1.25 mm,00887768140120,115.95,170.0,,€,in_stock,https://www.tennis-point.de/products/wilson-revolve-saitenrolle-200m-weiss-00753002002000
Tennis-Point,2026-06-23 11:56:03,strings,unisex,Yonex,Poly Tour Fire Saitenrolle 200m-Rot,1.25 mm,4549317433898,129.95,229.9,,€,out_of_stock,https://www.tennis-point.de/products/yonex-poly-tour-fire-saitenrolle-200m-rot-01953101226000
Tennis-Point,2026-06-23 11:56:44,strings,unisex,Head,Lynx Tour Reel Saitenrolle 200m-Orange,1.25 mm,724794057513,99.95,150.0,,€,in_stock,https://www.tennis-point.de/products/head-lynx-tour-reel-saitenrolle-200m-orange-00655402320000
Tennis-Point,2026-06-23 11:57:14,strings,unisex,Head,Hawk Saitenrolle 200m-Weiß,1.25 mm,0726423882398,133.95,200.0,,€,in_stock,https://www.tennis-point.de/products/head-hawk-saitenrolle-200m-weiss-00652602256000
Tennis-Point,2026-06-23 12:02:45,strings,unisex,Wilson,Revolve Saitenrolle 200m-Orange,1.25 mm,00887768318024,115.95,170.0,,€,in_stock,https://www.tennis-point.de/products/wilson-revolve-saitenrolle-200m-orange-00753002000000
Tennis-Point,2026-06-23 12:02:53,strings,unisex,Wilson,Sensation Saitenrolle 200m-Nude,1.25 mm,00887768140229,94.95,140.0,,€,in_stock,https://www.tennis-point.de/products/wilson-sensation-saitenrolle-200m-nude-00752601971000
Tennis-Point,2026-06-23 12:03:07,strings,unisex,Head,Velocity MLT Saitenrolle 200m-Nude,1.25 mm,0726424106585,86.95,130.0,,€,in_stock,https://www.tennis-point.de/products/head-velocity-mlt-saitenrolle-200m-nude-00653002268000
Tennis-Point,2026-06-23 12:03:42,strings,unisex,Solinco,Confidential Soft  Saitenrolle 200m - pink,1.25 mm,812753017897,124.95,185.0,,€,in_stock,https://www.tennis-point.de/products/solinco-confidential-soft-saitenrolle-200m-pink-p0000007710201
Tennis-Point,2026-06-23 12:03:51,strings,unisex,Solinco,Hyper-G Soft Saitenrolle 200m-Grün,1.25 mm,812753013370,119.95,185.0,,€,in_stock,https://www.tennis-point.de/products/solinco-hyper-g-soft-saitenrolle-200m-gruen-05556001234000
Tennis-Point,2026-06-23 12:04:07,strings,unisex,Head,Lynx Tour Reel Saitenrolle 200m-Nude,1.25 mm,0724794245880,99.95,150.0,,€,in_stock,https://www.tennis-point.de/products/head-lynx-tour-reel-saitenrolle-200m-nude-00655002306000
Tennis-Point,2026-06-23 12:04:17,strings,unisex,Wilson,Revolve Spin Saitenrolle 200m-Schwarz,1.25 mm,00887768515409,121.95,180.0,,€,in_stock,https://www.tennis-point.de/products/wilson-revolve-spin-saitenrolle-200m-schwarz-00753802013000
Tennis-Point,2026-06-23 12:04:30,strings,unisex,Luxilon,Element Bronze Saitenrolle 200m-Bronze,1.25 mm,00887768269586,183.95,270.0,,€,in_stock,https://www.tennis-point.de/products/luxilon-element-bronze-saitenrolle-200m-bronze-02753101292000
Tennis-Point,2026-06-23 12:04:49,strings,unisex,Solinco,Tour Bite Soft Saitenrolle 200m-Silber,1.25 mm,812753011949,119.95,185.0,,€,in_stock,https://www.tennis-point.de/products/solinco-tour-bite-soft-saitenrolle-200m-silber-05552201220000
Tennis-Point,2026-06-23 12:04:58,strings,unisex,Solinco,Confidential Saitenrolle 200m-Schwarz,1.25 mm,812753013455,119.95,185.0,,€,in_stock,https://www.tennis-point.de/products/solinco-confidential-saitenrolle-200m-schwarz-05555001232000
Tennis-Point,2026-06-23 12:05:26,strings,unisex,Head,Lynx Saitenrolle 200m-Anthrazit,1.25 mm,0726423942306,99.95,150.0,,€,in_stock,https://www.tennis-point.de/products/head-lynx-saitenrolle-200m-anthrazit-00652802261000
Tennis-Point,2026-06-23 12:05:35,strings,unisex,Head,Sonic Pro Saitenrolle 200m-Schwarz,1.25 mm,0726423275367,66.95,100.0,,€,in_stock,https://www.tennis-point.de/products/head-sonic-pro-saitenrolle-200m-schwarz-00650002204000
Tennis-Point,2026-06-23 12:05:44,strings,unisex,Head,Lynx Tour Reel Saitenrolle 200m-Grau,1.25 mm,724794338629,99.95,150.0,,€,in_stock,https://www.tennis-point.de/products/head-lynx-tour-reel-saitenrolle-200m-grau-00655102308000
Tennis-Point,2026-06-23 12:06:05,strings,unisex,Solinco,Tour Bite Saitenrolle 200m-Silber,1.25 mm,812753010287,119.95,185.0,,€,in_stock,https://www.tennis-point.de/products/solinco-tour-bite-saitenrolle-200m-silber-05550201206000
Tennis-Point,2026-06-23 12:06:24,strings,unisex,Head,Hawk Touch  Saitenrolle 200m - anthrazit,1.25 mm,724794328934,133.95,200.0,,€,in_stock,https://www.tennis-point.de/products/head-hawk-touch-saitenrolle-200m-anthrazit-00655402318000
Tennis-Point,2026-06-23 12:06:31,strings,unisex,Yonex,Pro Poly Tour Pro Saitenrolle 200m-Blau,1.25 mm,4550086615392,121.95,169.95,,€,out_of_stock,https://www.tennis-point.de/products/yonex-pro-poly-tour-pro-saitenrolle-200m-blau-01955001250000
Tennis-Point,2026-06-23 12:06:37,strings,unisex,Head,Lynx Tour Reel Saitenrolle 200m-Schwarz,1.25 mm,724794482377,99.95,150.0,,€,in_stock,https://www.tennis-point.de/products/head-lynx-tour-reel-saitenrolle-200m-schwarz-00656202339000
Tennis-Point,2026-06-23 12:06:46,strings,unisex,Luxilon,Alu Power Saitenrolle 200m-Silber,1.25 mm,00851589000208,228.95,330.0,,€,in_stock,https://www.tennis-point.de/products/luxilon-alu-power-saitenrolle-200m-silber-02750001216000
Tennis-Point,2026-06-23 12:07:01,strings,unisex,Luxilon,Adrenaline Century20 Saitenrolle 200m (Special Edition)-Schwarz,1.25 mm,0097512412810,149.95,219.95,,€,in_stock,https://www.tennis-point.de/products/luxilon-adrenaline-century20-saitenrolle-200m-special-edition-schwarz-02754601325000
Tennis-Point,2026-06-23 12:07:12,strings,unisex,Solinco,Hyper-G Saitenrolle 200m-Grün,1.25 mm,812753012359,119.95,185.0,,€,in_stock,https://www.tennis-point.de/products/solinco-hyper-g-saitenrolle-200m-gruen-05553501228000
